Åsê¢äEÅt  Åyåéï ÅzÅ@ÅiíPà ÅFêÁâ~Åj ,,
WORLD  Monthly Data  (a thousand yen) ,,
Years/Months,Exp-Total,Imp-Total
,,
1979/01,1192541404 ,1476341312 
1979/02,1547063623 ,1474768659 
1979/03,1924706473 ,1729013255 
1979/04,1674210856 ,1754000207 
1979/05,1795127553 ,1971518433 
1979/06,1906294090 ,1853721295 
1979/07,1935032403 ,1986026408 
1979/08,1796769263 ,2158098399 
1979/09,2054736017 ,2219514437 
1979/10,2005656869 ,2321751345 
1979/11,2049252162 ,2575911451 
1979/12,2650148146 ,2724685796 
1980/01,1656296623 ,2481133182 
1980/02,2303865000 ,2640281329 
1980/03,2654692011 ,2923286343 
1980/04,2534739838 ,3043068166 
1980/05,2493538171 ,2947129058 
1980/06,2434691410 ,2664607864 
1980/07,2494998910 ,2708450217 
1980/08,2336083457 ,2518178397 
1980/09,2552830654 ,2361417575 
1980/10,2500763213 ,2566351507 
1980/11,2348824280 ,2398691353 
1980/12,3071148371 ,2742730211 
1981/01,1924829698 ,2436757507 
1981/02,2463851338 ,2402823451 
1981/03,2902529112 ,2686901614 
1981/04,2724555854 ,2630290769 
1981/05,2748372242 ,2747244157 
1981/06,2856838988 ,2528896461 
1981/07,3083290251 ,2740427146 
1981/08,2784280334 ,2610328188 
1981/09,3028395082 ,2496569032 
1981/10,3093467662 ,2607635841 
1981/11,2692445296 ,2730890764 
1981/12,3166128645 ,2845380811 
1982/01,2283708502 ,2691722394 
1982/02,2704303626 ,2622626491 
1982/03,3195742140 ,2992563146 
1982/04,3032135254 ,2910765044 
1982/05,2750030458 ,2642918484 
1982/06,2862327713 ,2453845870 
1982/07,3060166486 ,2734093071 
1982/08,2684480947 ,2689212129 
1982/09,3009790237 ,2597464133 
1982/10,2974059071 ,2715398623 
1982/11,2740979399 ,2857013201 
1982/12,3134777114 ,2748679988 
1983/01,2134195274 ,2543989927 
1983/02,2616327639 ,2282630898 
1983/03,3068920520 ,2586177655 
1983/04,2912037421 ,2427965036 
1983/05,2738407179 ,2315782170 
1983/06,2935410242 ,2469544895 
1983/07,3029505276 ,2345169751 
1983/08,2823995709 ,2416612821 
1983/09,3129731941 ,2544967322 
1983/10,3032322397 ,2551913119 
1983/11,2907639368 ,2627864029 
1983/12,3580775633 ,2902166433 
1984/01,2384138917 ,2580731324 
1984/02,3098050444 ,2588307479 
1984/03,3556941250 ,2830472023 
1984/04,3251541878 ,2552002164 
1984/05,3256291685 ,2830817820 
1984/06,3417768073 ,2488283864 
1984/07,3535860561 ,2775653157 
1984/08,3244304955 ,2974007963 
1984/09,3559646133 ,2466773743 
1984/10,3679814216 ,2793024279 
1984/11,3410119351 ,2655503704 
1984/12,3930816238 ,2785549120 
1985/01,2794824956 ,2670558409 
1985/02,3320609123 ,2716385467 
1985/03,3782761250 ,2952695224 
1985/04,3782513662 ,2955293888 
1985/05,3628603287 ,2779373225 
1985/06,3613987776 ,2358461000 
1985/07,3758852479 ,2632696947 
1985/08,3297916779 ,2467121341 
1985/09,3534090591 ,2434282481 
1985/10,3560071330 ,2585856829 
1985/11,3242038345 ,2240486096 
1985/12,3639389893 ,2291724300 
1986/01,2583556595 ,2203498166 
1986/02,2913062394 ,2154567575 
1986/03,3177078112 ,1976378417 
1986/04,3173289742 ,1948294612 
1986/05,2987945773 ,1734934010 
1986/06,2957283036 ,1715408102 
1986/07,3075530691 ,1744959513 
1986/08,2609168170 ,1450209369 
1986/09,2947637644 ,1562874173 
1986/10,2952599460 ,1754054801 
1986/11,2711950593 ,1524772776 
1986/12,3200611677 ,1780765556 
1987/01,2362312083 ,1685555813 
1987/02,2634787086 ,1544317465 
1987/03,2963278213 ,1728582530 
1987/04,2863059167 ,1758296866 
1987/05,2605678477 ,1706526592 
1987/06,2684611970 ,1742155936 
1987/07,2942171833 ,1915145230 
1987/08,2655157654 ,1878906619 
1987/09,2909789669 ,1849573301 
1987/10,2985539820 ,2004705252 
1987/11,2618788807 ,1965227338 
1987/12,3090016604 ,1957919731 
1988/01,2187613965 ,1796164853 
1988/02,2602963105 ,1927670914 
1988/03,2922510217 ,1963965033 
1988/04,2825634638 ,1971996284 
1988/05,2575860023 ,1928914302 
1988/06,2761695856 ,2016621821 
1988/07,3039379123 ,2097989785 
1988/08,2775566970 ,2113415332 
1988/09,3109455598 ,2068934053 
1988/10,3094537899 ,2088890851 
1988/11,2841871801 ,2020461335 
1988/12,3202093963 ,2011295296 
1989/01,2436919848 ,2024444396 
1989/02,2875723988 ,1946462225 
1989/03,3392125121 ,2544696946 
1989/04,3067505097 ,2104684284 
1989/05,2907578772 ,2400801378 
1989/06,3246795217 ,2491568117 
1989/07,3319946103 ,2472457831 
1989/08,3061339138 ,2589486276 
1989/09,3529216651 ,2485380823 
1989/10,3286437743 ,2618926165 
1989/11,3150898465 ,2646520820 
1989/12,3548048483 ,2653143320 
1990/01,2698920009 ,2648894855 
1990/02,3189896457 ,2468818441 
1990/03,3876411321 ,2823489159 
1990/04,3444506468 ,2887652595 
1990/05,3380060080 ,2899544419 
1990/06,3624006217 ,2604347613 
1990/07,3625666385 ,2822566286 
1990/08,3339566914 ,2830271046 
1990/09,3685930278 ,2711024287 
1990/10,3572949481 ,3142903612 
1990/11,3302264729 ,3015229249 
1990/12,3716761335 ,3000466076 
1991/01,2951341099 ,2827441144 
1991/02,3270447564 ,2608426257 
1991/03,3961490693 ,2821264514 
1991/04,3315886709 ,2449686339 
1991/05,3370218632 ,2794954173 
1991/06,3538799084 ,2529928197 
1991/07,3692837249 ,2778148908 
1991/08,3397923866 ,2616963288 
1991/09,3762273475 ,2450567764 
1991/10,3748619780 ,2799973754 
1991/11,3533219736 ,2697824120 
1991/12,3816835087 ,2524975064 
1992/01,3021436725 ,2546349846 
1992/02,3529202937 ,2248489560 
1992/03,3969328400 ,2532558620 
1992/04,3627117687 ,2679644816 
1992/05,3368799562 ,2347768380 
1992/06,3599633739 ,2456025147 
1992/07,3706451371 ,2548003326 
1992/08,3318396801 ,2429167268 
1992/09,3929782656 ,2431192336 
1992/10,3760352345 ,2447708909 
1992/11,3351736387 ,2419442120 
1992/12,3830042834 ,2441069032 
1993/01,3012474007 ,2357365563 
1993/02,3461521719 ,2157311473 
1993/03,4086569506 ,2510348134 
1993/04,3528825964 ,2349806884 
1993/05,2986793554 ,2124148119 
1993/06,3288531601 ,2224456750 
1993/07,3487536565 ,2207051486 
1993/08,2930742070 ,2147567439 
1993/09,3481724569 ,2173181801 
1993/10,3319377470 ,2161844659 
1993/11,3063491754 ,2265071063 
1993/12,3554859946 ,2148203868 
1994/01,2906853119 ,2228338869 
1994/02,3224979018 ,2041913309 
1994/03,3839527713 ,2378333198 
1994/04,3438461872 ,2280632270 
1994/05,2900692807 ,2226359910 
1994/06,3516450964 ,2334820673 
1994/07,3431702395 ,2213499422 
1994/08,3117149441 ,2512787936 
1994/09,3587752468 ,2401458244 
1994/10,3427748093 ,2512406524 
1994/11,3354563966 ,2521965933 
1994/12,3751670841 ,2451811055 
1995/01,2718873316 ,2443974354 
1995/02,3494689171 ,2373411995 
1995/03,4010591913 ,2715686031 
1995/04,3467655124 ,2538872628 
1995/05,2981503555 ,2394514680 
1995/06,3413587882 ,2424017789 
1995/07,3257376723 ,2448986996 
1995/08,3194975552 ,2659839489 
1995/09,3817619284 ,2699229046 
1995/10,3560529834 ,3020078500 
1995/11,3604797728 ,2931170209 
1995/12,4008695039 ,2898972164 
1996/01,3027419286 ,2964494500 
1996/02,3624731544 ,2979873662 
1996/03,4110540460 ,2992906469 
1996/04,3644667863 ,3329344233 
1996/05,3405943420 ,3176845485 
1996/06,3662995373 ,2931366058 
1996/07,3826022690 ,3325555642 
1996/08,3454298031 ,3106848451 
1996/09,3874539603 ,3097268158 
1996/10,3962383286 ,3500241833 
1996/11,3968525041 ,3298353186 
1996/12,4169244609 ,3290323429 
1997/01,3541320217 ,3565800750 
1997/02,3990395939 ,3309676030 
1997/03,4540249607 ,3740037814 
1997/04,4426958490 ,3619788314 
1997/05,4102664493 ,3370685627 
1997/06,4119575002 ,3160161585 
1997/07,4281189565 ,3442090633 
1997/08,3936129775 ,3217064124 
1997/09,4423516871 ,3359985804 
1997/10,4645993381 ,3540083612 
1997/11,4224847644 ,3162284761 
1997/12,4705150875 ,3468523519 
1998/01,3859903993 ,3453338979 
1998/02,4094048440 ,2816798387 
1998/03,4591211719 ,3350661726 
1998/04,4346653587 ,3124009126 
1998/05,4042302154 ,2824213082 
1998/06,4346411506 ,3132921136 
1998/07,4561303764 ,3251096504 
1998/08,4014009880 ,3123044847 
1998/09,4596562432 ,3054992321 
1998/10,4381385777 ,3015404845 
1998/11,3679159642 ,2788936281 
1998/12,4132051044 ,2718229949 
1999/01,3450558739 ,2696581738 
1999/02,3593228534 ,2662082497 
1999/03,4305720229 ,3002238643 
1999/04,4023570532 ,2986604714 
1999/05,3561098110 ,2741014122 
1999/06,4086833418 ,2924476179 
1999/07,4219760216 ,2977241777 
1999/08,3736971556 ,3039850528 
1999/09,4270431731 ,2895532232 
1999/10,4132708510 ,2963671008 
1999/11,3889473734 ,3226216496 
1999/12,4277200932 ,3152498129 
2000/01,3512721254 ,2992192350 
2000/02,4136816214 ,2957534578 
2000/03,4700061682 ,3594783576 
2000/04,4377801174 ,3236988257 
2000/05,3851459857 ,3276435493 
2000/06,4487227124 ,3294590458 
2000/07,4313204396 ,3312744506 
2000/08,4204857926 ,3598579064 
2000/09,4679180275 ,3386040037 
2000/10,4476240990 ,3787235915 
2000/11,4283071028 ,3687485623 
2000/12,4631555840 ,3813813111 
2001/01,3623926991 ,3722447077 
2001/02,4197397479 ,3321682161 
2001/03,4919317571 ,4011328312 
2001/04,4329641863 ,3668723105 
2001/05,3815616144 ,3739635172 
2001/06,4138701218 ,3379705890 
2001/07,4037119145 ,3619999731 
2001/08,3829973960 ,3520153767 
2001/09,4162910770 ,3119888096 
2001/10,4073627215 ,3612558913 
2001/11,3889579298 ,3397419893 
2001/12,3961432657 ,3301990885 
2002/01,3559469049 ,3389439054 
2002/02,4021653229 ,3244348010 
2002/03,4773067920 ,3515208354 
2002/04,4400810114 ,3573629714 
2002/05,4152221300 ,3535013417 
2002/06,4430440263 ,3209513349 
2002/07,4396515316 ,3651637631 
2002/08,4068125399 ,3428898494 
2002/09,4449754036 ,3398715832 
2002/10,4649559510 ,3757629587 
2002/11,4639711272 ,3750093576 
2002/12,4567628327 ,3773378927 
2003/01,3841450944 ,3745323180 
2003/02,4324756091 ,3397573362 
2003/03,4806134773 ,3845694609 
2003/04,4608993190 ,3780476829 
2003/05,4301341249 ,3612061805 
2003/06,4428450197 ,3590678652 
2003/07,4643177851 ,3854003867 
2003/08,4329863776 ,3551402162 
2003/09,4858550901 ,3760791874 
2003/10,4900483442 ,3830868789 
2003/11,4547423083 ,3557493736 
2003/12,4957724675 ,3835654487 
2004/01,4274217072 ,3785937084 
2004/02,4767653991 ,3371976820 
2004/03,5442413651 ,4323834658 
2004/04,5106308596 ,4031562860 
2004/05,4729667988 ,3793552714 
2004/06,5289194812 ,4148621116 
2004/07,5307465560 ,4178830575 
2004/08,4785482153 ,4212543255 
2004/09,5445803712 ,4232570452 
2004/10,5472011536 ,4317953930 
2004/11,5155195150 ,4557901734 
2004/12,5394564873 ,4261351148 
2005/01,4411409724 ,4223237785 
2005/02,4846300703 ,3762243525 
2005/03,5776009924 ,4665412271 
2005/04,5504325510 ,4556789013 
2005/05,4795218354 ,4510471065 
2005/06,5478184130 ,4619861311 
2005/07,5536780403 ,4674822852 
2005/08,5219992808 ,5117418084 
2005/09,5927109293 ,4978514768 
2005/10,5910577029 ,5092710633 
2005/11,5913569829 ,5319153065 
2005/12,6337066450 ,5428757809 
2006/01,5003670510 ,5398061522 
2006/02,5849493549 ,4939724360 
2006/03,6814169239 ,5875007216 
2006/04,6128869787 ,5518229259 
2006/05,5703411640 ,5347092349 
2006/06,6270737656 ,5470998164 
2006/07,6320652373 ,5469541956 
2006/08,6140483896 ,5948717914 
2006/09,6828440999 ,5821682055 
2006/10,6597470698 ,5984091333 
2006/11,6629634482 ,5721671318 
2006/12,6959138563 ,5849475626 
2007/01,5952671779 ,5950876333 
2007/02,6416106967 ,5454625525 
2007/03,7512966598 ,5910344170 
2007/04,6633504327 ,5730446967 
2007/05,6567848343 ,6172301857 
2007/06,7286038674 ,6040084531 
2007/07,7063106295 ,6381147551 
2007/08,7034674469 ,6291025502 
2007/09,7255475808 ,5646800569 
2007/10,7506492548 ,6507053382 
2007/11,7268584026 ,6484190687 
2007/12,7433967778 ,6567023353 
2008/01,6408322709 ,6514634706 
2008/02,6973674679 ,6037854109 
2008/03,7681691634 ,6585510054 
2008/04,6889454205 ,6430726617 
2008/05,6806770184 ,6465660628 
2008/06,7152136890 ,7048036399 
2008/07,7624498933 ,7542581725 
2008/08,7051439164 ,7365671561 
2008/09,7361301985 ,7270331565 
2008/10,6914810591 ,6990024853 
2008/11,5323503329 ,5551007837 
2008/12,4830483304 ,5152709872 
2009/01,3477825156 ,4445761560 
2009/02,3529575459 ,3458727747 
2009/03,4183794290 ,4189201290 
2009/04,4194707904 ,4145719899 
2009/05,4019951604 ,3738560178 
2009/06,4594409653 ,4107418232 
2009/07,4843000548 ,4477332505 
2009/08,4509804115 ,4344586189 
2009/09,5109385524 ,4591756385 
2009/10,5308318725 ,4508259352 
2009/11,4988162904 ,4622905877 
2009/12,5411678206 ,4869148565 
2010/01,4900888348 ,4857806000 
2010/02,5127147354 ,4488869743 
2010/03,6000424097 ,5068488946 
2010/04,5889744011 ,5160502871 
2010/05,5308604342 ,4999477334 
2010/06,5867219926 ,5196697325 
2010/07,5981905101 ,5197294412 
2010/08,5209756988 ,5146004474 
2010/09,5839634979 ,5065320646 
2010/10,5722496396 ,4909868795 
2010/11,5439804284 ,5282183737 
2010/12,6112000870 ,5392442557 
2011/01,4970132453 ,5467290509 
2011/02,5589021184 ,4952034123 
2011/03,5858517149 ,5687586976 
2011/04,5156647982 ,5634385487 
2011/05,4759297307 ,5619981014 
2011/06,5774613169 ,5710161489 
2011/07,5781762864 ,5712022895 
2011/08,5355680930 ,6133136275 
2011/09,5973818770 ,5685046014 
2011/10,5506927685 ,5789941379 
2011/11,5196173431 ,5887410169 
2011/12,5623882024 ,5832190848 
2012/01,4513664053 ,6004339387 
2012/02,5442624486 ,5416730067 
2012/03,6203393875 ,6285229378 
2012/04,5564898273 ,6083326364 
2012/05,5236857826 ,6144789157 
2012/06,5641846688 ,5585766131 
2012/07,5312210774 ,5840761453 
2012/08,5044405366 ,5812840641 
2012/09,5357933278 ,5926127300 
2012/10,5148010964 ,5704206359 
2012/11,4983179710 ,5940220307 
2012/12,5298546922 ,5944295296 
2013/01,4798572969 ,6431690300 
2013/02,5283269206 ,6056595376 
2013/03,6270249121 ,6627146258 
2013/04,5775769697 ,6653135490 
2013/05,5765204286 ,6756525758 
2013/06,6058610664 ,6239138183 
2013/07,5958497443 ,6990953628 
2013/08,5782109839 ,6753518084 
2013/09,5970950368 ,6914199468 
2013/10,6102969356 ,7203395761 
2013/11,5898811957 ,7199902106 
2013/12,6109178044 ,7416344759 
2014/01,5251917032 ,8047032407 
2014/02,5799170057 ,6605298925 
2014/03,6383275508 ,7833411545 
2014/04,6067182159 ,6892709161 
2014/05,5606008757 ,6523232141 
2014/06,5940015772 ,6774072891 
2014/07,6191917647 ,7158457838 
2014/08,5704817472 ,6658032030 
2014/09,6382087103 ,7344068242 
2014/10,6687313504 ,7429072288 
2014/11,6187518807 ,7086339814 
2014/12,6891804493 ,7557385451 
2015/01,6140891682 ,7301351693 
2015/02,5940749046 ,6366783655 
2015/03,6926741388 ,6703279125 
2015/04,6548769906 ,6607111017 
2015/05,5737870695 ,5953220724 
2015/06,6504696538 ,6565599276 
2015/07,6662871116 ,6924262173 
2015/08,5880185443 ,6447725756 
2015/09,6413303277 ,6534588011 
2015/10,6541289708 ,6436503596 
2015/11,5978713942 ,6366212005 
2015/12,6337846121 ,6198898762 
2016/01,5350536491 ,6007540986 
2016/02,5702255866 ,5466799066 
2016/03,6456793157 ,5711906613 
2016/04,5889551488 ,5078292155 
2016/05,5091944315 ,5139283453 
2016/06,6025343551 ,5338872520 
2016/07,5728432781 ,5223907982 
2016/08,5316393212 ,5351016726 
2016/09,5968949205 ,5482362445 
2016/10,5870245657 ,5389091497 
2016/11,5956403435 ,5809884502 
2016/12,6678921225 ,6043015940 
2017/01,5420942231 ,6525955196 
2017/02,6347122559 ,5542596765 
2017/03,7227998277 ,6624525130 
2017/04,6330189902 ,5851936101 
2017/05,5851616236 ,6056015370 
2017/06,6607970983 ,6174724923 
2017/07,6494640256 ,6088017434 
2017/08,6278485972 ,6181724203 
2017/09,6810697106 ,6156869043 
2017/10,6692904349 ,6414349975 
2017/11,6920011796 ,6814819280 
2017/12,7303877381 ,6947697687 
2018/01,6085961928 ,7049774500 
2018/02,6462796270 ,6476651298 
2018/03,7382097114 ,6597896496 
2018/04,6822277991 ,6201319041 
2018/05,6326873106 ,6904236053 
2018/06,7053834838 ,6326051061 
2018/07,6747929534 ,6975313401 
2018/08,6687800164 ,7135886370 
2018/09,6716828606 ,6592719966 
2018/10,7243462777 ,7699726891 
2018/11,6927096583 ,7666199894 
2018/12,7021793763 ,7077529424 
2019/01,5574422796 ,6998477150 
2019/02,6385419289 ,6056654309 
2019/03,7202147128 ,6684855302 
2019/04,6664294468 ,6605306456 
2019/05,5837841427 ,6803248902 
2019/06,6585086798 ,5996977351 
2019/07,6643459913 ,6897340870 
2019/08,6138719941 ,6290930402 
2019/09,6368995881 ,6498069405 
2019/10,6576171779 ,6565009115 
2019/11,6379008038 ,6467394442 
2019/12,6576097457 ,6735246247 
2020/01,5432348012 ,6747750234 
2020/02,6319700664 ,5209974677 
2020/03,6357067568 ,6355178684 
2020/04,5204911275 ,6150406963 
2020/05,4185564654 ,5055394444 
2020/06,4860301956 ,5163528428 
2020/07,5368018396 ,5400759788 
2020/08,5233082121 ,5017029756 
2020/09,6053799683 ,5401466783 
2020/10,6564757473 ,5723961785 
2020/11,6113035528 ,5787125925 
2020/12,6706533717 ,5998254122 
2021/01,5779506317 ,6150160389 
2021/02,6038347717 ,5871044739 
2021/03,7377555214 ,6767712698 
2021/04,7180252387 ,6962383659 
2021/05,6260587223 ,6478439324 
2021/06,7223788223 ,6862596095 
2021/07,7354679265 ,6926264153 
2021/08,6604917929 ,7268354141 
2021/09,6840511414 ,7489454967 
2021/10,7183224055 ,7273940522 
2021/11,7366962876 ,8340520151 
2021/12,7881087673 ,8484173753 
2022/01,6330278498 ,8580007859 
2022/02,7188936731 ,7926547995 
2022/03,8458470235 ,8950510506 
2022/04,8075341574 ,8963527893 
2022/05,7250949108 ,9654188756 
2022/06,8613709671 ,10014752153 
2022/07,8752791678 ,10232625175 
2022/08,8060539330 ,10851594137 
2022/09,8817639811 ,10942935221 
2022/10,9001316536 ,11207259741 
2022/11,8836797015 ,10894434759 
2022/12,8786841902 ,10284768584 
2023/01,6550040527 ,10088901070 
2023/02,7654026140 ,8595722573 
2023/03,8823048792 ,9578245454 
2023/04,8290864372 ,8752958178 
2023/05,7291799482 ,8679903430 
2023/06,8740792479 ,8705415253 
2023/07,8724068727 ,8792069575 
2023/08,7994246865 ,8946448802 
2023/09,9198635730 ,9165554119 
2023/10,9145149908 ,9848009171 
2023/11,8817953068 ,9631822392 
2023/12,9642422951 ,9610069313 
2024/01,7332641295 ,9124867450 
2024/02,8248911081 ,8679142790 
2024/03,9474897787 ,9130967655 
2024/04,8979608519 ,9494962637 
2024/05,8277289832 ,9507156357 
2024/06,9208858036 ,8993426587 
2024/07,9611593737 ,10252075231 
2024/08,8432503763 ,9178119349 
2024/09,9036860989 ,9370434757 
2024/10,9425707573 ,9925658004 
2024/11,9152002655 ,9272812248 
2024/12,9906635820 ,9786337874 
2025/01,7864845132 ,10623510930 
2025/02,9189794911 ,8630614262 
2025/03,9851552372 ,9321743082 
2025/04,9149897735 ,9299420172 
2025/05,8129542157 ,8792010790 
2025/06,9162327119 ,9040057105 
2025/07,9344798663 ,9501082798 
2025/08,8420077972 ,8714167807 
2025/09,9404854145 ,9682557340 
2025/10,9766185280 ,10009095355 
2025/11,9708885255 ,9402894231 
2025/12,10407693941 ,10312944950 
2026/01,9185075620 ,10350879966 
2026/02,9559614454 ,9523046345 
2026/03,10981365626 ,10350131403 
2026/04,10506425454 ,10224099873 
2026/05,9499093475 ,9894202774 
2026/06,10926534582 ,11338792315 
2026/07,11509373578 ,12147718419 
2026/08,0 ,0 
2026/09,0 ,0 
2026/10,0 ,0 
2026/11,0 ,0 
2026/12,0 ,0 
