series,imex,area,code,name,yyyymm,value_jpy_k,quantity,retrieved_at
world_monthly_total,E,,,,1979-01,1476341312,,2026-09-02
world_monthly_total,E,,,,1979-02,1547063623,,2026-09-02
world_monthly_total,E,,,,1979-03,1924706473,,2026-09-02
world_monthly_total,E,,,,1979-04,1754000207,,2026-09-02
world_monthly_total,E,,,,1979-05,1971518433,,2026-09-02
world_monthly_total,E,,,,1979-06,1906294090,,2026-09-02
world_monthly_total,E,,,,1979-07,1986026408,,2026-09-02
world_monthly_total,I,,,,1979-08,2158098399,,2026-09-02
world_monthly_total,I,,,,1979-09,2219514437,,2026-09-02
world_monthly_total,I,,,,1979-10,2321751345,,2026-09-02
world_monthly_total,I,,,,1979-11,2575911451,,2026-09-02
world_monthly_total,I,,,,1979-12,2724685796,,2026-09-02
world_monthly_total,I,,,,1980-01,2481133182,,2026-09-02
world_monthly_total,I,,,,1980-02,2640281329,,2026-09-02
world_monthly_total,I,,,,1980-03,2923286343,,2026-09-02
world_monthly_total,,,,,1980-04,3043068166,,2026-09-02
world_monthly_total,I,,,,1980-05,2947129058,,2026-09-02
world_monthly_total,I,,,,1980-06,2664607864,,2026-09-02
world_monthly_total,I,,,,1980-07,2708450217,,2026-09-02
world_monthly_total,I,,,,1980-08,2518178397,,2026-09-02
world_monthly_total,I,,,,1980-09,2552830654,,2026-09-02
world_monthly_total,I,,,,1980-10,2566351507,,2026-09-02
world_monthly_total,I,,,,1980-11,2398691353,,2026-09-02
world_monthly_total,I,,,,1980-12,3071148371,,2026-09-02
world_monthly_total,I,,,,1981-01,2436757507,,2026-09-02
world_monthly_total,I,,,,1981-02,2463851338,,2026-09-02
world_monthly_total,I,,,,1981-03,2902529112,,2026-09-02
world_monthly_total,I,,,,1981-04,2724555854,,2026-09-02
world_monthly_total,I,,,,1981-05,2748372242,,2026-09-02
world_monthly_total,I,,,,1981-06,2856838988,,2026-09-02
world_monthly_total,I,,,,1981-07,3083290251,,2026-09-02
world_monthly_total,I,,,,1981-08,2784280334,,2026-09-02
world_monthly_total,I,,,,1981-09,3028395082,,2026-09-02
world_monthly_total,I,,,,1981-10,3093467662,,2026-09-02
world_monthly_total,I,,,,1981-11,2730890764,,2026-09-02
world_monthly_total,I,,,,1981-12,3166128645,,2026-09-02
world_monthly_total,I,,,,1982-01,2691722394,,2026-09-02
world_monthly_total,I,,,,1982-02,2704303626,,2026-09-02
world_monthly_total,I,,,,1982-03,3195742140,,2026-09-02
world_monthly_total,I,,,,1982-04,3032135254,,2026-09-02
world_monthly_total,I,,,,1982-05,2750030458,,2026-09-02
world_monthly_total,I,,,,1982-06,2862327713,,2026-09-02
world_monthly_total,I,,,,1982-07,3060166486,,2026-09-02
world_monthly_total,I,,,,1982-08,2689212129,,2026-09-02
world_monthly_total,I,,,,1982-09,3009790237,,2026-09-02
world_monthly_total,I,,,,1982-10,2974059071,,2026-09-02
world_monthly_total,I,,,,1982-11,2857013201,,2026-09-02
world_monthly_total,I,,,,1982-12,3134777114,,2026-09-02
world_monthly_total,I,,,,1983-01,2543989927,,2026-09-02
world_monthly_total,I,,,,1983-02,2616327639,,2026-09-02
world_monthly_total,I,,,,1983-03,3068920520,,2026-09-02
world_monthly_total,I,,,,1983-04,2912037421,,2026-09-02
world_monthly_total,I,,,,1983-05,2738407179,,2026-09-02
world_monthly_total,I,,,,1983-06,2935410242,,2026-09-02
world_monthly_total,I,,,,1983-07,3029505276,,2026-09-02
world_monthly_total,I,,,,1983-08,2823995709,,2026-09-02
world_monthly_total,I,,,,1983-09,3129731941,,2026-09-02
world_monthly_total,I,,,,1983-10,3032322397,,2026-09-02
world_monthly_total,I,,,,1983-11,2907639368,,2026-09-02
world_monthly_total,I,,,,1983-12,3580775633,,2026-09-02
world_monthly_total,I,,,,1984-01,2580731324,,2026-09-02
world_monthly_total,I,,,,1984-02,3098050444,,2026-09-02
world_monthly_total,I,,,,1984-03,3556941250,,2026-09-02
world_monthly_total,I,,,,1984-04,3251541878,,2026-09-02
world_monthly_total,I,,,,1984-05,3256291685,,2026-09-02
world_monthly_total,I,,,,1984-06,3417768073,,2026-09-02
world_monthly_total,I,,,,1984-07,3535860561,,2026-09-02
world_monthly_total,I,,,,1984-08,3244304955,,2026-09-02
world_monthly_total,I,,,,1984-09,3559646133,,2026-09-02
world_monthly_total,I,,,,1984-10,3679814216,,2026-09-02
world_monthly_total,I,,,,1984-11,3410119351,,2026-09-02
world_monthly_total,I,,,,1984-12,3930816238,,2026-09-02
world_monthly_total,I,,,,1985-01,2794824956,,2026-09-02
world_monthly_total,I,,,,1985-02,3320609123,,2026-09-02
world_monthly_total,I,,,,1985-03,3782761250,,2026-09-02
world_monthly_total,I,,,,1985-04,3782513662,,2026-09-02
world_monthly_total,I,,,,1985-05,3628603287,,2026-09-02
world_monthly_total,I,,,,1985-06,3613987776,,2026-09-02
world_monthly_total,I,,,,1985-07,3758852479,,2026-09-02
world_monthly_total,I,,,,1985-08,3297916779,,2026-09-02
world_monthly_total,I,,,,1985-09,3534090591,,2026-09-02
world_monthly_total,I,,,,1985-10,3560071330,,2026-09-02
world_monthly_total,I,,,,1985-11,3242038345,,2026-09-02
world_monthly_total,I,,,,1985-12,3639389893,,2026-09-02
world_monthly_total,I,,,,1986-01,2583556595,,2026-09-02
world_monthly_total,I,,,,1986-02,2913062394,,2026-09-02
world_monthly_total,E,,,,1986-03,3177078112,,2026-09-02
world_monthly_total,E,,,,1986-04,3173289742,,2026-09-02
world_monthly_total,E,,,,1986-05,2987945773,,2026-09-02
world_monthly_total,E,,,,1986-06,2957283036,,2026-09-02
world_monthly_total,E,,,,1986-07,3075530691,,2026-09-02
world_monthly_total,E,,,,1986-08,2609168170,,2026-09-02
world_monthly_total,E,,,,1986-09,2947637644,,2026-09-02
world_monthly_total,E,,,,1986-10,2952599460,,2026-09-02
world_monthly_total,E,,,,1986-11,2711950593,,2026-09-02
world_monthly_total,E,,,,1986-12,3200611677,,2026-09-02
world_monthly_total,E,,,,1987-01,2362312083,,2026-09-02
world_monthly_total,E,,,,1987-02,2634787086,,2026-09-02
world_monthly_total,E,,,,1987-03,2963278213,,2026-09-02
world_monthly_total,E,,,,1987-04,2863059167,,2026-09-02
world_monthly_total,E,,,,1987-05,2605678477,,2026-09-02
world_monthly_total,E,,,,1987-06,2684611970,,2026-09-02
world_monthly_total,E,,,,1987-07,2942171833,,2026-09-02
world_monthly_total,E,,,,1987-08,2655157654,,2026-09-02
world_monthly_total,E,,,,1987-09,2909789669,,2026-09-02
world_monthly_total,I,,,,1987-10,2985539820,,2026-09-02
world_monthly_total,E,,,,1987-11,2618788807,,2026-09-02
world_monthly_total,E,,,,1987-12,3090016604,,2026-09-02
world_monthly_total,E,,,,1988-01,2187613965,,2026-09-02
world_monthly_total,E,,,,1988-02,2602963105,,2026-09-02
world_monthly_total,E,,,,1988-03,2922510217,,2026-09-02
world_monthly_total,E,,,,1988-04,2825634638,,2026-09-02
world_monthly_total,E,,,,1988-05,2575860023,,2026-09-02
world_monthly_total,I,,,,1988-06,2761695856,,2026-09-02
world_monthly_total,I,,,,1988-07,3039379123,,2026-09-02
world_monthly_total,I,,,,1988-08,2775566970,,2026-09-02
world_monthly_total,I,,,,1988-09,3109455598,,2026-09-02
world_monthly_total,I,,,,1988-10,3094537899,,2026-09-02
world_monthly_total,I,,,,1988-11,2841871801,,2026-09-02
world_monthly_total,I,,,,1988-12,3202093963,,2026-09-02
world_monthly_total,I,,,,1989-01,2436919848,,2026-09-02
world_monthly_total,E,,,,1989-02,2875723988,,2026-09-02
world_monthly_total,I,,,,1989-03,3392125121,,2026-09-02
world_monthly_total,I,,,,1989-04,3067505097,,2026-09-02
world_monthly_total,I,,,,1989-05,2907578772,,2026-09-02
world_monthly_total,I,,,,1989-06,3246795217,,2026-09-02
world_monthly_total,I,,,,1989-07,3319946103,,2026-09-02
world_monthly_total,I,,,,1989-08,3061339138,,2026-09-02
world_monthly_total,I,,,,1989-09,3529216651,,2026-09-02
world_monthly_total,I,,,,1989-10,3286437743,,2026-09-02
world_monthly_total,I,,,,1989-11,3150898465,,2026-09-02
world_monthly_total,I,,,,1989-12,3548048483,,2026-09-02
world_monthly_total,I,,,,1990-01,2698920009,,2026-09-02
world_monthly_total,I,,,,1990-02,3189896457,,2026-09-02
world_monthly_total,I,,,,1990-03,3876411321,,2026-09-02
world_monthly_total,I,,,,1990-04,3444506468,,2026-09-02
world_monthly_total,I,,,,1990-05,3380060080,,2026-09-02
world_monthly_total,I,,,,1990-06,3624006217,,2026-09-02
world_monthly_total,I,,,,1990-07,3625666385,,2026-09-02
world_monthly_total,I,,,,1990-08,3339566914,,2026-09-02
world_monthly_total,I,,,,1990-09,3685930278,,2026-09-02
world_monthly_total,,,,,1990-10,3572949481,,2026-09-02
world_monthly_total,,,,,1990-11,3302264729,,2026-09-02
world_monthly_total,,,,,1990-12,3716761335,,2026-09-02
world_monthly_total,I,,,,1991-01,2951341099,,2026-09-02
world_monthly_total,I,,,,1991-02,3270447564,,2026-09-02
world_monthly_total,I,,,,1991-03,3961490693,,2026-09-02
world_monthly_total,I,,,,1991-04,3315886709,,2026-09-02
world_monthly_total,I,,,,1991-05,3370218632,,2026-09-02
world_monthly_total,I,,,,1991-06,3538799084,,2026-09-02
world_monthly_total,I,,,,1991-07,3692837249,,2026-09-02
world_monthly_total,I,,,,1991-08,3397923866,,2026-09-02
world_monthly_total,I,,,,1991-09,3762273475,,2026-09-02
world_monthly_total,I,,,,1991-10,3748619780,,2026-09-02
world_monthly_total,I,,,,1991-11,3533219736,,2026-09-02
world_monthly_total,I,,,,1991-12,3816835087,,2026-09-02
world_monthly_total,I,,,,1992-01,3021436725,,2026-09-02
world_monthly_total,I,,,,1992-02,3529202937,,2026-09-02
world_monthly_total,I,,,,1992-03,3969328400,,2026-09-02
world_monthly_total,I,,,,1992-04,3627117687,,2026-09-02
world_monthly_total,I,,,,1992-05,3368799562,,2026-09-02
world_monthly_total,I,,,,1992-06,3599633739,,2026-09-02
world_monthly_total,I,,,,1992-07,3706451371,,2026-09-02
world_monthly_total,I,,,,1992-08,3318396801,,2026-09-02
world_monthly_total,I,,,,1992-09,3929782656,,2026-09-02
world_monthly_total,I,,,,1992-10,3760352345,,2026-09-02
world_monthly_total,I,,,,1992-11,3351736387,,2026-09-02
world_monthly_total,I,,,,1992-12,3830042834,,2026-09-02
world_monthly_total,I,,,,1993-01,3012474007,,2026-09-02
world_monthly_total,I,,,,1993-02,3461521719,,2026-09-02
world_monthly_total,I,,,,1993-03,4086569506,,2026-09-02
world_monthly_total,I,,,,1993-04,3528825964,,2026-09-02
world_monthly_total,I,,,,1993-05,2986793554,,2026-09-02
world_monthly_total,I,,,,1993-06,3288531601,,2026-09-02
world_monthly_total,I,,,,1993-07,3487536565,,2026-09-02
world_monthly_total,I,,,,1993-08,2930742070,,2026-09-02
world_monthly_total,I,,,,1993-09,3481724569,,2026-09-02
world_monthly_total,I,,,,1993-10,3319377470,,2026-09-02
world_monthly_total,I,,,,1993-11,3063491754,,2026-09-02
world_monthly_total,I,,,,1993-12,3554859946,,2026-09-02
world_monthly_total,I,,,,1994-01,2906853119,,2026-09-02
world_monthly_total,I,,,,1994-02,3224979018,,2026-09-02
world_monthly_total,I,,,,1994-03,3839527713,,2026-09-02
world_monthly_total,I,,,,1994-04,3438461872,,2026-09-02
world_monthly_total,I,,,,1994-05,2900692807,,2026-09-02
world_monthly_total,I,,,,1994-06,3516450964,,2026-09-02
world_monthly_total,I,,,,1994-07,3431702395,,2026-09-02
world_monthly_total,I,,,,1994-08,3117149441,,2026-09-02
world_monthly_total,I,,,,1994-09,3587752468,,2026-09-02
world_monthly_total,I,,,,1994-10,3427748093,,2026-09-02
world_monthly_total,I,,,,1994-11,3354563966,,2026-09-02
world_monthly_total,I,,,,1994-12,3751670841,,2026-09-02
world_monthly_total,I,,,,1995-01,2718873316,,2026-09-02
world_monthly_total,I,,,,1995-02,3494689171,,2026-09-02
world_monthly_total,I,,,,1995-03,4010591913,,2026-09-02
world_monthly_total,I,,,,1995-04,3467655124,,2026-09-02
world_monthly_total,I,,,,1995-05,2981503555,,2026-09-02
world_monthly_total,I,,,,1995-06,3413587882,,2026-09-02
world_monthly_total,I,,,,1995-07,3257376723,,2026-09-02
world_monthly_total,I,,,,1995-08,3194975552,,2026-09-02
world_monthly_total,I,,,,1995-09,3817619284,,2026-09-02
world_monthly_total,,,,,1995-10,3560529834,,2026-09-02
world_monthly_total,I,,,,1995-11,3604797728,,2026-09-02
world_monthly_total,I,,,,1995-12,4008695039,,2026-09-02
world_monthly_total,I,,,,1996-01,3027419286,,2026-09-02
world_monthly_total,I,,,,1996-02,3624731544,,2026-09-02
world_monthly_total,I,,,,1996-03,4110540460,,2026-09-02
world_monthly_total,,,,,1996-04,3644667863,,2026-09-02
world_monthly_total,,,,,1996-05,3405943420,,2026-09-02
world_monthly_total,I,,,,1996-06,3662995373,,2026-09-02
world_monthly_total,,,,,1996-07,3826022690,,2026-09-02
world_monthly_total,,,,,1996-08,3454298031,,2026-09-02
world_monthly_total,,,,,1996-09,3874539603,,2026-09-02
world_monthly_total,,,,,1996-10,3962383286,,2026-09-02
world_monthly_total,,,,,1996-11,3968525041,,2026-09-02
world_monthly_total,,,,,1996-12,4169244609,,2026-09-02
world_monthly_total,,,,,1997-01,3565800750,,2026-09-02
world_monthly_total,,,,,1997-02,3990395939,,2026-09-02
world_monthly_total,,,,,1997-03,4540249607,,2026-09-02
world_monthly_total,,,,,1997-04,4426958490,,2026-09-02
world_monthly_total,,,,,1997-05,4102664493,,2026-09-02
world_monthly_total,,,,,1997-06,4119575002,,2026-09-02
world_monthly_total,,,,,1997-07,4281189565,,2026-09-02
world_monthly_total,,,,,1997-08,3936129775,,2026-09-02
world_monthly_total,,,,,1997-09,4423516871,,2026-09-02
world_monthly_total,,,,,1997-10,4645993381,,2026-09-02
world_monthly_total,,,,,1997-11,4224847644,,2026-09-02
world_monthly_total,,,,,1997-12,4705150875,,2026-09-02
world_monthly_total,,,,,1998-01,3859903993,,2026-09-02
world_monthly_total,I,,,,1998-02,4094048440,,2026-09-02
world_monthly_total,,,,,1998-03,4591211719,,2026-09-02
world_monthly_total,,,,,1998-04,4346653587,,2026-09-02
world_monthly_total,I,,,,1998-05,4042302154,,2026-09-02
world_monthly_total,,,,,1998-06,4346411506,,2026-09-02
world_monthly_total,,,,,1998-07,4561303764,,2026-09-02
world_monthly_total,,,,,1998-08,4014009880,,2026-09-02
world_monthly_total,,,,,1998-09,4596562432,,2026-09-02
world_monthly_total,,,,,1998-10,4381385777,,2026-09-02
world_monthly_total,I,,,,1998-11,3679159642,,2026-09-02
world_monthly_total,I,,,,1998-12,4132051044,,2026-09-02
world_monthly_total,I,,,,1999-01,3450558739,,2026-09-02
world_monthly_total,I,,,,1999-02,3593228534,,2026-09-02
world_monthly_total,,,,,1999-03,4305720229,,2026-09-02
world_monthly_total,I,,,,1999-04,4023570532,,2026-09-02
world_monthly_total,I,,,,1999-05,3561098110,,2026-09-02
world_monthly_total,I,,,,1999-06,4086833418,,2026-09-02
world_monthly_total,I,,,,1999-07,4219760216,,2026-09-02
world_monthly_total,,,,,1999-08,3736971556,,2026-09-02
world_monthly_total,I,,,,1999-09,4270431731,,2026-09-02
world_monthly_total,I,,,,1999-10,4132708510,,2026-09-02
world_monthly_total,,,,,1999-11,3889473734,,2026-09-02
world_monthly_total,,,,,1999-12,4277200932,,2026-09-02
world_monthly_total,I,,,,2000-01,3512721254,,2026-09-02
world_monthly_total,I,,,,2000-02,4136816214,,2026-09-02
world_monthly_total,,,,,2000-03,4700061682,,2026-09-02
world_monthly_total,,,,,2000-04,4377801174,,2026-09-02
world_monthly_total,,,,,2000-05,3851459857,,2026-09-02
world_monthly_total,,,,,2000-06,4487227124,,2026-09-02
world_monthly_total,,,,,2000-07,4313204396,,2026-09-02
world_monthly_total,,,,,2000-08,4204857926,,2026-09-02
world_monthly_total,,,,,2000-09,4679180275,,2026-09-02
world_monthly_total,,,,,2000-10,4476240990,,2026-09-02
world_monthly_total,,,,,2000-11,4283071028,,2026-09-02
world_monthly_total,,,,,2000-12,4631555840,,2026-09-02
world_monthly_total,,,,,2001-01,3722447077,,2026-09-02
world_monthly_total,,,,,2001-02,4197397479,,2026-09-02
world_monthly_total,,,,,2001-03,4919317571,,2026-09-02
world_monthly_total,,,,,2001-04,4329641863,,2026-09-02
world_monthly_total,,,,,2001-05,3815616144,,2026-09-02
world_monthly_total,,,,,2001-06,4138701218,,2026-09-02
world_monthly_total,,,,,2001-07,4037119145,,2026-09-02
world_monthly_total,,,,,2001-08,3829973960,,2026-09-02
world_monthly_total,,,,,2001-09,4162910770,,2026-09-02
world_monthly_total,,,,,2001-10,4073627215,,2026-09-02
world_monthly_total,,,,,2001-11,3889579298,,2026-09-02
world_monthly_total,,,,,2001-12,3961432657,,2026-09-02
world_monthly_total,,,,,2002-01,3559469049,,2026-09-02
world_monthly_total,,,,,2002-02,4021653229,,2026-09-02
world_monthly_total,,,,,2002-03,4773067920,,2026-09-02
world_monthly_total,,,,,2002-04,4400810114,,2026-09-02
world_monthly_total,,,,,2002-05,4152221300,,2026-09-02
world_monthly_total,,,,,2002-06,4430440263,,2026-09-02
world_monthly_total,,,,,2002-07,4396515316,,2026-09-02
world_monthly_total,,,,,2002-08,4068125399,,2026-09-02
world_monthly_total,,,,,2002-09,4449754036,,2026-09-02
world_monthly_total,,,,,2002-10,4649559510,,2026-09-02
world_monthly_total,,,,,2002-11,4639711272,,2026-09-02
world_monthly_total,,,,,2002-12,4567628327,,2026-09-02
world_monthly_total,,,,,2003-01,3841450944,,2026-09-02
world_monthly_total,,,,,2003-02,4324756091,,2026-09-02
world_monthly_total,,,,,2003-03,4806134773,,2026-09-02
world_monthly_total,,,,,2003-04,4608993190,,2026-09-02
world_monthly_total,,,,,2003-05,4301341249,,2026-09-02
world_monthly_total,,,,,2003-06,4428450197,,2026-09-02
world_monthly_total,,,,,2003-07,4643177851,,2026-09-02
world_monthly_total,,,,,2003-08,4329863776,,2026-09-02
world_monthly_total,,,,,2003-09,4858550901,,2026-09-02
world_monthly_total,,,,,2003-10,4900483442,,2026-09-02
world_monthly_total,,,,,2003-11,4547423083,,2026-09-02
world_monthly_total,,,,,2003-12,4957724675,,2026-09-02
world_monthly_total,,,,,2004-01,4274217072,,2026-09-02
world_monthly_total,,,,,2004-02,4767653991,,2026-09-02
world_monthly_total,,,,,2004-03,5442413651,,2026-09-02
world_monthly_total,,,,,2004-04,5106308596,,2026-09-02
world_monthly_total,,,,,2004-05,4729667988,,2026-09-02
world_monthly_total,,,,,2004-06,5289194812,,2026-09-02
world_monthly_total,,,,,2004-07,5307465560,,2026-09-02
world_monthly_total,,,,,2004-08,4785482153,,2026-09-02
world_monthly_total,,,,,2004-09,5445803712,,2026-09-02
world_monthly_total,,,,,2004-10,5472011536,,2026-09-02
world_monthly_total,,,,,2004-11,5155195150,,2026-09-02
world_monthly_total,,,,,2004-12,5394564873,,2026-09-02
world_monthly_total,,,,,2005-01,4411409724,,2026-09-02
world_monthly_total,,,,,2005-02,4846300703,,2026-09-02
world_monthly_total,,,,,2005-03,5776009924,,2026-09-02
world_monthly_total,,,,,2005-04,5504325510,,2026-09-02
world_monthly_total,,,,,2005-05,4795218354,,2026-09-02
world_monthly_total,,,,,2005-06,5478184130,,2026-09-02
world_monthly_total,,,,,2005-07,5536780403,,2026-09-02
world_monthly_total,,,,,2005-08,5219992808,,2026-09-02
world_monthly_total,,,,,2005-09,5927109293,,2026-09-02
world_monthly_total,,,,,2005-10,5910577029,,2026-09-02
world_monthly_total,,,,,2005-11,5913569829,,2026-09-02
world_monthly_total,,,,,2005-12,6337066450,,2026-09-02
world_monthly_total,,,,,2006-01,5398061522,,2026-09-02
world_monthly_total,,,,,2006-02,5849493549,,2026-09-02
world_monthly_total,,,,,2006-03,6814169239,,2026-09-02
world_monthly_total,,,,,2006-04,6128869787,,2026-09-02
world_monthly_total,,,,,2006-05,5703411640,,2026-09-02
world_monthly_total,,,,,2006-06,6270737656,,2026-09-02
world_monthly_total,,,,,2006-07,6320652373,,2026-09-02
world_monthly_total,,,,,2006-08,6140483896,,2026-09-02
world_monthly_total,,,,,2006-09,6828440999,,2026-09-02
world_monthly_total,,,,,2006-10,6597470698,,2026-09-02
world_monthly_total,,,,,2006-11,6629634482,,2026-09-02
world_monthly_total,,,,,2006-12,6959138563,,2026-09-02
world_monthly_total,,,,,2007-01,5952671779,,2026-09-02
world_monthly_total,,,,,2007-02,6416106967,,2026-09-02
world_monthly_total,,,,,2007-03,7512966598,,2026-09-02
world_monthly_total,,,,,2007-04,6633504327,,2026-09-02
world_monthly_total,,,,,2007-05,6567848343,,2026-09-02
world_monthly_total,,,,,2007-06,7286038674,,2026-09-02
world_monthly_total,,,,,2007-07,7063106295,,2026-09-02
world_monthly_total,,,,,2007-08,7034674469,,2026-09-02
world_monthly_total,,,,,2007-09,7255475808,,2026-09-02
world_monthly_total,,,,,2007-10,7506492548,,2026-09-02
world_monthly_total,,,,,2007-11,7268584026,,2026-09-02
world_monthly_total,,,,,2007-12,7433967778,,2026-09-02
world_monthly_total,,,,,2008-01,6514634706,,2026-09-02
world_monthly_total,,,,,2008-02,6973674679,,2026-09-02
world_monthly_total,,,,,2008-03,7681691634,,2026-09-02
world_monthly_total,,,,,2008-04,6889454205,,2026-09-02
world_monthly_total,,,,,2008-05,6806770184,,2026-09-02
world_monthly_total,,,,,2008-06,7152136890,,2026-09-02
world_monthly_total,,,,,2008-07,7624498933,,2026-09-02
world_monthly_total,,,,,2008-08,7365671561,,2026-09-02
world_monthly_total,,,,,2008-09,7361301985,,2026-09-02
world_monthly_total,,,,,2008-10,6990024853,,2026-09-02
world_monthly_total,,,,,2008-11,5551007837,,2026-09-02
world_monthly_total,,,,,2008-12,5152709872,,2026-09-02
world_monthly_total,,,,,2009-01,4445761560,,2026-09-02
world_monthly_total,,,,,2009-02,3529575459,,2026-09-02
world_monthly_total,,,,,2009-03,4189201290,,2026-09-02
world_monthly_total,,,,,2009-04,4194707904,,2026-09-02
world_monthly_total,,,,,2009-05,4019951604,,2026-09-02
world_monthly_total,,,,,2009-06,4594409653,,2026-09-02
world_monthly_total,,,,,2009-07,4843000548,,2026-09-02
world_monthly_total,,,,,2009-08,4509804115,,2026-09-02
world_monthly_total,,,,,2009-09,5109385524,,2026-09-02
world_monthly_total,,,,,2009-10,5308318725,,2026-09-02
world_monthly_total,,,,,2009-11,4988162904,,2026-09-02
world_monthly_total,,,,,2009-12,5411678206,,2026-09-02
world_monthly_total,,,,,2010-01,4900888348,,2026-09-02
world_monthly_total,,,,,2010-02,5127147354,,2026-09-02
world_monthly_total,,,,,2010-03,6000424097,,2026-09-02
world_monthly_total,,,,,2010-04,5889744011,,2026-09-02
world_monthly_total,,,,,2010-05,5308604342,,2026-09-02
world_monthly_total,,,,,2010-06,5867219926,,2026-09-02
world_monthly_total,,,,,2010-07,5981905101,,2026-09-02
world_monthly_total,,,,,2010-08,5209756988,,2026-09-02
world_monthly_total,,,,,2010-09,5839634979,,2026-09-02
world_monthly_total,,,,,2010-10,5722496396,,2026-09-02
world_monthly_total,,,,,2010-11,5439804284,,2026-09-02
world_monthly_total,,,,,2010-12,6112000870,,2026-09-02
world_monthly_total,,,,,2011-01,5467290509,,2026-09-02
world_monthly_total,,,,,2011-02,5589021184,,2026-09-02
world_monthly_total,,,,,2011-03,5858517149,,2026-09-02
world_monthly_total,,,,,2011-04,5634385487,,2026-09-02
world_monthly_total,,,,,2011-05,5619981014,,2026-09-02
world_monthly_total,,,,,2011-06,5774613169,,2026-09-02
world_monthly_total,,,,,2011-07,5781762864,,2026-09-02
world_monthly_total,,,,,2011-08,6133136275,,2026-09-02
world_monthly_total,,,,,2011-09,5973818770,,2026-09-02
world_monthly_total,,,,,2011-10,5789941379,,2026-09-02
world_monthly_total,,,,,2011-11,5887410169,,2026-09-02
world_monthly_total,,,,,2011-12,5832190848,,2026-09-02
world_monthly_total,,,,,2012-01,6004339387,,2026-09-02
world_monthly_total,,,,,2012-02,5442624486,,2026-09-02
world_monthly_total,,,,,2012-03,6285229378,,2026-09-02
world_monthly_total,,,,,2012-04,6083326364,,2026-09-02
world_monthly_total,,,,,2012-05,6144789157,,2026-09-02
world_monthly_total,,,,,2012-06,5641846688,,2026-09-02
world_monthly_total,,,,,2012-07,5840761453,,2026-09-02
world_monthly_total,,,,,2012-08,5812840641,,2026-09-02
world_monthly_total,,,,,2012-09,5926127300,,2026-09-02
world_monthly_total,,,,,2012-10,5704206359,,2026-09-02
world_monthly_total,,,,,2012-11,5940220307,,2026-09-02
world_monthly_total,,,,,2012-12,5944295296,,2026-09-02
world_monthly_total,,,,,2013-01,6431690300,,2026-09-02
world_monthly_total,,,,,2013-02,6056595376,,2026-09-02
world_monthly_total,,,,,2013-03,6627146258,,2026-09-02
world_monthly_total,,,,,2013-04,6653135490,,2026-09-02
world_monthly_total,,,,,2013-05,6756525758,,2026-09-02
world_monthly_total,,,,,2013-06,6239138183,,2026-09-02
world_monthly_total,,,,,2013-07,6990953628,,2026-09-02
world_monthly_total,,,,,2013-08,6753518084,,2026-09-02
world_monthly_total,,,,,2013-09,6914199468,,2026-09-02
world_monthly_total,,,,,2013-10,7203395761,,2026-09-02
world_monthly_total,,,,,2013-11,7199902106,,2026-09-02
world_monthly_total,,,,,2013-12,7416344759,,2026-09-02
world_monthly_total,,,,,2014-01,8047032407,,2026-09-02
world_monthly_total,,,,,2014-02,6605298925,,2026-09-02
world_monthly_total,,,,,2014-03,7833411545,,2026-09-02
world_monthly_total,,,,,2014-04,6892709161,,2026-09-02
world_monthly_total,,,,,2014-05,6523232141,,2026-09-02
world_monthly_total,,,,,2014-06,6774072891,,2026-09-02
world_monthly_total,,,,,2014-07,7158457838,,2026-09-02
world_monthly_total,,,,,2014-08,6658032030,,2026-09-02
world_monthly_total,,,,,2014-09,7344068242,,2026-09-02
world_monthly_total,,,,,2014-10,7429072288,,2026-09-02
world_monthly_total,,,,,2014-11,7086339814,,2026-09-02
world_monthly_total,,,,,2014-12,7557385451,,2026-09-02
world_monthly_total,,,,,2015-01,7301351693,,2026-09-02
world_monthly_total,,,,,2015-02,6366783655,,2026-09-02
world_monthly_total,,,,,2015-03,6926741388,,2026-09-02
world_monthly_total,,,,,2015-04,6607111017,,2026-09-02
world_monthly_total,,,,,2015-05,5953220724,,2026-09-02
world_monthly_total,,,,,2015-06,6565599276,,2026-09-02
world_monthly_total,,,,,2015-07,6924262173,,2026-09-02
world_monthly_total,,,,,2015-08,6447725756,,2026-09-02
world_monthly_total,,,,,2015-09,6534588011,,2026-09-02
world_monthly_total,,,,,2015-10,6541289708,,2026-09-02
world_monthly_total,,,,,2015-11,6366212005,,2026-09-02
world_monthly_total,,,,,2015-12,6337846121,,2026-09-02
world_monthly_total,,,,,2016-01,6007540986,,2026-09-02
world_monthly_total,,,,,2016-02,5702255866,,2026-09-02
world_monthly_total,,,,,2016-03,6456793157,,2026-09-02
world_monthly_total,,,,,2016-04,5889551488,,2026-09-02
world_monthly_total,,,,,2016-05,5139283453,,2026-09-02
world_monthly_total,,,,,2016-06,6025343551,,2026-09-02
world_monthly_total,,,,,2016-07,5728432781,,2026-09-02
world_monthly_total,,,,,2016-08,5351016726,,2026-09-02
world_monthly_total,,,,,2016-09,5968949205,,2026-09-02
world_monthly_total,,,,,2016-10,5870245657,,2026-09-02
world_monthly_total,,,,,2016-11,5956403435,,2026-09-02
world_monthly_total,,,,,2016-12,6678921225,,2026-09-02
world_monthly_total,,,,,2017-01,6525955196,,2026-09-02
world_monthly_total,,,,,2017-02,6347122559,,2026-09-02
world_monthly_total,,,,,2017-03,7227998277,,2026-09-02
world_monthly_total,,,,,2017-04,6330189902,,2026-09-02
world_monthly_total,,,,,2017-05,6056015370,,2026-09-02
world_monthly_total,,,,,2017-06,6607970983,,2026-09-02
world_monthly_total,,,,,2017-07,6494640256,,2026-09-02
world_monthly_total,,,,,2017-08,6278485972,,2026-09-02
world_monthly_total,,,,,2017-09,6810697106,,2026-09-02
world_monthly_total,,,,,2017-10,6692904349,,2026-09-02
world_monthly_total,,,,,2017-11,6920011796,,2026-09-02
world_monthly_total,,,,,2017-12,7303877381,,2026-09-02
world_monthly_total,,,,,2018-01,7049774500,,2026-09-02
world_monthly_total,,,,,2018-02,6476651298,,2026-09-02
world_monthly_total,,,,,2018-03,7382097114,,2026-09-02
world_monthly_total,,,,,2018-04,6822277991,,2026-09-02
world_monthly_total,,,,,2018-05,6904236053,,2026-09-02
world_monthly_total,,,,,2018-06,7053834838,,2026-09-02
world_monthly_total,,,,,2018-07,6975313401,,2026-09-02
world_monthly_total,,,,,2018-08,7135886370,,2026-09-02
world_monthly_total,,,,,2018-09,6716828606,,2026-09-02
world_monthly_total,,,,,2018-10,7699726891,,2026-09-02
world_monthly_total,,,,,2018-11,7666199894,,2026-09-02
world_monthly_total,,,,,2018-12,7077529424,,2026-09-02
world_monthly_total,,,,,2019-01,6998477150,,2026-09-02
world_monthly_total,,,,,2019-02,6385419289,,2026-09-02
world_monthly_total,,,,,2019-03,7202147128,,2026-09-02
world_monthly_total,,,,,2019-04,6664294468,,2026-09-02
world_monthly_total,,,,,2019-05,6803248902,,2026-09-02
world_monthly_total,,,,,2019-06,6585086798,,2026-09-02
world_monthly_total,,,,,2019-07,6897340870,,2026-09-02
world_monthly_total,,,,,2019-08,6290930402,,2026-09-02
world_monthly_total,,,,,2019-09,6498069405,,2026-09-02
world_monthly_total,,,,,2019-10,6576171779,,2026-09-02
world_monthly_total,,,,,2019-11,6467394442,,2026-09-02
world_monthly_total,,,,,2019-12,6735246247,,2026-09-02
world_monthly_total,,,,,2020-01,6747750234,,2026-09-02
world_monthly_total,,,,,2020-02,6319700664,,2026-09-02
world_monthly_total,,,,,2020-03,6357067568,,2026-09-02
world_monthly_total,,,,,2020-04,6150406963,,2026-09-02
world_monthly_total,,,,,2020-05,5055394444,,2026-09-02
world_monthly_total,,,,,2020-06,5163528428,,2026-09-02
world_monthly_total,,,,,2020-07,5400759788,,2026-09-02
world_monthly_total,,,,,2020-08,5233082121,,2026-09-02
world_monthly_total,,,,,2020-09,6053799683,,2026-09-02
world_monthly_total,,,,,2020-10,6564757473,,2026-09-02
world_monthly_total,,,,,2020-11,6113035528,,2026-09-02
world_monthly_total,,,,,2020-12,6706533717,,2026-09-02
world_monthly_total,,,,,2021-01,6150160389,,2026-09-02
world_monthly_total,,,,,2021-02,6038347717,,2026-09-02
world_monthly_total,,,,,2021-03,7377555214,,2026-09-02
world_monthly_total,,,,,2021-04,7180252387,,2026-09-02
world_monthly_total,,,,,2021-05,6478439324,,2026-09-02
world_monthly_total,,,,,2021-06,7223788223,,2026-09-02
world_monthly_total,,,,,2021-07,7354679265,,2026-09-02
world_monthly_total,,,,,2021-08,7268354141,,2026-09-02
world_monthly_total,,,,,2021-09,7489454967,,2026-09-02
world_monthly_total,,,,,2021-10,7273940522,,2026-09-02
world_monthly_total,,,,,2021-11,8340520151,,2026-09-02
world_monthly_total,,,,,2021-12,8484173753,,2026-09-02
world_monthly_total,,,,,2022-01,8580007859,,2026-09-02
world_monthly_total,,,,,2022-02,7926547995,,2026-09-02
world_monthly_total,,,,,2022-03,8950510506,,2026-09-02
world_monthly_total,,,,,2022-04,8963527893,,2026-09-02
world_monthly_total,,,,,2022-05,9654188756,,2026-09-02
world_monthly_total,E,,,,2022-06,10014752153,,2026-09-02
world_monthly_total,E,,,,2022-07,10232625175,,2026-09-02
world_monthly_total,E,,,,2022-08,10851594137,,2026-09-02
world_monthly_total,E,,,,2022-09,10942935221,,2026-09-02
world_monthly_total,E,,,,2022-10,11207259741,,2026-09-02
world_monthly_total,E,,,,2022-11,10894434759,,2026-09-02
world_monthly_total,E,,,,2022-12,10284768584,,2026-09-02
world_monthly_total,E,,,,2023-01,10088901070,,2026-09-02
world_monthly_total,,,,,2023-02,8595722573,,2026-09-02
world_monthly_total,,,,,2023-03,9578245454,,2026-09-02
world_monthly_total,,,,,2023-04,8752958178,,2026-09-02
world_monthly_total,,,,,2023-05,8679903430,,2026-09-02
world_monthly_total,,,,,2023-06,8740792479,,2026-09-02
world_monthly_total,,,,,2023-07,8792069575,,2026-09-02
world_monthly_total,,,,,2023-08,8946448802,,2026-09-02
world_monthly_total,,,,,2023-09,9198635730,,2026-09-02
world_monthly_total,,,,,2023-10,9848009171,,2026-09-02
world_monthly_total,,,,,2023-11,9631822392,,2026-09-02
world_monthly_total,,,,,2023-12,9642422951,,2026-09-02
world_monthly_total,,,,,2024-01,9124867450,,2026-09-02
world_monthly_total,,,,,2024-02,8679142790,,2026-09-02
world_monthly_total,,,,,2024-03,9474897787,,2026-09-02
world_monthly_total,,,,,2024-04,9494962637,,2026-09-02
world_monthly_total,,,,,2024-05,9507156357,,2026-09-02
world_monthly_total,,,,,2024-06,9208858036,,2026-09-02
world_monthly_total,E,,,,2024-07,10252075231,,2026-09-02
world_monthly_total,,,,,2024-08,9178119349,,2026-09-02
world_monthly_total,,,,,2024-09,9370434757,,2026-09-02
world_monthly_total,,,,,2024-10,9925658004,,2026-09-02
world_monthly_total,,,,,2024-11,9272812248,,2026-09-02
world_monthly_total,,,,,2024-12,9906635820,,2026-09-02
world_monthly_total,E,,,,2025-01,10623510930,,2026-09-02
world_monthly_total,,,,,2025-02,9189794911,,2026-09-02
world_monthly_total,,,,,2025-03,9851552372,,2026-09-02
world_monthly_total,,,,,2025-04,9299420172,,2026-09-02
world_monthly_total,,,,,2025-05,8792010790,,2026-09-02
world_monthly_total,,,,,2025-06,9162327119,,2026-09-02
world_monthly_total,,,,,2025-07,9501082798,,2026-09-02
world_monthly_total,,,,,2025-08,8714167807,,2026-09-02
world_monthly_total,,,,,2025-09,9682557340,,2026-09-02
world_monthly_total,E,,,,2025-10,10009095355,,2026-09-02
world_monthly_total,,,,,2025-11,9708885255,,2026-09-02
world_monthly_total,E,,,,2025-12,10407693941,,2026-09-02
world_monthly_total,E,,,,2026-01,10350879966,,2026-09-02
world_monthly_total,,,,,2026-02,9559614454,,2026-09-02
world_monthly_total,E,,,,2026-03,10981365626,,2026-09-02
world_monthly_total,E,,,,2026-04,10506425454,,2026-09-02
world_monthly_total,,,,,2026-05,9894202774,,2026-09-02
world_monthly_total,E,,,,2026-06,11338792315,,2026-09-02
world_monthly_total,E,,,,2026-07,12147718419,,2026-09-02
world_monthly_total,,,0,,2026-08,0,,2026-09-02
world_monthly_total,,,0,,2026-09,0,,2026-09-02
world_monthly_total,,,0,,2026-10,0,,2026-09-02
world_monthly_total,,,0,,2026-11,0,,2026-09-02
world_monthly_total,,,0,,2026-12,0,,2026-09-02
candidate_commodity_a,I,,14091115,-,1988-01,2187613965,,2026-09-02
candidate_commodity_a,I,,15860521,-,1988-02,2602963105,,2026-09-02
candidate_commodity_a,I,,15941906,-,1988-03,2922510217,,2026-09-02
candidate_commodity_a,I,,15913581,-,1988-04,2825634638,,2026-09-02
candidate_commodity_a,I,,16717012,-,1988-05,2575860023,,2026-09-02
candidate_commodity_a,I,,15225795,-,1988-06,2761695856,,2026-09-02
candidate_commodity_a,I,,18716615,-,1988-07,3039379123,,2026-09-02
candidate_commodity_a,I,,21464621,-,1988-08,2775566970,,2026-09-02
candidate_commodity_a,I,,21362914,-,1988-09,3109455598,,2026-09-02
candidate_commodity_a,I,,20754260,-,1988-10,3094537899,,2026-09-02
candidate_commodity_a,I,,20857014,-,1988-11,2841871801,,2026-09-02
candidate_commodity_a,I,,20631198,-,1988-12,3202093963,,2026-09-02
candidate_commodity_a,I,,14248125,-,1989-01,2436919848,,2026-09-02
candidate_commodity_a,I,,17264400,-,1989-02,2875723988,,2026-09-02
candidate_commodity_a,I,,19401311,-,1989-03,3392125121,,2026-09-02
candidate_commodity_a,I,,16170454,-,1989-04,3067505097,,2026-09-02
candidate_commodity_a,I,,18816347,-,1989-05,2907578772,,2026-09-02
candidate_commodity_a,I,,17890264,-,1989-06,3246795217,,2026-09-02
candidate_commodity_a,I,,17820903,-,1989-07,3319946103,,2026-09-02
candidate_commodity_a,I,,20684139,-,1989-08,3061339138,,2026-09-02
candidate_commodity_a,I,,20588768,-,1989-09,3529216651,,2026-09-02
candidate_commodity_a,I,,23086993,-,1989-10,3286437743,,2026-09-02
candidate_commodity_a,I,,22044946,-,1989-11,3150898465,,2026-09-02
candidate_commodity_a,I,,24329985,-,1989-12,3548048483,,2026-09-02
candidate_commodity_a,I,,14178550,-,1990-01,2698920009,,2026-09-02
candidate_commodity_a,I,,17712872,-,1990-02,3189896457,,2026-09-02
candidate_commodity_a,I,,20357278,-,1990-03,3876411321,,2026-09-02
candidate_commodity_a,I,,20991684,-,1990-04,3444506468,,2026-09-02
candidate_commodity_a,I,,19109129,-,1990-05,3380060080,,2026-09-02
candidate_commodity_a,I,,19155679,-,1990-06,3624006217,,2026-09-02
candidate_commodity_a,I,,19359635,-,1990-07,3625666385,,2026-09-02
candidate_commodity_a,I,,19533158,-,1990-08,3339566914,,2026-09-02
candidate_commodity_a,I,,22275790,-,1990-09,3685930278,,2026-09-02
candidate_commodity_a,I,,21104081,-,1990-10,3572949481,,2026-09-02
candidate_commodity_a,I,,22097668,-,1990-11,3302264729,,2026-09-02
candidate_commodity_a,I,,21328058,-,1990-12,3716761335,,2026-09-02
candidate_commodity_a,I,,16405035,-,1991-01,2951341099,,2026-09-02
candidate_commodity_a,I,,18077595,-,1991-02,3270447564,,2026-09-02
candidate_commodity_a,I,,19842840,-,1991-03,3961490693,,2026-09-02
candidate_commodity_a,I,,17966953,-,1991-04,3315886709,,2026-09-02
candidate_commodity_a,I,,20624562,-,1991-05,3370218632,,2026-09-02
candidate_commodity_a,I,,19689227,-,1991-06,3538799084,,2026-09-02
candidate_commodity_a,I,,19579076,-,1991-07,3692837249,,2026-09-02
candidate_commodity_a,I,,19309239,-,1991-08,3397923866,,2026-09-02
candidate_commodity_a,I,,21839791,-,1991-09,3762273475,,2026-09-02
candidate_commodity_a,I,,23519526,-,1991-10,3748619780,,2026-09-02
candidate_commodity_a,I,,23320483,-,1991-11,3533219736,,2026-09-02
candidate_commodity_a,I,,24848197,-,1991-12,3816835087,,2026-09-02
candidate_commodity_a,I,,16002293,-,1992-01,3021436725,,2026-09-02
candidate_commodity_a,I,,19638795,-,1992-02,3529202937,,2026-09-02
candidate_commodity_a,I,,19308833,-,1992-03,3969328400,,2026-09-02
candidate_commodity_a,I,,20758554,-,1992-04,3627117687,,2026-09-02
candidate_commodity_a,I,,18780719,-,1992-05,3368799562,,2026-09-02
candidate_commodity_a,I,,18480309,-,1992-06,3599633739,,2026-09-02
candidate_commodity_a,I,,19103490,-,1992-07,3706451371,,2026-09-02
candidate_commodity_a,I,,20084704,-,1992-08,3318396801,,2026-09-02
candidate_commodity_a,I,,21886375,-,1992-09,3929782656,,2026-09-02
candidate_commodity_a,I,,21544506,-,1992-10,3760352345,,2026-09-02
candidate_commodity_a,I,,22037117,-,1992-11,3351736387,,2026-09-02
candidate_commodity_a,I,,26397107,-,1992-12,3830042834,,2026-09-02
candidate_commodity_a,I,,14553194,-,1993-01,3012474007,,2026-09-02
candidate_commodity_a,I,,18690138,-,1993-02,3461521719,,2026-09-02
candidate_commodity_a,I,,22380039,-,1993-03,4086569506,,2026-09-02
candidate_commodity_a,I,,18429198,-,1993-04,3528825964,,2026-09-02
candidate_commodity_a,I,,15567414,-,1993-05,2986793554,,2026-09-02
candidate_commodity_a,I,,17775193,-,1993-06,3288531601,,2026-09-02
candidate_commodity_a,I,,17026200,-,1993-07,3487536565,,2026-09-02
candidate_commodity_a,I,,16094838,-,1993-08,2930742070,,2026-09-02
candidate_commodity_a,I,,19673359,-,1993-09,3481724569,,2026-09-02
candidate_commodity_a,I,,20734820,-,1993-10,3319377470,,2026-09-02
candidate_commodity_a,I,,19708197,-,1993-11,3063491754,,2026-09-02
candidate_commodity_a,I,,22353531,-,1993-12,3554859946,,2026-09-02
candidate_commodity_a,I,,17812133,-,1994-01,2906853119,,2026-09-02
candidate_commodity_a,I,,16971092,-,1994-02,3224979018,,2026-09-02
candidate_commodity_a,I,,17353530,-,1994-03,3839527713,,2026-09-02
candidate_commodity_a,I,,16857782,-,1994-04,3438461872,,2026-09-02
candidate_commodity_a,I,,15308603,-,1994-05,2900692807,,2026-09-02
candidate_commodity_a,I,,15476897,-,1994-06,3516450964,,2026-09-02
candidate_commodity_a,I,,14662795,-,1994-07,3431702395,,2026-09-02
candidate_commodity_a,I,,17536457,-,1994-08,3117149441,,2026-09-02
candidate_commodity_a,I,,17937981,-,1994-09,3587752468,,2026-09-02
candidate_commodity_a,I,,18226181,-,1994-10,3427748093,,2026-09-02
candidate_commodity_a,I,,19373479,-,1994-11,3354563966,,2026-09-02
candidate_commodity_a,I,,21159035,-,1994-12,3751670841,,2026-09-02
candidate_commodity_a,I,,13695089,-,1995-01,2718873316,,2026-09-02
candidate_commodity_a,I,,15094878,-,1995-02,3494689171,,2026-09-02
candidate_commodity_a,I,,17545928,-,1995-03,4010591913,,2026-09-02
candidate_commodity_a,I,,15469817,-,1995-04,3467655124,,2026-09-02
candidate_commodity_a,I,,14437520,-,1995-05,2981503555,,2026-09-02
candidate_commodity_a,I,,15067186,-,1995-06,3413587882,,2026-09-02
candidate_commodity_a,I,,14591036,-,1995-07,3257376723,,2026-09-02
candidate_commodity_a,I,,16485670,-,1995-08,3194975552,,2026-09-02
candidate_commodity_a,I,,18261304,-,1995-09,3817619284,,2026-09-02
candidate_commodity_a,I,,20182601,-,1995-10,3560529834,,2026-09-02
candidate_commodity_a,I,,19020461,-,1995-11,3604797728,,2026-09-02
candidate_commodity_a,I,,20352502,-,1995-12,4008695039,,2026-09-02
candidate_commodity_a,I,,14780118,-,1996-01,3027419286,,2026-09-02
candidate_commodity_a,I,,15274598,-,1996-02,3624731544,,2026-09-02
candidate_commodity_a,I,,15666521,-,1996-03,4110540460,,2026-09-02
candidate_commodity_a,I,,17421223,-,1996-04,3644667863,,2026-09-02
candidate_commodity_a,I,,17316291,-,1996-05,3405943420,,2026-09-02
candidate_commodity_a,I,,17961003,-,1996-06,3662995373,,2026-09-02
candidate_commodity_a,I,,16369135,-,1996-07,3826022690,,2026-09-02
candidate_commodity_a,I,,16358603,-,1996-08,3454298031,,2026-09-02
candidate_commodity_a,I,,18364435,-,1996-09,3874539603,,2026-09-02
candidate_commodity_a,I,,23060169,-,1996-10,3962383286,,2026-09-02
candidate_commodity_a,I,,20529554,-,1996-11,3968525041,,2026-09-02
candidate_commodity_a,I,,22450947,-,1996-12,4169244609,,2026-09-02
candidate_commodity_a,I,,17776405,-,1997-01,3541320217,,2026-09-02
candidate_commodity_a,I,,19607332,-,1997-02,3990395939,,2026-09-02
candidate_commodity_a,I,,20494651,-,1997-03,4540249607,,2026-09-02
candidate_commodity_a,I,,21204053,-,1997-04,4426958490,,2026-09-02
candidate_commodity_a,I,,21147359,-,1997-05,4102664493,,2026-09-02
candidate_commodity_a,I,,21564196,-,1997-06,4119575002,,2026-09-02
candidate_commodity_a,I,,22188950,-,1997-07,4281189565,,2026-09-02
candidate_commodity_a,I,,22897427,-,1997-08,3936129775,,2026-09-02
candidate_commodity_a,I,,22975698,-,1997-09,4423516871,,2026-09-02
candidate_commodity_a,I,,27109691,-,1997-10,4645993381,,2026-09-02
candidate_commodity_a,I,,23558171,-,1997-11,4224847644,,2026-09-02
candidate_commodity_a,I,,26898531,-,1997-12,4705150875,,2026-09-02
candidate_commodity_a,I,,17554575,-,1998-01,3859903993,,2026-09-02
candidate_commodity_a,I,,17910409,-,1998-02,4094048440,,2026-09-02
candidate_commodity_a,I,,21278721,-,1998-03,4591211719,,2026-09-02
candidate_commodity_a,I,,18919381,-,1998-04,4346653587,,2026-09-02
candidate_commodity_a,I,,19056144,-,1998-05,4042302154,,2026-09-02
candidate_commodity_a,I,,19175842,-,1998-06,4346411506,,2026-09-02
candidate_commodity_a,I,,23344496,-,1998-07,4561303764,,2026-09-02
candidate_commodity_a,I,,24033193,-,1998-08,4014009880,,2026-09-02
candidate_commodity_a,I,,23126533,-,1998-09,4596562432,,2026-09-02
candidate_commodity_a,I,,29893504,-,1998-10,4381385777,,2026-09-02
candidate_commodity_a,I,,20925706,-,1998-11,3679159642,,2026-09-02
candidate_commodity_a,I,,25409931,-,1998-12,4132051044,,2026-09-02
candidate_commodity_a,I,,18990407,-,1999-01,3450558739,,2026-09-02
candidate_commodity_a,I,,21486987,-,1999-02,3593228534,,2026-09-02
candidate_commodity_a,I,,19321697,-,1999-03,4305720229,,2026-09-02
candidate_commodity_a,I,,18936607,-,1999-04,4023570532,,2026-09-02
candidate_commodity_a,I,,18226099,-,1999-05,3561098110,,2026-09-02
candidate_commodity_a,I,,19576963,-,1999-06,4086833418,,2026-09-02
candidate_commodity_a,I,,18575775,-,1999-07,4219760216,,2026-09-02
candidate_commodity_a,I,,18815391,-,1999-08,3736971556,,2026-09-02
candidate_commodity_a,I,,22027408,-,1999-09,4270431731,,2026-09-02
candidate_commodity_a,I,,20476918,-,1999-10,4132708510,,2026-09-02
candidate_commodity_a,I,,20711178,-,1999-11,3889473734,,2026-09-02
candidate_commodity_a,I,,22109329,-,1999-12,4277200932,,2026-09-02
candidate_commodity_a,I,,17917811,-,2000-01,3512721254,,2026-09-02
candidate_commodity_a,I,,19671520,-,2000-02,4136816214,,2026-09-02
candidate_commodity_a,I,,21167501,-,2000-03,4700061682,,2026-09-02
candidate_commodity_a,I,,17660814,-,2000-04,4377801174,,2026-09-02
candidate_commodity_a,I,,16546610,-,2000-05,3851459857,,2026-09-02
candidate_commodity_a,I,,16879736,-,2000-06,4487227124,,2026-09-02
candidate_commodity_a,I,,17415718,-,2000-07,4313204396,,2026-09-02
candidate_commodity_a,I,,18354070,-,2000-08,4204857926,,2026-09-02
candidate_commodity_a,I,,18433633,-,2000-09,4679180275,,2026-09-02
candidate_commodity_a,I,,19504642,-,2000-10,4476240990,,2026-09-02
candidate_commodity_a,I,,21099479,-,2000-11,4283071028,,2026-09-02
candidate_commodity_a,I,,22116940,-,2000-12,4631555840,,2026-09-02
candidate_commodity_a,I,,16475080,-,2001-01,3623926991,,2026-09-02
candidate_commodity_a,I,,25018389,-,2001-02,4197397479,,2026-09-02
candidate_commodity_a,I,,34564586,-,2001-03,4919317571,,2026-09-02
candidate_commodity_a,I,,40836509,-,2001-04,4329641863,,2026-09-02
candidate_commodity_a,I,,30948455,-,2001-05,3815616144,,2026-09-02
candidate_commodity_a,I,,36391620,-,2001-06,4138701218,,2026-09-02
candidate_commodity_a,I,,39629612,-,2001-07,4037119145,,2026-09-02
candidate_commodity_a,I,,28408382,-,2001-08,3829973960,,2026-09-02
candidate_commodity_a,I,,40151638,-,2001-09,4162910770,,2026-09-02
candidate_commodity_a,I,,22600516,-,2001-10,4073627215,,2026-09-02
candidate_commodity_a,I,,25509712,-,2001-11,3889579298,,2026-09-02
candidate_commodity_a,I,,23466276,-,2001-12,3961432657,,2026-09-02
candidate_commodity_a,I,,21335222,-,2002-01,3559469049,,2026-09-02
candidate_commodity_a,I,,21141070,-,2002-02,4021653229,,2026-09-02
candidate_commodity_a,I,,25544609,-,2002-03,4773067920,,2026-09-02
candidate_commodity_a,I,,22885392,-,2002-04,4400810114,,2026-09-02
candidate_commodity_a,I,,22049759,-,2002-05,4152221300,,2026-09-02
candidate_commodity_a,I,,20371019,-,2002-06,4430440263,,2026-09-02
candidate_commodity_a,I,,19912326,-,2002-07,4396515316,,2026-09-02
candidate_commodity_a,I,,19616863,-,2002-08,4068125399,,2026-09-02
candidate_commodity_a,I,,19604246,-,2002-09,4449754036,,2026-09-02
candidate_commodity_a,I,,22881697,-,2002-10,4649559510,,2026-09-02
candidate_commodity_a,I,,27496630,-,2002-11,4639711272,,2026-09-02
candidate_commodity_a,I,,26277963,-,2002-12,4567628327,,2026-09-02
candidate_commodity_a,I,,19374053,-,2003-01,3841450944,,2026-09-02
candidate_commodity_a,I,,19659220,-,2003-02,4324756091,,2026-09-02
candidate_commodity_a,I,,21813120,-,2003-03,4806134773,,2026-09-02
candidate_commodity_a,I,,21104715,-,2003-04,4608993190,,2026-09-02
candidate_commodity_a,I,,20916893,-,2003-05,4301341249,,2026-09-02
candidate_commodity_a,I,,19836347,-,2003-06,4428450197,,2026-09-02
candidate_commodity_a,I,,20245610,-,2003-07,4643177851,,2026-09-02
candidate_commodity_a,I,,21806767,-,2003-08,4329863776,,2026-09-02
candidate_commodity_a,I,,20773412,-,2003-09,4858550901,,2026-09-02
candidate_commodity_a,I,,26197830,-,2003-10,4900483442,,2026-09-02
candidate_commodity_a,I,,27026112,-,2003-11,4547423083,,2026-09-02
candidate_commodity_a,I,,27870597,-,2003-12,4957724675,,2026-09-02
candidate_commodity_a,I,,18936807,-,2004-01,4274217072,,2026-09-02
candidate_commodity_a,I,,21736813,-,2004-02,4767653991,,2026-09-02
candidate_commodity_a,I,,23761047,-,2004-03,5442413651,,2026-09-02
candidate_commodity_a,I,,24855769,-,2004-04,5106308596,,2026-09-02
candidate_commodity_a,I,,22158101,-,2004-05,4729667988,,2026-09-02
candidate_commodity_a,I,,24134694,-,2004-06,5289194812,,2026-09-02
candidate_commodity_a,I,,21076658,-,2004-07,5307465560,,2026-09-02
candidate_commodity_a,I,,19549061,-,2004-08,4785482153,,2026-09-02
candidate_commodity_a,I,,23352425,-,2004-09,5445803712,,2026-09-02
candidate_commodity_a,I,,28239173,-,2004-10,5472011536,,2026-09-02
candidate_commodity_a,I,,27685655,-,2004-11,5155195150,,2026-09-02
candidate_commodity_a,I,,27547373,-,2004-12,5394564873,,2026-09-02
candidate_commodity_a,I,,24374393,-,2005-01,4411409724,,2026-09-02
candidate_commodity_a,I,,20364046,-,2005-02,4846300703,,2026-09-02
candidate_commodity_a,I,,24200510,-,2005-03,5776009924,,2026-09-02
candidate_commodity_a,I,,25301926,-,2005-04,5504325510,,2026-09-02
candidate_commodity_a,I,,21716113,-,2005-05,4795218354,,2026-09-02
candidate_commodity_a,I,,23679371,-,2005-06,5478184130,,2026-09-02
candidate_commodity_a,I,,23828430,-,2005-07,5536780403,,2026-09-02
candidate_commodity_a,I,,24356261,-,2005-08,5219992808,,2026-09-02
candidate_commodity_a,I,,27276738,-,2005-09,5927109293,,2026-09-02
candidate_commodity_a,I,,34007148,-,2005-10,5910577029,,2026-09-02
candidate_commodity_a,I,,31726283,-,2005-11,5913569829,,2026-09-02
candidate_commodity_a,I,,38014469,-,2005-12,6337066450,,2026-09-02
candidate_commodity_a,I,,23276637,-,2006-01,5003670510,,2026-09-02
candidate_commodity_a,I,,26170957,-,2006-02,5849493549,,2026-09-02
candidate_commodity_a,I,,28202658,-,2006-03,6814169239,,2026-09-02
candidate_commodity_a,I,,29019359,-,2006-04,6128869787,,2026-09-02
candidate_commodity_a,I,,27313383,-,2006-05,5703411640,,2026-09-02
candidate_commodity_a,I,,27986106,-,2006-06,6270737656,,2026-09-02
candidate_commodity_a,I,,26169367,-,2006-07,6320652373,,2026-09-02
candidate_commodity_a,I,,27455189,-,2006-08,6140483896,,2026-09-02
candidate_commodity_a,I,,31828172,-,2006-09,6828440999,,2026-09-02
candidate_commodity_a,I,,36674130,-,2006-10,6597470698,,2026-09-02
candidate_commodity_a,I,,33903219,-,2006-11,6629634482,,2026-09-02
candidate_commodity_a,I,,40010152,-,2006-12,6959138563,,2026-09-02
candidate_commodity_a,I,,34629948,-,2007-01,5952671779,,2026-09-02
candidate_commodity_a,I,,28884612,-,2007-02,6416106967,,2026-09-02
candidate_commodity_a,I,,33112125,-,2007-03,7512966598,,2026-09-02
candidate_commodity_a,I,,30347427,-,2007-04,6633504327,,2026-09-02
candidate_commodity_a,I,,33235032,-,2007-05,6567848343,,2026-09-02
candidate_commodity_a,I,,35390695,-,2007-06,7286038674,,2026-09-02
candidate_commodity_a,I,,31807578,-,2007-07,7063106295,,2026-09-02
candidate_commodity_a,I,,35785845,-,2007-08,7034674469,,2026-09-02
candidate_commodity_a,I,,33067934,-,2007-09,7255475808,,2026-09-02
candidate_commodity_a,I,,38630237,-,2007-10,7506492548,,2026-09-02
candidate_commodity_a,I,,38988784,-,2007-11,7268584026,,2026-09-02
candidate_commodity_a,I,,43221950,-,2007-12,7433967778,,2026-09-02
candidate_commodity_a,I,,34016259,-,2008-01,6408322709,,2026-09-02
candidate_commodity_a,I,,30933978,-,2008-02,6973674679,,2026-09-02
candidate_commodity_a,I,,30772583,-,2008-03,7681691634,,2026-09-02
candidate_commodity_a,I,,31238366,-,2008-04,6889454205,,2026-09-02
candidate_commodity_a,I,,32382558,-,2008-05,6806770184,,2026-09-02
candidate_commodity_a,I,,32683101,-,2008-06,7152136890,,2026-09-02
candidate_commodity_a,I,,38767841,-,2008-07,7624498933,,2026-09-02
candidate_commodity_a,I,,35629441,-,2008-08,7051439164,,2026-09-02
candidate_commodity_a,I,,34308534,-,2008-09,7361301985,,2026-09-02
candidate_commodity_a,I,,36798879,-,2008-10,6914810591,,2026-09-02
candidate_commodity_a,I,,31476566,-,2008-11,5323503329,,2026-09-02
candidate_commodity_a,I,,34315179,-,2008-12,4830483304,,2026-09-02
candidate_commodity_a,I,,22532066,-,2009-01,3477825156,,2026-09-02
candidate_commodity_a,I,,24507947,-,2009-02,3529575459,,2026-09-02
candidate_commodity_a,I,,28347578,-,2009-03,4183794290,,2026-09-02
candidate_commodity_a,I,,30364326,-,2009-04,4194707904,,2026-09-02
candidate_commodity_a,I,,28188180,-,2009-05,4019951604,,2026-09-02
candidate_commodity_a,I,,29970930,-,2009-06,4594409653,,2026-09-02
candidate_commodity_a,I,,32430215,-,2009-07,4843000548,,2026-09-02
candidate_commodity_a,I,,27153572,-,2009-08,4509804115,,2026-09-02
candidate_commodity_a,I,,29250023,-,2009-09,5109385524,,2026-09-02
candidate_commodity_a,I,,36983286,-,2009-10,5308318725,,2026-09-02
candidate_commodity_a,I,,34053886,-,2009-11,4988162904,,2026-09-02
candidate_commodity_a,I,,41766334,-,2009-12,5411678206,,2026-09-02
candidate_commodity_a,I,,34500967,-,2010-01,4900888348,,2026-09-02
candidate_commodity_a,I,,28609884,-,2010-02,5127147354,,2026-09-02
candidate_commodity_a,I,,34543214,-,2010-03,6000424097,,2026-09-02
candidate_commodity_a,I,,36654113,-,2010-04,5889744011,,2026-09-02
candidate_commodity_a,I,,30630621,-,2010-05,5308604342,,2026-09-02
candidate_commodity_a,I,,30232220,-,2010-06,5867219926,,2026-09-02
candidate_commodity_a,I,,31287369,-,2010-07,5981905101,,2026-09-02
candidate_commodity_a,I,,29025659,-,2010-08,5559770432,,2026-09-02
candidate_commodity_a,I,,30911446,-,2010-09,5839634979,,2026-09-02
candidate_commodity_a,I,,38886706,-,2010-10,5722496396,,2026-09-02
candidate_commodity_a,I,,35330806,-,2010-11,5439804284,,2026-09-02
candidate_commodity_a,I,,45502421,-,2010-12,6112000870,,2026-09-02
candidate_commodity_a,I,,29809865,-,2011-01,4970132453,,2026-09-02
candidate_commodity_a,I,,32583453,-,2011-02,5589021184,,2026-09-02
candidate_commodity_a,I,,36086333,-,2011-03,5858517149,,2026-09-02
candidate_commodity_a,I,,28269375,-,2011-04,5156647982,,2026-09-02
candidate_commodity_a,I,,23815597,-,2011-05,4759297307,,2026-09-02
candidate_commodity_a,I,,29437751,-,2011-06,5774613169,,2026-09-02
candidate_commodity_a,I,,27415467,-,2011-07,5781762864,,2026-09-02
candidate_commodity_a,I,,26218077,-,2011-08,5355680930,,2026-09-02
candidate_commodity_a,I,,27025089,-,2011-09,5973818770,,2026-09-02
candidate_commodity_a,I,,27550621,-,2011-10,5506927685,,2026-09-02
candidate_commodity_a,I,,31991372,-,2011-11,5196173431,,2026-09-02
candidate_commodity_a,I,,38852859,-,2011-12,5623882024,,2026-09-02
candidate_commodity_a,I,,21850058,-,2012-01,4513664053,,2026-09-02
candidate_commodity_a,I,,27737555,-,2012-02,5442624486,,2026-09-02
candidate_commodity_a,I,,31496554,-,2012-03,6203393875,,2026-09-02
candidate_commodity_a,I,,31047247,-,2012-04,5564898273,,2026-09-02
candidate_commodity_a,I,,27200456,-,2012-05,5236857826,,2026-09-02
candidate_commodity_a,I,,29837192,-,2012-06,5641846688,,2026-09-02
candidate_commodity_a,I,,27496808,-,2012-07,5312210774,,2026-09-02
candidate_commodity_a,I,,28384562,-,2012-08,5345609778,,2026-09-02
candidate_commodity_a,I,,29817102,-,2012-09,5357933278,,2026-09-02
candidate_commodity_a,I,,30573324,-,2012-10,5148010964,,2026-09-02
candidate_commodity_a,I,,32452732,-,2012-11,4983179710,,2026-09-02
candidate_commodity_a,I,,37507855,-,2012-12,5298546922,,2026-09-02
candidate_commodity_a,I,,27808840,-,2013-01,4798572969,,2026-09-02
candidate_commodity_a,I,,28375203,-,2013-02,5283269206,,2026-09-02
candidate_commodity_a,I,,35835882,-,2013-03,6270249121,,2026-09-02
candidate_commodity_a,I,,35290618,-,2013-04,5775769697,,2026-09-02
candidate_commodity_a,I,,36621995,-,2013-05,5765204286,,2026-09-02
candidate_commodity_a,I,,34808849,-,2013-06,6058610664,,2026-09-02
candidate_commodity_a,I,,35331892,-,2013-07,5958497443,,2026-09-02
candidate_commodity_a,I,,38405016,-,2013-08,5782109839,,2026-09-02
candidate_commodity_a,I,,35950870,-,2013-09,5970950368,,2026-09-02
candidate_commodity_a,I,,39490965,-,2013-10,6102969356,,2026-09-02
candidate_commodity_a,I,,40289004,-,2013-11,5898811957,,2026-09-02
candidate_commodity_a,I,,47563578,-,2013-12,6109178044,,2026-09-02
candidate_commodity_a,I,,30833608,-,2014-01,5251917032,,2026-09-02
candidate_commodity_a,I,,34212209,-,2014-02,5799170057,,2026-09-02
candidate_commodity_a,I,,38878086,-,2014-03,6383275508,,2026-09-02
candidate_commodity_a,I,,39592747,-,2014-04,6067182159,,2026-09-02
candidate_commodity_a,I,,37161911,-,2014-05,5606008757,,2026-09-02
candidate_commodity_a,I,,37333043,-,2014-06,5940015772,,2026-09-02
candidate_commodity_a,I,,38890981,-,2014-07,6191917647,,2026-09-02
candidate_commodity_a,I,,41563333,-,2014-08,5704817472,,2026-09-02
candidate_commodity_a,I,,37762359,-,2014-09,6382087103,,2026-09-02
candidate_commodity_a,I,,47454656,-,2014-10,6687313504,,2026-09-02
candidate_commodity_a,I,,45210120,-,2014-11,6187518807,,2026-09-02
candidate_commodity_a,I,,52632905,-,2014-12,6891804493,,2026-09-02
candidate_commodity_a,I,,46951824,-,2015-01,6140891682,,2026-09-02
candidate_commodity_a,I,,40326160,-,2015-02,5940749046,,2026-09-02
candidate_commodity_a,I,,49677640,-,2015-03,6926741388,,2026-09-02
candidate_commodity_a,I,,51523841,-,2015-04,6548769906,,2026-09-02
candidate_commodity_a,I,,45383711,-,2015-05,5737870695,,2026-09-02
candidate_commodity_a,I,,45857803,-,2015-06,6504696538,,2026-09-02
candidate_commodity_a,I,,49046363,-,2015-07,6662871116,,2026-09-02
candidate_commodity_a,I,,49063073,-,2015-08,5880185443,,2026-09-02
candidate_commodity_a,I,,48106122,-,2015-09,6413303277,,2026-09-02
candidate_commodity_a,I,,56195108,-,2015-10,6541289708,,2026-09-02
candidate_commodity_a,I,,51545597,-,2015-11,5978713942,,2026-09-02
candidate_commodity_a,I,,64935934,-,2015-12,6337846121,,2026-09-02
candidate_commodity_a,I,,44368060,-,2016-01,5350536491,,2026-09-02
candidate_commodity_a,I,,41445341,-,2016-02,5702255866,,2026-09-02
candidate_commodity_a,I,,51282139,-,2016-03,6456793157,,2026-09-02
candidate_commodity_a,I,,52673718,-,2016-04,5889551488,,2026-09-02
candidate_commodity_a,I,,44984983,-,2016-05,5091944315,,2026-09-02
candidate_commodity_a,I,,52122559,-,2016-06,6025343551,,2026-09-02
candidate_commodity_a,I,,47360270,-,2016-07,5728432781,,2026-09-02
candidate_commodity_a,I,,45729096,-,2016-08,5634318644,,2026-09-02
candidate_commodity_a,I,,51752441,-,2016-09,5968949205,,2026-09-02
candidate_commodity_a,I,,54026757,-,2016-10,5870245657,,2026-09-02
candidate_commodity_a,I,,53285142,-,2016-11,5956403435,,2026-09-02
candidate_commodity_a,I,,68230390,-,2016-12,6678921225,,2026-09-02
candidate_commodity_a,I,,37393197,-,2017-01,5420942231,,2026-09-02
candidate_commodity_a,I,,50295174,-,2017-02,6347122559,,2026-09-02
candidate_commodity_a,I,,58402130,-,2017-03,7227998277,,2026-09-02
candidate_commodity_a,I,,51287426,-,2017-04,6330189902,,2026-09-02
candidate_commodity_a,I,,46888884,-,2017-05,5851616236,,2026-09-02
candidate_commodity_a,I,,51051308,-,2017-06,6607970983,,2026-09-02
candidate_commodity_a,I,,49146101,-,2017-07,6494640256,,2026-09-02
candidate_commodity_a,I,,49371273,-,2017-08,6278485972,,2026-09-02
candidate_commodity_a,I,,53322683,-,2017-09,6810697106,,2026-09-02
candidate_commodity_a,I,,59275973,-,2017-10,6692904349,,2026-09-02
candidate_commodity_a,I,,61387561,-,2017-11,6920011796,,2026-09-02
candidate_commodity_a,I,,76696123,-,2017-12,7303877381,,2026-09-02
candidate_commodity_a,I,,51755495,-,2018-01,6085961928,,2026-09-02
candidate_commodity_a,I,,47161773,-,2018-02,6462796270,,2026-09-02
candidate_commodity_a,I,,63279790,-,2018-03,7382097114,,2026-09-02
candidate_commodity_a,I,,64515128,-,2018-04,6822277991,,2026-09-02
candidate_commodity_a,I,,58945613,-,2018-05,6326873106,,2026-09-02
candidate_commodity_a,I,,62113293,-,2018-06,7053834838,,2026-09-02
candidate_commodity_a,I,,59795128,-,2018-07,6747929534,,2026-09-02
candidate_commodity_a,I,,59257507,-,2018-08,6687800164,,2026-09-02
candidate_commodity_a,I,,63059101,-,2018-09,6716828606,,2026-09-02
candidate_commodity_a,I,,67949976,-,2018-10,7243462777,,2026-09-02
candidate_commodity_a,I,,68286709,-,2018-11,6927096583,,2026-09-02
candidate_commodity_a,I,,74535752,-,2018-12,7021793763,,2026-09-02
candidate_commodity_a,I,,49102492,-,2019-01,5574422796,,2026-09-02
candidate_commodity_a,I,,58127666,-,2019-02,6385419289,,2026-09-02
candidate_commodity_a,I,,68707286,-,2019-03,7202147128,,2026-09-02
candidate_commodity_a,I,,68428729,-,2019-04,6664294468,,2026-09-02
candidate_commodity_a,I,,53719452,-,2019-05,5837841427,,2026-09-02
candidate_commodity_a,I,,67022252,-,2019-06,6585086798,,2026-09-02
candidate_commodity_a,I,,62706431,-,2019-07,6643459913,,2026-09-02
candidate_commodity_a,I,,57199586,-,2019-08,6138719941,,2026-09-02
candidate_commodity_a,I,,59732007,-,2019-09,6368995881,,2026-09-02
candidate_commodity_a,I,,64452617,-,2019-10,6576171779,,2026-09-02
candidate_commodity_a,I,,69111820,-,2019-11,6379008038,,2026-09-02
candidate_commodity_a,I,,75956432,-,2019-12,6576097457,,2026-09-02
candidate_commodity_a,I,,46381860,-,2020-01,5437800269,,2026-09-02
candidate_commodity_a,I,,57630569,-,2020-02,6319700664,,2026-09-02
candidate_commodity_a,I,,62130443,-,2020-03,6357067568,,2026-09-02
candidate_commodity_a,I,,62180111,-,2020-04,6284331416,,2026-09-02
candidate_commodity_a,I,,57228334,-,2020-05,5545134231,,2026-09-02
candidate_commodity_a,I,,64770588,-,2020-06,5340378995,,2026-09-02
candidate_commodity_a,I,,65655364,-,2020-07,5895090044,,2026-09-02
candidate_commodity_a,I,,64621610,-,2020-08,5923721875,,2026-09-02
candidate_commodity_a,I,,69043278,-,2020-09,6423074141,,2026-09-02
candidate_commodity_a,I,,78235559,-,2020-10,6977759964,,2026-09-02
candidate_commodity_a,I,,75873969,-,2020-11,6540014861,,2026-09-02
candidate_commodity_a,I,,86359801,-,2020-12,7516673293,,2026-09-02
candidate_commodity_a,I,,65761110,-,2021-01,6859501786,,2026-09-02
candidate_commodity_a,I,,63721675,-,2021-02,6755474139,,2026-09-02
candidate_commodity_a,I,,86848932,-,2021-03,7392888538,,2026-09-02
candidate_commodity_a,I,,85400156,-,2021-04,7289690141,,2026-09-02
candidate_commodity_a,I,,74309014,-,2021-05,7159056249,,2026-09-02
candidate_commodity_a,I,,79476966,-,2021-06,7483815605,,2026-09-02
candidate_commodity_a,I,,82457708,-,2021-07,7520864187,,2026-09-02
candidate_commodity_a,I,,83492924,-,2021-08,7179926874,,2026-09-02
candidate_commodity_a,I,,84636906,-,2021-09,7329067847,,2026-09-02
candidate_commodity_a,I,,91656767,-,2021-10,7304615760,,2026-09-02
candidate_commodity_a,I,,89903054,-,2021-11,7366962876,,2026-09-02
candidate_commodity_a,I,,104763367,-,2021-12,7881087673,,2026-09-02
candidate_commodity_a,I,,66405799,-,2022-01,6809749984,,2026-09-02
candidate_commodity_a,I,,75381665,-,2022-02,7188936731,,2026-09-02
candidate_commodity_a,I,,92314393,-,2022-03,8458470235,,2026-09-02
candidate_commodity_a,I,,97363569,-,2022-04,8075341574,,2026-09-02
candidate_commodity_a,I,,87866835,-,2022-05,7250949108,,2026-09-02
candidate_commodity_a,I,,99981620,-,2022-06,8613709671,,2026-09-02
candidate_commodity_a,I,,100214794,-,2022-07,8752791678,,2026-09-02
candidate_commodity_a,I,,96148782,-,2022-08,8060539330,,2026-09-02
candidate_commodity_a,I,,97217606,-,2022-09,8817639811,,2026-09-02
candidate_commodity_a,I,,106908378,-,2022-10,9001316536,,2026-09-02
candidate_commodity_a,I,,104372995,-,2022-11,8836797015,,2026-09-02
candidate_commodity_a,I,,112390648,-,2022-12,8786841902,,2026-09-02
candidate_commodity_a,I,,62759756,-,2023-01,6550040527,,2026-09-02
candidate_commodity_a,I,,89364279,-,2023-02,7654026140,,2026-09-02
candidate_commodity_a,I,,104452597,-,2023-03,8823048792,,2026-09-02
candidate_commodity_a,I,,104315172,-,2023-04,8290864372,,2026-09-02
candidate_commodity_a,I,,93604121,-,2023-05,7291799482,,2026-09-02
candidate_commodity_a,I,,102181276,-,2023-06,8740792479,,2026-09-02
candidate_commodity_a,I,,101345016,-,2023-07,8724068727,,2026-09-02
candidate_commodity_a,I,,85745493,-,2023-08,7994246865,,2026-09-02
candidate_commodity_a,I,,93216964,-,2023-09,9198635730,,2026-09-02
candidate_commodity_a,I,,93485108,-,2023-10,9145149908,,2026-09-02
candidate_commodity_a,I,,90967504,-,2023-11,8817953068,,2026-09-02
candidate_commodity_a,I,,105904837,-,2023-12,9642422951,,2026-09-02
candidate_commodity_a,I,,71707501,-,2024-01,7332641295,,2026-09-02
candidate_commodity_a,I,,84333326,-,2024-02,8248911081,,2026-09-02
candidate_commodity_a,I,,98712207,-,2024-03,9474897787,,2026-09-02
candidate_commodity_a,I,,97332139,-,2024-04,8979608519,,2026-09-02
candidate_commodity_a,I,,88984549,-,2024-05,8277289832,,2026-09-02
candidate_commodity_a,I,,95629763,-,2024-06,9208858036,,2026-09-02
candidate_commodity_a,I,,96276878,-,2024-07,9611593737,,2026-09-02
candidate_commodity_a,I,,89389663,-,2024-08,8432503763,,2026-09-02
candidate_commodity_a,I,,103342342,-,2024-09,9036860989,,2026-09-02
candidate_commodity_a,I,,106744257,-,2024-10,9425707573,,2026-09-02
candidate_commodity_a,I,,110488706,-,2024-11,9152002655,,2026-09-02
candidate_commodity_a,I,,135116531,-,2024-12,9906635820,,2026-09-02
candidate_commodity_a,I,,81059792,-,2025-01,7864845132,,2026-09-02
candidate_commodity_a,I,,105312729,-,2025-02,9189794911,,2026-09-02
candidate_commodity_a,I,,121784845,-,2025-03,9851552372,,2026-09-02
candidate_commodity_a,I,,115209839,-,2025-04,9149897735,,2026-09-02
candidate_commodity_a,I,,104105163,-,2025-05,8129542157,,2026-09-02
candidate_commodity_a,I,,114927492,-,2025-06,9162327119,,2026-09-02
candidate_commodity_a,I,,111853761,-,2025-07,9344798663,,2026-09-02
candidate_commodity_a,I,,105840467,-,2025-08,8420077972,,2026-09-02
candidate_commodity_a,I,,122829525,-,2025-09,9404854145,,2026-09-02
candidate_commodity_a,I,,120839374,-,2025-10,9766185280,,2026-09-02
candidate_commodity_a,I,,122567087,-,2025-11,9708885255,,2026-09-02
candidate_commodity_a,I,,142741239,-,2025-12,10407693941,,2026-09-02
candidate_commodity_a,I,,106317594,-,2026-01,9185075620,,2026-09-02
candidate_commodity_a,I,,108966232,-,2026-02,9559614454,,2026-09-02
candidate_commodity_a,I,,132828800,-,2026-03,10981365626,,2026-09-02
candidate_commodity_a,I,,132892664,-,2026-04,10506425454,,2026-09-02
candidate_commodity_a,I,,118474180,-,2026-05,9499093475,,2026-09-02
candidate_commodity_a,I,,123705517,-,2026-06,10926534582,,2026-09-02
candidate_commodity_a,I,,126074029,-,2026-07,11509373578,,2026-09-02
candidate_commodity_b,I,,224815297,-,1988-01,1796164853,,2026-09-02
candidate_commodity_b,I,,241040496,-,1988-02,1927670914,,2026-09-02
candidate_commodity_b,I,,280855659,-,1988-03,1963965033,,2026-09-02
candidate_commodity_b,I,,285953262,-,1988-04,1971996284,,2026-09-02
candidate_commodity_b,I,,290720835,-,1988-05,1928914302,,2026-09-02
candidate_commodity_b,I,,323240876,-,1988-06,2016621821,,2026-09-02
candidate_commodity_b,I,,340425596,-,1988-07,2097989785,,2026-09-02
candidate_commodity_b,I,,378473473,-,1988-08,2113415332,,2026-09-02
candidate_commodity_b,I,,340723188,-,1988-09,2068934053,,2026-09-02
candidate_commodity_b,I,,361859334,-,1988-10,2088890851,,2026-09-02
candidate_commodity_b,I,,344085449,-,1988-11,2020461335,,2026-09-02
candidate_commodity_b,I,,323199886,-,1988-12,2011295296,,2026-09-02
candidate_commodity_b,I,,275388672,-,1989-01,2024444396,,2026-09-02
candidate_commodity_b,I,,262427116,-,1989-02,1946462225,,2026-09-02
candidate_commodity_b,I,,377403642,-,1989-03,2544696946,,2026-09-02
candidate_commodity_b,I,,326248608,-,1989-04,2104684284,,2026-09-02
candidate_commodity_b,I,,372951651,-,1989-05,2400801378,,2026-09-02
candidate_commodity_b,I,,390672139,-,1989-06,2491568117,,2026-09-02
candidate_commodity_b,I,,379610227,-,1989-07,2472457831,,2026-09-02
candidate_commodity_b,I,,397738214,-,1989-08,2589486276,,2026-09-02
candidate_commodity_b,I,,359289577,-,1989-09,2485380823,,2026-09-02
candidate_commodity_b,I,,372470412,-,1989-10,2618926165,,2026-09-02
candidate_commodity_b,I,,390942046,-,1989-11,2646520820,,2026-09-02
candidate_commodity_b,I,,359105547,-,1989-12,2653143320,,2026-09-02
candidate_commodity_b,I,,319139306,-,1990-01,2648894855,,2026-09-02
candidate_commodity_b,I,,302549962,-,1990-02,2468818441,,2026-09-02
candidate_commodity_b,I,,408457039,-,1990-03,2823489159,,2026-09-02
candidate_commodity_b,I,,395995058,-,1990-04,2887652595,,2026-09-02
candidate_commodity_b,I,,431657672,-,1990-05,2899544419,,2026-09-02
candidate_commodity_b,I,,414357123,-,1990-06,2604347613,,2026-09-02
candidate_commodity_b,I,,412829552,-,1990-07,2822566286,,2026-09-02
candidate_commodity_b,I,,406140686,-,1990-08,2830271046,,2026-09-02
candidate_commodity_b,I,,342488742,-,1990-09,2711024287,,2026-09-02
candidate_commodity_b,I,,395603206,-,1990-10,3142903612,,2026-09-02
candidate_commodity_b,I,,387741099,-,1990-11,3015229249,,2026-09-02
candidate_commodity_b,I,,355394726,-,1990-12,3000466076,,2026-09-02
candidate_commodity_b,I,,332965165,-,1991-01,2827441144,,2026-09-02
candidate_commodity_b,I,,334923545,-,1991-02,2608426257,,2026-09-02
candidate_commodity_b,I,,372518443,-,1991-03,2821264514,,2026-09-02
candidate_commodity_b,I,,374818310,-,1991-04,2449686339,,2026-09-02
candidate_commodity_b,I,,442050992,-,1991-05,2794954173,,2026-09-02
candidate_commodity_b,I,,385855617,-,1991-06,2529928197,,2026-09-02
candidate_commodity_b,I,,419055589,-,1991-07,2778148908,,2026-09-02
candidate_commodity_b,I,,388181559,-,1991-08,2616963288,,2026-09-02
candidate_commodity_b,I,,349950695,-,1991-09,2450567764,,2026-09-02
candidate_commodity_b,I,,430166927,-,1991-10,2799973754,,2026-09-02
candidate_commodity_b,I,,423147269,-,1991-11,2697824120,,2026-09-02
candidate_commodity_b,I,,392364102,-,1991-12,2524975064,,2026-09-02
candidate_commodity_b,I,,356983116,-,1992-01,2546349846,,2026-09-02
candidate_commodity_b,I,,330183068,-,1992-02,2248489560,,2026-09-02
candidate_commodity_b,I,,403779222,-,1992-03,2532558620,,2026-09-02
candidate_commodity_b,I,,458709772,-,1992-04,2679644816,,2026-09-02
candidate_commodity_b,I,,401766524,-,1992-05,2347768380,,2026-09-02
candidate_commodity_b,I,,414791486,-,1992-06,2456025147,,2026-09-02
candidate_commodity_b,I,,415632808,-,1992-07,2548003326,,2026-09-02
candidate_commodity_b,I,,386467571,-,1992-08,2429167268,,2026-09-02
candidate_commodity_b,I,,388453040,-,1992-09,2431192336,,2026-09-02
candidate_commodity_b,I,,417382333,-,1992-10,2447708909,,2026-09-02
candidate_commodity_b,I,,378268411,-,1992-11,2419442120,,2026-09-02
candidate_commodity_b,I,,375337620,-,1992-12,2441069032,,2026-09-02
candidate_commodity_b,I,,334832218,-,1993-01,2357365563,,2026-09-02
candidate_commodity_b,I,,297189673,-,1993-02,2157311473,,2026-09-02
candidate_commodity_b,I,,393487167,-,1993-03,2510348134,,2026-09-02
candidate_commodity_b,I,,387246767,-,1993-04,2349806884,,2026-09-02
candidate_commodity_b,I,,355620430,-,1993-05,2124148119,,2026-09-02
candidate_commodity_b,I,,383092596,-,1993-06,2224456750,,2026-09-02
candidate_commodity_b,I,,384394768,-,1993-07,2207051486,,2026-09-02
candidate_commodity_b,I,,353436154,-,1993-08,2147567439,,2026-09-02
candidate_commodity_b,I,,340877001,-,1993-09,2173181801,,2026-09-02
candidate_commodity_b,I,,382101587,-,1993-10,2161844659,,2026-09-02
candidate_commodity_b,I,,389148587,-,1993-11,2265071063,,2026-09-02
candidate_commodity_b,I,,376481427,-,1993-12,2148203868,,2026-09-02
candidate_commodity_b,I,,337671834,-,1994-01,2228338869,,2026-09-02
candidate_commodity_b,I,,315618754,-,1994-02,2041913309,,2026-09-02
candidate_commodity_b,I,,431007144,-,1994-03,2378333198,,2026-09-02
candidate_commodity_b,I,,412201164,-,1994-04,2280632270,,2026-09-02
candidate_commodity_b,I,,411223928,-,1994-05,2226359910,,2026-09-02
candidate_commodity_b,I,,436388867,-,1994-06,2334820673,,2026-09-02
candidate_commodity_b,I,,395506894,-,1994-07,2213499422,,2026-09-02
candidate_commodity_b,I,,417176567,-,1994-08,2512787936,,2026-09-02
candidate_commodity_b,I,,387468549,-,1994-09,2401458244,,2026-09-02
candidate_commodity_b,I,,409370584,-,1994-10,2512406524,,2026-09-02
candidate_commodity_b,I,,422481123,-,1994-11,2521965933,,2026-09-02
candidate_commodity_b,I,,394762199,-,1994-12,2451811055,,2026-09-02
candidate_commodity_b,I,,335834727,-,1995-01,2443974354,,2026-09-02
candidate_commodity_b,I,,336046089,-,1995-02,2373411995,,2026-09-02
candidate_commodity_b,I,,402105042,-,1995-03,2715686031,,2026-09-02
candidate_commodity_b,I,,401539408,-,1995-04,2538872628,,2026-09-02
candidate_commodity_b,I,,386629013,-,1995-05,2394514680,,2026-09-02
candidate_commodity_b,I,,395022279,-,1995-06,2424017789,,2026-09-02
candidate_commodity_b,I,,406993265,-,1995-07,2448986996,,2026-09-02
candidate_commodity_b,I,,401604120,-,1995-08,2659839489,,2026-09-02
candidate_commodity_b,I,,393442374,-,1995-09,2699229046,,2026-09-02
candidate_commodity_b,I,,482202090,-,1995-10,3020078500,,2026-09-02
candidate_commodity_b,I,,425889367,-,1995-11,2931170209,,2026-09-02
candidate_commodity_b,I,,416532308,-,1995-12,2898972164,,2026-09-02
candidate_commodity_b,I,,369999673,-,1996-01,2964494500,,2026-09-02
candidate_commodity_b,I,,378469089,-,1996-02,2979873662,,2026-09-02
candidate_commodity_b,I,,400996121,-,1996-03,2992906469,,2026-09-02
candidate_commodity_b,I,,552271866,-,1996-04,3329344233,,2026-09-02
candidate_commodity_b,I,,520403489,-,1996-05,3176845485,,2026-09-02
candidate_commodity_b,I,,506271259,-,1996-06,2931366058,,2026-09-02
candidate_commodity_b,I,,503289593,-,1996-07,3325555642,,2026-09-02
candidate_commodity_b,I,,439131658,-,1996-08,3106848451,,2026-09-02
candidate_commodity_b,I,,409571407,-,1996-09,3097268158,,2026-09-02
candidate_commodity_b,I,,514289214,-,1996-10,3500241833,,2026-09-02
candidate_commodity_b,I,,479732704,-,1996-11,3298353186,,2026-09-02
candidate_commodity_b,I,,448971638,-,1996-12,3290323429,,2026-09-02
candidate_commodity_b,I,,445035984,-,1997-01,3565800750,,2026-09-02
candidate_commodity_b,I,,405073330,-,1997-02,3309676030,,2026-09-02
candidate_commodity_b,I,,467120855,-,1997-03,3740037814,,2026-09-02
candidate_commodity_b,I,,503578796,-,1997-04,3619788314,,2026-09-02
candidate_commodity_b,I,,492833368,-,1997-05,3370685627,,2026-09-02
candidate_commodity_b,I,,440150228,-,1997-06,3160161585,,2026-09-02
candidate_commodity_b,I,,513382332,-,1997-07,3442090633,,2026-09-02
candidate_commodity_b,I,,453817923,-,1997-08,3217064124,,2026-09-02
candidate_commodity_b,I,,440755522,-,1997-09,3359985804,,2026-09-02
candidate_commodity_b,I,,511251818,-,1997-10,3540083612,,2026-09-02
candidate_commodity_b,I,,427464714,-,1997-11,3162284761,,2026-09-02
candidate_commodity_b,I,,478417919,-,1997-12,3468523519,,2026-09-02
candidate_commodity_b,I,,422702596,-,1998-01,3453338979,,2026-09-02
candidate_commodity_b,I,,368649015,-,1998-02,2816798387,,2026-09-02
candidate_commodity_b,I,,452066291,-,1998-03,3350661726,,2026-09-02
candidate_commodity_b,I,,496104767,-,1998-04,3124009126,,2026-09-02
candidate_commodity_b,I,,469791854,-,1998-05,2824213082,,2026-09-02
candidate_commodity_b,I,,477140987,-,1998-06,3132921136,,2026-09-02
candidate_commodity_b,I,,501530136,-,1998-07,3251096504,,2026-09-02
candidate_commodity_b,I,,462449875,-,1998-08,3123044847,,2026-09-02
candidate_commodity_b,I,,445383043,-,1998-09,3054992321,,2026-09-02
candidate_commodity_b,I,,460034965,-,1998-10,3015404845,,2026-09-02
candidate_commodity_b,I,,440422624,-,1998-11,2788936281,,2026-09-02
candidate_commodity_b,I,,414957150,-,1998-12,2718229949,,2026-09-02
candidate_commodity_b,I,,392520742,-,1999-01,2696581738,,2026-09-02
candidate_commodity_b,I,,364663185,-,1999-02,2662082497,,2026-09-02
candidate_commodity_b,I,,417176937,-,1999-03,3002238643,,2026-09-02
candidate_commodity_b,I,,486295916,-,1999-04,2986604714,,2026-09-02
candidate_commodity_b,I,,425357673,-,1999-05,2741014122,,2026-09-02
candidate_commodity_b,I,,443399705,-,1999-06,2924476179,,2026-09-02
candidate_commodity_b,I,,448187774,-,1999-07,2977241777,,2026-09-02
candidate_commodity_b,I,,408441727,-,1999-08,3039850528,,2026-09-02
candidate_commodity_b,I,,382870876,-,1999-09,2895532232,,2026-09-02
candidate_commodity_b,I,,401355445,-,1999-10,2963671008,,2026-09-02
candidate_commodity_b,I,,446794362,-,1999-11,3226216496,,2026-09-02
candidate_commodity_b,I,,422998237,-,1999-12,3152498129,,2026-09-02
candidate_commodity_b,I,,371923366,-,2000-01,2992192350,,2026-09-02
candidate_commodity_b,I,,365551647,-,2000-02,2957534578,,2026-09-02
candidate_commodity_b,I,,424608459,-,2000-03,3594783576,,2026-09-02
candidate_commodity_b,I,,431582213,-,2000-04,3236988257,,2026-09-02
candidate_commodity_b,I,,434312818,-,2000-05,3276435493,,2026-09-02
candidate_commodity_b,I,,418740427,-,2000-06,3294590458,,2026-09-02
candidate_commodity_b,I,,410201744,-,2000-07,3312744506,,2026-09-02
candidate_commodity_b,I,,414966639,-,2000-08,3598579064,,2026-09-02
candidate_commodity_b,I,,380289424,-,2000-09,3386040037,,2026-09-02
candidate_commodity_b,I,,428669464,-,2000-10,3787235915,,2026-09-02
candidate_commodity_b,I,,442156005,-,2000-11,3687485623,,2026-09-02
candidate_commodity_b,I,,443352556,-,2000-12,3813813111,,2026-09-02
candidate_commodity_b,I,,392753746,-,2001-01,3722447077,,2026-09-02
candidate_commodity_b,I,,357433764,-,2001-02,3321682161,,2026-09-02
candidate_commodity_b,I,,457888572,-,2001-03,4011328312,,2026-09-02
candidate_commodity_b,I,,460236875,-,2001-04,3668723105,,2026-09-02
candidate_commodity_b,I,,484384318,-,2001-05,3739635172,,2026-09-02
candidate_commodity_b,I,,430265068,-,2001-06,3379705890,,2026-09-02
candidate_commodity_b,I,,461325542,-,2001-07,3619999731,,2026-09-02
candidate_commodity_b,I,,418346187,-,2001-08,3520153767,,2026-09-02
candidate_commodity_b,I,,382116444,-,2001-09,3119888096,,2026-09-02
candidate_commodity_b,I,,467910373,-,2001-10,3612558913,,2026-09-02
candidate_commodity_b,I,,479293473,-,2001-11,3397419893,,2026-09-02
candidate_commodity_b,I,,458601049,-,2001-12,3301990885,,2026-09-02
candidate_commodity_b,I,,424839956,-,2002-01,3389439054,,2026-09-02
candidate_commodity_b,I,,396114505,-,2002-02,3244348010,,2026-09-02
candidate_commodity_b,I,,425339122,-,2002-03,3515208354,,2026-09-02
candidate_commodity_b,I,,486959925,-,2002-04,3573629714,,2026-09-02
candidate_commodity_b,I,,470305886,-,2002-05,3535013417,,2026-09-02
candidate_commodity_b,I,,405981857,-,2002-06,3209513349,,2026-09-02
candidate_commodity_b,I,,465373917,-,2002-07,3651637631,,2026-09-02
candidate_commodity_b,I,,410014922,-,2002-08,3428898494,,2026-09-02
candidate_commodity_b,I,,399062407,-,2002-09,3398715832,,2026-09-02
candidate_commodity_b,I,,438834711,-,2002-10,3757629587,,2026-09-02
candidate_commodity_b,I,,493639531,-,2002-11,3750093576,,2026-09-02
candidate_commodity_b,I,,465869583,-,2002-12,3773378927,,2026-09-02
candidate_commodity_b,I,,409226489,-,2003-01,3745323180,,2026-09-02
candidate_commodity_b,I,,359020794,-,2003-02,3397573362,,2026-09-02
candidate_commodity_b,I,,406985519,-,2003-03,3845694609,,2026-09-02
candidate_commodity_b,I,,467954338,-,2003-04,3780476829,,2026-09-02
candidate_commodity_b,I,,449540903,-,2003-05,3612061805,,2026-09-02
candidate_commodity_b,I,,413706515,-,2003-06,3590678652,,2026-09-02
candidate_commodity_b,I,,478826975,-,2003-07,3854003867,,2026-09-02
candidate_commodity_b,I,,391562687,-,2003-08,3551402162,,2026-09-02
candidate_commodity_b,I,,412800585,-,2003-09,3760791874,,2026-09-02
candidate_commodity_b,I,,454069670,-,2003-10,3830868789,,2026-09-02
candidate_commodity_b,I,,418204504,-,2003-11,3557493736,,2026-09-02
candidate_commodity_b,I,,442676024,-,2003-12,3835654487,,2026-09-02
candidate_commodity_b,I,,389940646,-,2004-01,3785937084,,2026-09-02
candidate_commodity_b,I,,360339238,-,2004-02,3371976820,,2026-09-02
candidate_commodity_b,I,,460930775,-,2004-03,4323834658,,2026-09-02
candidate_commodity_b,I,,489878574,-,2004-04,4031562860,,2026-09-02
candidate_commodity_b,I,,439764820,-,2004-05,3793552714,,2026-09-02
candidate_commodity_b,I,,463214495,-,2004-06,4148621116,,2026-09-02
candidate_commodity_b,I,,469850881,-,2004-07,4178830575,,2026-09-02
candidate_commodity_b,I,,431763017,-,2004-08,4212543255,,2026-09-02
candidate_commodity_b,I,,406420213,-,2004-09,4232570452,,2026-09-02
candidate_commodity_b,I,,438661111,-,2004-10,4317953930,,2026-09-02
candidate_commodity_b,I,,491605199,-,2004-11,4557901734,,2026-09-02
candidate_commodity_b,I,,459786079,-,2004-12,4261351148,,2026-09-02
candidate_commodity_b,I,,417692207,-,2005-01,4223237785,,2026-09-02
candidate_commodity_b,I,,373379297,-,2005-02,3762243525,,2026-09-02
candidate_commodity_b,I,,446971939,-,2005-03,4665412271,,2026-09-02
candidate_commodity_b,I,,507306825,-,2005-04,4556789013,,2026-09-02
candidate_commodity_b,I,,493397703,-,2005-05,4510471065,,2026-09-02
candidate_commodity_b,I,,468068628,-,2005-06,4619861311,,2026-09-02
candidate_commodity_b,I,,476073868,-,2005-07,4674822852,,2026-09-02
candidate_commodity_b,I,,476580273,-,2005-08,5117418084,,2026-09-02
candidate_commodity_b,I,,439866130,-,2005-09,4978514768,,2026-09-02
candidate_commodity_b,I,,463557816,-,2005-10,5092710633,,2026-09-02
candidate_commodity_b,I,,504293050,-,2005-11,5319153065,,2026-09-02
candidate_commodity_b,I,,491635507,-,2005-12,5428757809,,2026-09-02
candidate_commodity_b,I,,440843906,-,2006-01,5398061522,,2026-09-02
candidate_commodity_b,I,,396829831,-,2006-02,4939724360,,2026-09-02
candidate_commodity_b,I,,493723296,-,2006-03,5875007216,,2026-09-02
candidate_commodity_b,I,,488952127,-,2006-04,5518229259,,2026-09-02
candidate_commodity_b,I,,487695439,-,2006-05,5347092349,,2026-09-02
candidate_commodity_b,I,,483858311,-,2006-06,5470998164,,2026-09-02
candidate_commodity_b,I,,463098252,-,2006-07,5469541956,,2026-09-02
candidate_commodity_b,I,,469887862,-,2006-08,5948717914,,2026-09-02
candidate_commodity_b,I,,436849671,-,2006-09,5821682055,,2026-09-02
candidate_commodity_b,I,,501465160,-,2006-10,5984091333,,2026-09-02
candidate_commodity_b,I,,527884637,-,2006-11,5721671318,,2026-09-02
candidate_commodity_b,I,,518552936,-,2006-12,5849475626,,2026-09-02
candidate_commodity_b,I,,475166761,-,2007-01,5950876333,,2026-09-02
candidate_commodity_b,I,,446442444,-,2007-02,5454625525,,2026-09-02
candidate_commodity_b,I,,497967111,-,2007-03,5910344170,,2026-09-02
candidate_commodity_b,I,,503678843,-,2007-04,5730446967,,2026-09-02
candidate_commodity_b,I,,555331043,-,2007-05,6172301857,,2026-09-02
candidate_commodity_b,I,,527292632,-,2007-06,6040084531,,2026-09-02
candidate_commodity_b,I,,516862762,-,2007-07,6381147551,,2026-09-02
candidate_commodity_b,I,,511814152,-,2007-08,6291025502,,2026-09-02
candidate_commodity_b,I,,434764236,-,2007-09,5646800569,,2026-09-02
candidate_commodity_b,I,,514693375,-,2007-10,6507053382,,2026-09-02
candidate_commodity_b,I,,536308877,-,2007-11,6484190687,,2026-09-02
candidate_commodity_b,I,,520495297,-,2007-12,6567023353,,2026-09-02
candidate_commodity_b,I,,473305644,-,2008-01,6514634706,,2026-09-02
candidate_commodity_b,I,,450308204,-,2008-02,6037854109,,2026-09-02
candidate_commodity_b,I,,493356727,-,2008-03,6585510054,,2026-09-02
candidate_commodity_b,I,,543497614,-,2008-04,6430726617,,2026-09-02
candidate_commodity_b,I,,570881821,-,2008-05,6465660628,,2026-09-02
candidate_commodity_b,I,,552812410,-,2008-06,7048036399,,2026-09-02
candidate_commodity_b,I,,548065174,-,2008-07,7542581725,,2026-09-02
candidate_commodity_b,I,,527747314,-,2008-08,7365671561,,2026-09-02
candidate_commodity_b,I,,516670415,-,2008-09,7270331565,,2026-09-02
candidate_commodity_b,I,,564029287,-,2008-10,6990024853,,2026-09-02
candidate_commodity_b,I,,481082760,-,2008-11,5551007837,,2026-09-02
candidate_commodity_b,I,,490069673,-,2008-12,5152709872,,2026-09-02
candidate_commodity_b,I,,413591817,-,2009-01,4445761560,,2026-09-02
candidate_commodity_b,I,,354649520,-,2009-02,3458727747,,2026-09-02
candidate_commodity_b,I,,428721913,-,2009-03,4189201290,,2026-09-02
candidate_commodity_b,I,,448840526,-,2009-04,4145719899,,2026-09-02
candidate_commodity_b,I,,429883911,-,2009-05,3738560178,,2026-09-02
candidate_commodity_b,I,,449100440,-,2009-06,4107418232,,2026-09-02
candidate_commodity_b,I,,452904836,-,2009-07,4477332505,,2026-09-02
candidate_commodity_b,I,,392773232,-,2009-08,4344586189,,2026-09-02
candidate_commodity_b,I,,379984207,-,2009-09,4591756385,,2026-09-02
candidate_commodity_b,I,,427695588,-,2009-10,4508259352,,2026-09-02
candidate_commodity_b,I,,397884285,-,2009-11,4622905877,,2026-09-02
candidate_commodity_b,I,,423364191,-,2009-12,4869148565,,2026-09-02
candidate_commodity_b,I,,383415441,-,2010-01,4857806000,,2026-09-02
candidate_commodity_b,I,,366668673,-,2010-02,4488869743,,2026-09-02
candidate_commodity_b,I,,421302381,-,2010-03,5068488946,,2026-09-02
candidate_commodity_b,I,,469138569,-,2010-04,5160502871,,2026-09-02
candidate_commodity_b,I,,449271641,-,2010-05,4999477334,,2026-09-02
candidate_commodity_b,I,,472264312,-,2010-06,5196697325,,2026-09-02
candidate_commodity_b,I,,465068285,-,2010-07,5197294412,,2026-09-02
candidate_commodity_b,I,,456750055,-,2010-08,5146004474,,2026-09-02
candidate_commodity_b,I,,420465359,-,2010-09,5065320646,,2026-09-02
candidate_commodity_b,I,,397675970,-,2010-10,4909868795,,2026-09-02
candidate_commodity_b,I,,444538046,-,2010-11,5282183737,,2026-09-02
candidate_commodity_b,I,,452861104,-,2010-12,5392442557,,2026-09-02
candidate_commodity_b,I,,425341439,-,2011-01,5467290509,,2026-09-02
candidate_commodity_b,I,,397844388,-,2011-02,4952034123,,2026-09-02
candidate_commodity_b,I,,462645326,-,2011-03,5687586976,,2026-09-02
candidate_commodity_b,I,,545614924,-,2011-04,5634385487,,2026-09-02
candidate_commodity_b,I,,528168078,-,2011-05,5619981014,,2026-09-02
candidate_commodity_b,I,,517486435,-,2011-06,5710161489,,2026-09-02
candidate_commodity_b,I,,486383128,-,2011-07,5712022895,,2026-09-02
candidate_commodity_b,I,,511082932,-,2011-08,6133136275,,2026-09-02
candidate_commodity_b,I,,464266063,-,2011-09,5685046014,,2026-09-02
candidate_commodity_b,I,,475641593,-,2011-10,5789941379,,2026-09-02
candidate_commodity_b,I,,531289911,-,2011-11,5887410169,,2026-09-02
candidate_commodity_b,I,,508457843,-,2011-12,5832190848,,2026-09-02
candidate_commodity_b,I,,479930640,-,2012-01,6004339387,,2026-09-02
candidate_commodity_b,I,,417787998,-,2012-02,5416730067,,2026-09-02
candidate_commodity_b,I,,482883563,-,2012-03,6285229378,,2026-09-02
candidate_commodity_b,I,,506110443,-,2012-04,6083326364,,2026-09-02
candidate_commodity_b,I,,537069228,-,2012-05,6144789157,,2026-09-02
candidate_commodity_b,I,,476185466,-,2012-06,5585766131,,2026-09-02
candidate_commodity_b,I,,497028897,-,2012-07,5840761453,,2026-09-02
candidate_commodity_b,I,,489345231,-,2012-08,5812840641,,2026-09-02
candidate_commodity_b,I,,449061170,-,2012-09,5926127300,,2026-09-02
candidate_commodity_b,I,,513592606,-,2012-10,5704206359,,2026-09-02
candidate_commodity_b,I,,507081906,-,2012-11,5940220307,,2026-09-02
candidate_commodity_b,I,,496181570,-,2012-12,5944295296,,2026-09-02
candidate_commodity_b,I,,492825694,-,2013-01,6431690300,,2026-09-02
candidate_commodity_b,I,,470353858,-,2013-02,6056595376,,2026-09-02
candidate_commodity_b,I,,519859065,-,2013-03,6627146258,,2026-09-02
candidate_commodity_b,I,,558157937,-,2013-04,6653135490,,2026-09-02
candidate_commodity_b,I,,604034037,-,2013-05,6756525758,,2026-09-02
candidate_commodity_b,I,,506527203,-,2013-06,6239138183,,2026-09-02
candidate_commodity_b,I,,578344552,-,2013-07,6990953628,,2026-09-02
candidate_commodity_b,I,,546175809,-,2013-08,6753518084,,2026-09-02
candidate_commodity_b,I,,498898592,-,2013-09,6914199468,,2026-09-02
candidate_commodity_b,I,,563361145,-,2013-10,7203395761,,2026-09-02
candidate_commodity_b,I,,560992822,-,2013-11,7199902106,,2026-09-02
candidate_commodity_b,I,,573564753,-,2013-12,7416344759,,2026-09-02
candidate_commodity_b,I,,559980377,-,2014-01,8047032407,,2026-09-02
candidate_commodity_b,I,,444165036,-,2014-02,6605298925,,2026-09-02
candidate_commodity_b,I,,519849521,-,2014-03,7833411545,,2026-09-02
candidate_commodity_b,I,,562496121,-,2014-04,6892709161,,2026-09-02
candidate_commodity_b,I,,593349537,-,2014-05,6523232141,,2026-09-02
candidate_commodity_b,I,,558165247,-,2014-06,6774072891,,2026-09-02
candidate_commodity_b,I,,600085116,-,2014-07,7158457838,,2026-09-02
candidate_commodity_b,I,,547527391,-,2014-08,6658032030,,2026-09-02
candidate_commodity_b,I,,562544817,-,2014-09,7344068242,,2026-09-02
candidate_commodity_b,I,,612265970,-,2014-10,7429072288,,2026-09-02
candidate_commodity_b,I,,560395524,-,2014-11,7086339814,,2026-09-02
candidate_commodity_b,I,,611024664,-,2014-12,7557385451,,2026-09-02
candidate_commodity_b,I,,576411589,-,2015-01,7301351693,,2026-09-02
candidate_commodity_b,I,,514567117,-,2015-02,6366783655,,2026-09-02
candidate_commodity_b,I,,557782708,-,2015-03,6703279125,,2026-09-02
candidate_commodity_b,I,,635921228,-,2015-04,6607111017,,2026-09-02
candidate_commodity_b,I,,583537208,-,2015-05,5953220724,,2026-09-02
candidate_commodity_b,I,,609710251,-,2015-06,6565599276,,2026-09-02
candidate_commodity_b,I,,610824036,-,2015-07,6924262173,,2026-09-02
candidate_commodity_b,I,,560474166,-,2015-08,6447725756,,2026-09-02
candidate_commodity_b,I,,566385710,-,2015-09,6534588011,,2026-09-02
candidate_commodity_b,I,,615146289,-,2015-10,6436503596,,2026-09-02
candidate_commodity_b,I,,576933796,-,2015-11,6366212005,,2026-09-02
candidate_commodity_b,I,,594408981,-,2015-12,6198898762,,2026-09-02
candidate_commodity_b,I,,521742154,-,2016-01,6007540986,,2026-09-02
candidate_commodity_b,I,,495127581,-,2016-02,5466799066,,2026-09-02
candidate_commodity_b,I,,524540162,-,2016-03,5711906613,,2026-09-02
candidate_commodity_b,I,,547786263,-,2016-04,5078292155,,2026-09-02
candidate_commodity_b,I,,531941590,-,2016-05,5139283453,,2026-09-02
candidate_commodity_b,I,,532589743,-,2016-06,5338872520,,2026-09-02
candidate_commodity_b,I,,519540332,-,2016-07,5223907982,,2026-09-02
candidate_commodity_b,I,,514877685,-,2016-08,5351016726,,2026-09-02
candidate_commodity_b,I,,499617601,-,2016-09,5482362445,,2026-09-02
candidate_commodity_b,I,,506604429,-,2016-10,5389091497,,2026-09-02
candidate_commodity_b,I,,583684733,-,2016-11,5809884502,,2026-09-02
candidate_commodity_b,I,,584829446,-,2016-12,6043015940,,2026-09-02
candidate_commodity_b,I,,537934088,-,2017-01,6525955196,,2026-09-02
candidate_commodity_b,I,,460266414,-,2017-02,5542596765,,2026-09-02
candidate_commodity_b,I,,591087572,-,2017-03,6624525130,,2026-09-02
candidate_commodity_b,I,,584662916,-,2017-04,5851936101,,2026-09-02
candidate_commodity_b,I,,595437962,-,2017-05,6056015370,,2026-09-02
candidate_commodity_b,I,,601389008,-,2017-06,6174724923,,2026-09-02
candidate_commodity_b,I,,586456394,-,2017-07,6088017434,,2026-09-02
candidate_commodity_b,I,,605667089,-,2017-08,6181724203,,2026-09-02
candidate_commodity_b,I,,579668411,-,2017-09,6156869043,,2026-09-02
candidate_commodity_b,I,,613756669,-,2017-10,6414349975,,2026-09-02
candidate_commodity_b,I,,644065010,-,2017-11,6814819280,,2026-09-02
candidate_commodity_b,I,,617254089,-,2017-12,6947697687,,2026-09-02
candidate_commodity_b,I,,582879655,-,2018-01,7049774500,,2026-09-02
candidate_commodity_b,I,,558059421,-,2018-02,6476651298,,2026-09-02
candidate_commodity_b,I,,560212805,-,2018-03,6597896496,,2026-09-02
candidate_commodity_b,I,,603558861,-,2018-04,6201319041,,2026-09-02
candidate_commodity_b,I,,644579001,-,2018-05,6904236053,,2026-09-02
candidate_commodity_b,I,,602650232,-,2018-06,6326051061,,2026-09-02
candidate_commodity_b,I,,616013486,-,2018-07,6975313401,,2026-09-02
candidate_commodity_b,I,,616380687,-,2018-08,7135886370,,2026-09-02
candidate_commodity_b,I,,549469484,-,2018-09,6592719966,,2026-09-02
candidate_commodity_b,I,,652527428,-,2018-10,7699726891,,2026-09-02
candidate_commodity_b,I,,648545651,-,2018-11,7666199894,,2026-09-02
candidate_commodity_b,I,,611862153,-,2018-12,7077529424,,2026-09-02
candidate_commodity_b,I,,577067508,-,2019-01,6998477150,,2026-09-02
candidate_commodity_b,I,,527480328,-,2019-02,6056654309,,2026-09-02
candidate_commodity_b,I,,571809987,-,2019-03,6684855302,,2026-09-02
candidate_commodity_b,I,,674908965,-,2019-04,6605306456,,2026-09-02
candidate_commodity_b,I,,619396228,-,2019-05,6803248902,,2026-09-02
candidate_commodity_b,I,,585896261,-,2019-06,5996977351,,2026-09-02
candidate_commodity_b,I,,643762826,-,2019-07,6897340870,,2026-09-02
candidate_commodity_b,I,,586185202,-,2019-08,6290930402,,2026-09-02
candidate_commodity_b,I,,577518799,-,2019-09,6498069405,,2026-09-02
candidate_commodity_b,I,,609820531,-,2019-10,6565009115,,2026-09-02
candidate_commodity_b,I,,614632004,-,2019-11,6467394442,,2026-09-02
candidate_commodity_b,I,,603101911,-,2019-12,6735246247,,2026-09-02
candidate_commodity_b,I,,574948756,-,2020-01,6747750234,,2026-09-02
candidate_commodity_b,I,,476603299,-,2020-02,5209974677,,2026-09-02
candidate_commodity_b,I,,574589258,-,2020-03,6355178684,,2026-09-02
candidate_commodity_b,I,,635183752,-,2020-04,6150406963,,2026-09-02
candidate_commodity_b,I,,543382932,-,2020-05,5055394444,,2026-09-02
candidate_commodity_b,I,,578280438,-,2020-06,5163528428,,2026-09-02
candidate_commodity_b,I,,567367967,-,2020-07,5400759788,,2026-09-02
candidate_commodity_b,I,,523574583,-,2020-08,5017029756,,2026-09-02
candidate_commodity_b,I,,527252315,-,2020-09,5401466783,,2026-09-02
candidate_commodity_b,I,,553420588,-,2020-10,5723961785,,2026-09-02
candidate_commodity_b,I,,536989136,-,2020-11,5787125925,,2026-09-02
candidate_commodity_b,I,,587780557,-,2020-12,5998254122,,2026-09-02
candidate_commodity_b,I,,496155531,-,2021-01,6150160389,,2026-09-02
candidate_commodity_b,I,,465542586,-,2021-02,5871044739,,2026-09-02
candidate_commodity_b,I,,592631097,-,2021-03,6767712698,,2026-09-02
candidate_commodity_b,I,,668246559,-,2021-04,6962383659,,2026-09-02
candidate_commodity_b,I,,582887743,-,2021-05,6478439324,,2026-09-02
candidate_commodity_b,I,,648051505,-,2021-06,6862596095,,2026-09-02
candidate_commodity_b,I,,626036116,-,2021-07,6926264153,,2026-09-02
candidate_commodity_b,I,,633254496,-,2021-08,7268354141,,2026-09-02
candidate_commodity_b,I,,648848451,-,2021-09,7489454967,,2026-09-02
candidate_commodity_b,I,,614594016,-,2021-10,7273940522,,2026-09-02
candidate_commodity_b,I,,688029941,-,2021-11,8340520151,,2026-09-02
candidate_commodity_b,I,,718233134,-,2021-12,8484173753,,2026-09-02
candidate_commodity_b,I,,658088437,-,2022-01,8580007859,,2026-09-02
candidate_commodity_b,I,,600991057,-,2022-02,7926547995,,2026-09-02
candidate_commodity_b,I,,724307947,-,2022-03,8950510506,,2026-09-02
candidate_commodity_b,I,,816130022,-,2022-04,8963527893,,2026-09-02
candidate_commodity_b,I,,770674768,-,2022-05,9654188756,,2026-09-02
candidate_commodity_b,I,,861790682,-,2022-06,10014752153,,2026-09-02
candidate_commodity_b,I,,818438396,-,2022-07,10232625175,,2026-09-02
candidate_commodity_b,I,,855550321,-,2022-08,10851594137,,2026-09-02
candidate_commodity_b,I,,816624064,-,2022-09,10942935221,,2026-09-02
candidate_commodity_b,I,,857842585,-,2022-10,11207259741,,2026-09-02
candidate_commodity_b,I,,879852486,-,2022-11,10894434759,,2026-09-02
candidate_commodity_b,I,,833881806,-,2022-12,10284768584,,2026-09-02
candidate_commodity_b,I,,708806618,-,2023-01,10088901070,,2026-09-02
candidate_commodity_b,I,,638239496,-,2023-02,8595722573,,2026-09-02
candidate_commodity_b,I,,789445411,-,2023-03,9578245454,,2026-09-02
candidate_commodity_b,I,,827266639,-,2023-04,8752958178,,2026-09-02
candidate_commodity_b,I,,806131246,-,2023-05,8679903430,,2026-09-02
candidate_commodity_b,I,,824221839,-,2023-06,8705415253,,2026-09-02
candidate_commodity_b,I,,781098494,-,2023-07,8792069575,,2026-09-02
candidate_commodity_b,I,,769928787,-,2023-08,8946448802,,2026-09-02
candidate_commodity_b,I,,778701132,-,2023-09,9165554119,,2026-09-02
candidate_commodity_b,I,,795820795,-,2023-10,9848009171,,2026-09-02
candidate_commodity_b,I,,816383096,-,2023-11,9631822392,,2026-09-02
candidate_commodity_b,I,,806161336,-,2023-12,9610069313,,2026-09-02
candidate_commodity_b,I,,709014856,-,2024-01,9124867450,,2026-09-02
candidate_commodity_b,I,,687123445,-,2024-02,8679142790,,2026-09-02
candidate_commodity_b,I,,765110431,-,2024-03,9130967655,,2026-09-02
candidate_commodity_b,I,,898941011,-,2024-04,9494962637,,2026-09-02
candidate_commodity_b,I,,922395631,-,2024-05,9507156357,,2026-09-02
candidate_commodity_b,I,,846347488,-,2024-06,8993426587,,2026-09-02
candidate_commodity_b,I,,925115029,-,2024-07,10252075231,,2026-09-02
candidate_commodity_b,I,,793743494,-,2024-08,9178119349,,2026-09-02
candidate_commodity_b,I,,771564666,-,2024-09,9370434757,,2026-09-02
candidate_commodity_b,I,,852284850,-,2024-10,9925658004,,2026-09-02
candidate_commodity_b,I,,830946337,-,2024-11,9272812248,,2026-09-02
candidate_commodity_b,I,,854272555,-,2024-12,9786337874,,2026-09-02
candidate_commodity_b,I,,831279602,-,2025-01,10623510930,,2026-09-02
candidate_commodity_b,I,,726121684,-,2025-02,8630614262,,2026-09-02
candidate_commodity_b,I,,792427329,-,2025-03,9321743082,,2026-09-02
candidate_commodity_b,I,,911025260,-,2025-04,9299420172,,2026-09-02
candidate_commodity_b,I,,891031107,-,2025-05,8792010790,,2026-09-02
candidate_commodity_b,I,,874163267,-,2025-06,9040057105,,2026-09-02
candidate_commodity_b,I,,899215071,-,2025-07,9501082798,,2026-09-02
candidate_commodity_b,I,,792571844,-,2025-08,8714167807,,2026-09-02
candidate_commodity_b,I,,848632889,-,2025-09,9682557340,,2026-09-02
candidate_commodity_b,I,,912265206,-,2025-10,10009095355,,2026-09-02
candidate_commodity_b,I,,816044125,-,2025-11,9402894231,,2026-09-02
candidate_commodity_b,I,,929962488,-,2025-12,10312944950,,2026-09-02
candidate_commodity_b,I,,859153792,-,2026-01,10350879966,,2026-09-02
candidate_commodity_b,I,,783769988,-,2026-02,9523046345,,2026-09-02
candidate_commodity_b,I,,882140460,-,2026-03,10350131403,,2026-09-02
candidate_commodity_b,I,,936200466,-,2026-04,10224099873,,2026-09-02
candidate_commodity_b,I,,859748097,-,2026-05,9894202774,,2026-09-02
candidate_commodity_b,I,,955545222,-,2026-06,11338792315,,2026-09-02
candidate_commodity_b,I,,960302713,-,2026-07,12147718419,,2026-09-02
