yyyymm,imex,hs_code,stage,value_jpy_k,quantity1,unit1,quantity2,unit2,source_file,retrieved_at
2026-01,E,280461000,DETAILED,3115984,0,,278075,KG,estat_E_2026-07_000040494506.csv,2026-09-02
2026-02,E,280461000,DETAILED,3639485,0,,389855,KG,estat_E_2026-07_000040494506.csv,2026-09-02
2026-03,E,280461000,DETAILED,4670234,0,,465830,KG,estat_E_2026-07_000040494506.csv,2026-09-02
2026-04,E,280461000,DETAILED,2907148,0,,158342,KG,estat_E_2026-07_000040494506.csv,2026-09-02
2026-05,E,280461000,DETAILED,3607377,0,,455438,KG,estat_E_2026-07_000040494506.csv,2026-09-02
2026-06,E,280461000,DETAILED,3437661,0,,332033,KG,estat_E_2026-07_000040494506.csv,2026-09-02
2026-07,E,280461000,DETAILED,3460651,0,,320593,KG,estat_E_2026-07_000040494506.csv,2026-09-02
2026-01,E,381800100,DETAILED,51601777,0,,603917,KG,estat_E_2026-07_000040494506.csv,2026-09-02
2026-02,E,381800100,DETAILED,44821564,0,,564210,KG,estat_E_2026-07_000040494506.csv,2026-09-02
2026-03,E,381800100,DETAILED,59835574,0,,696994,KG,estat_E_2026-07_000040494506.csv,2026-09-02
2026-04,E,381800100,DETAILED,57265719,0,,633937,KG,estat_E_2026-07_000040494506.csv,2026-09-02
2026-05,E,381800100,DETAILED,59702296,0,,660060,KG,estat_E_2026-07_000040494506.csv,2026-09-02
2026-06,E,381800100,DETAILED,58052953,0,,677648,KG,estat_E_2026-07_000040494506.csv,2026-09-02
2026-07,E,381800100,DETAILED,57479663,0,,674075,KG,estat_E_2026-07_000040494506.csv,2026-09-02
2026-01,E,381800900,DETAILED,3625505,0,,9877,KG,estat_E_2026-07_000040494506.csv,2026-09-02
2026-02,E,381800900,DETAILED,4150323,0,,11864,KG,estat_E_2026-07_000040494506.csv,2026-09-02
2026-03,E,381800900,DETAILED,5033110,0,,14704,KG,estat_E_2026-07_000040494506.csv,2026-09-02
2026-04,E,381800900,DETAILED,4883437,0,,14647,KG,estat_E_2026-07_000040494506.csv,2026-09-02
2026-05,E,381800900,DETAILED,4866464,0,,15355,KG,estat_E_2026-07_000040494506.csv,2026-09-02
2026-06,E,381800900,DETAILED,5458588,0,,22491,KG,estat_E_2026-07_000040494506.csv,2026-09-02
2026-07,E,381800900,DETAILED,5566260,0,,19397,KG,estat_E_2026-07_000040494506.csv,2026-09-02
2026-01,E,848610000,DETAILED,17808283,76,NO,768886,KG,estat_E_2026-07_000040494506.csv,2026-09-02
2026-02,E,848610000,DETAILED,10915392,57,NO,482252,KG,estat_E_2026-07_000040494506.csv,2026-09-02
2026-03,E,848610000,DETAILED,15299342,96,NO,712696,KG,estat_E_2026-07_000040494506.csv,2026-09-02
2026-04,E,848610000,DETAILED,17550279,108,NO,772303,KG,estat_E_2026-07_000040494506.csv,2026-09-02
2026-05,E,848610000,DETAILED,16757383,63,NO,621475,KG,estat_E_2026-07_000040494506.csv,2026-09-02
2026-06,E,848610000,DETAILED,23340941,111,NO,983056,KG,estat_E_2026-07_000040494506.csv,2026-09-02
2026-07,E,848610000,DETAILED,22859629,97,NO,865977,KG,estat_E_2026-07_000040494506.csv,2026-09-02
2026-01,E,848620000,DETAILED,174685389,765,NO,4188168,KG,estat_E_2026-07_000040494506.csv,2026-09-02
2026-02,E,848620000,DETAILED,188804987,855,NO,4806684,KG,estat_E_2026-07_000040494506.csv,2026-09-02
2026-03,E,848620000,DETAILED,359742709,1439,NO,8567126,KG,estat_E_2026-07_000040494506.csv,2026-09-02
2026-04,E,848620000,DETAILED,236165750,1137,NO,5939182,KG,estat_E_2026-07_000040494506.csv,2026-09-02
2026-05,E,848620000,DETAILED,218195603,1027,NO,5806443,KG,estat_E_2026-07_000040494506.csv,2026-09-02
2026-06,E,848620000,DETAILED,297509131,1225,NO,7411107,KG,estat_E_2026-07_000040494506.csv,2026-09-02
2026-07,E,848620000,DETAILED,327351851,1414,NO,7823707,KG,estat_E_2026-07_000040494506.csv,2026-09-02
2026-01,E,848630000,DETAILED,16933576,59,NO,1202634,KG,estat_E_2026-07_000040494506.csv,2026-09-02
2026-02,E,848630000,DETAILED,19537668,43,NO,1449023,KG,estat_E_2026-07_000040494506.csv,2026-09-02
2026-03,E,848630000,DETAILED,14299187,80,NO,1408557,KG,estat_E_2026-07_000040494506.csv,2026-09-02
2026-04,E,848630000,DETAILED,15987694,68,NO,1133158,KG,estat_E_2026-07_000040494506.csv,2026-09-02
2026-05,E,848630000,DETAILED,17695049,124,NO,1380136,KG,estat_E_2026-07_000040494506.csv,2026-09-02
2026-06,E,848630000,DETAILED,10192971,93,NO,1576262,KG,estat_E_2026-07_000040494506.csv,2026-09-02
2026-07,E,848630000,DETAILED,14217602,117,NO,2374884,KG,estat_E_2026-07_000040494506.csv,2026-09-02
2026-01,E,848640000,DETAILED,23778678,3511,NO,1334040,KG,estat_E_2026-07_000040494506.csv,2026-09-02
2026-02,E,848640000,DETAILED,26729154,3450,NO,1193816,KG,estat_E_2026-07_000040494506.csv,2026-09-02
2026-03,E,848640000,DETAILED,38575210,5052,NO,1403948,KG,estat_E_2026-07_000040494506.csv,2026-09-02
2026-04,E,848640000,DETAILED,27150210,4690,NO,1242295,KG,estat_E_2026-07_000040494506.csv,2026-09-02
2026-05,E,848640000,DETAILED,27639404,4932,NO,1430198,KG,estat_E_2026-07_000040494506.csv,2026-09-02
2026-06,E,848640000,DETAILED,34067433,5569,NO,1416868,KG,estat_E_2026-07_000040494506.csv,2026-09-02
2026-07,E,848640000,DETAILED,31584720,5575,NO,1820767,KG,estat_E_2026-07_000040494506.csv,2026-09-02
2026-01,E,848690000,DETAILED,82461098,0,,2320387,KG,estat_E_2026-07_000040494506.csv,2026-09-02
2026-02,E,848690000,DETAILED,83101806,0,,3034098,KG,estat_E_2026-07_000040494506.csv,2026-09-02
2026-03,E,848690000,DETAILED,97979437,0,,3376652,KG,estat_E_2026-07_000040494506.csv,2026-09-02
2026-04,E,848690000,DETAILED,96358949,0,,2791559,KG,estat_E_2026-07_000040494506.csv,2026-09-02
2026-05,E,848690000,DETAILED,85166911,0,,2423706,KG,estat_E_2026-07_000040494506.csv,2026-09-02
2026-06,E,848690000,DETAILED,95031647,0,,2447309,KG,estat_E_2026-07_000040494506.csv,2026-09-02
2026-07,E,848690000,DETAILED,97936019,0,,2676475,KG,estat_E_2026-07_000040494506.csv,2026-09-02
2026-01,E,851711000,DETAILED,20553,0,,609,NO,estat_E_2026-07_000040494506.csv,2026-09-02
2026-02,E,851711000,DETAILED,4898,0,,133,NO,estat_E_2026-07_000040494506.csv,2026-09-02
2026-03,E,851711000,DETAILED,9711,0,,240,NO,estat_E_2026-07_000040494506.csv,2026-09-02
2026-04,E,851711000,DETAILED,24170,0,,716,NO,estat_E_2026-07_000040494506.csv,2026-09-02
2026-05,E,851711000,DETAILED,17249,0,,524,NO,estat_E_2026-07_000040494506.csv,2026-09-02
2026-06,E,851711000,DETAILED,213,0,,2,NO,estat_E_2026-07_000040494506.csv,2026-09-02
2026-07,E,851711000,DETAILED,17273,0,,523,NO,estat_E_2026-07_000040494506.csv,2026-09-02
2026-01,E,851713000,DETAILED,740396,0,,31952,NO,estat_E_2026-07_000040494506.csv,2026-09-02
2026-02,E,851713000,DETAILED,205210,0,,17112,NO,estat_E_2026-07_000040494506.csv,2026-09-02
2026-03,E,851713000,DETAILED,430515,0,,30004,NO,estat_E_2026-07_000040494506.csv,2026-09-02
2026-04,E,851713000,DETAILED,351408,0,,41171,NO,estat_E_2026-07_000040494506.csv,2026-09-02
2026-05,E,851713000,DETAILED,360585,0,,62826,NO,estat_E_2026-07_000040494506.csv,2026-09-02
2026-06,E,851713000,DETAILED,497466,0,,34594,NO,estat_E_2026-07_000040494506.csv,2026-09-02
2026-07,E,851713000,DETAILED,616304,0,,57760,NO,estat_E_2026-07_000040494506.csv,2026-09-02
2026-01,E,851714000,DETAILED,7796,0,,38,NO,estat_E_2026-07_000040494506.csv,2026-09-02
2026-02,E,851714000,DETAILED,11018,0,,43,NO,estat_E_2026-07_000040494506.csv,2026-09-02
2026-03,E,851714000,DETAILED,21738,0,,83,NO,estat_E_2026-07_000040494506.csv,2026-09-02
2026-04,E,851714000,DETAILED,11413,0,,126,NO,estat_E_2026-07_000040494506.csv,2026-09-02
2026-05,E,851714000,DETAILED,10581,0,,33,NO,estat_E_2026-07_000040494506.csv,2026-09-02
2026-06,E,851714000,DETAILED,13004,0,,1632,NO,estat_E_2026-07_000040494506.csv,2026-09-02
2026-07,E,851714000,DETAILED,8128,0,,84,NO,estat_E_2026-07_000040494506.csv,2026-09-02
2026-01,E,851718000,DETAILED,209185,0,,6135,NO,estat_E_2026-07_000040494506.csv,2026-09-02
2026-02,E,851718000,DETAILED,234027,0,,5109,NO,estat_E_2026-07_000040494506.csv,2026-09-02
2026-03,E,851718000,DETAILED,309095,0,,6677,NO,estat_E_2026-07_000040494506.csv,2026-09-02
2026-04,E,851718000,DETAILED,454897,0,,6988,NO,estat_E_2026-07_000040494506.csv,2026-09-02
2026-05,E,851718000,DETAILED,294196,0,,6807,NO,estat_E_2026-07_000040494506.csv,2026-09-02
2026-06,E,851718000,DETAILED,291942,0,,3625,NO,estat_E_2026-07_000040494506.csv,2026-09-02
2026-07,E,851718000,DETAILED,179033,0,,2743,NO,estat_E_2026-07_000040494506.csv,2026-09-02
2026-01,E,851761000,DETAILED,854992,0,,1339,NO,estat_E_2026-07_000040494506.csv,2026-09-02
2026-02,E,851761000,DETAILED,86930,0,,359,NO,estat_E_2026-07_000040494506.csv,2026-09-02
2026-03,E,851761000,DETAILED,2779194,0,,3000,NO,estat_E_2026-07_000040494506.csv,2026-09-02
2026-04,E,851761000,DETAILED,189640,0,,480,NO,estat_E_2026-07_000040494506.csv,2026-09-02
2026-05,E,851761000,DETAILED,1016948,0,,402,NO,estat_E_2026-07_000040494506.csv,2026-09-02
2026-06,E,851761000,DETAILED,260483,0,,448,NO,estat_E_2026-07_000040494506.csv,2026-09-02
2026-07,E,851761000,DETAILED,488811,0,,953,NO,estat_E_2026-07_000040494506.csv,2026-09-02
2026-01,E,851762000,DETAILED,15321444,0,,2568458,NO,estat_E_2026-07_000040494506.csv,2026-09-02
2026-02,E,851762000,DETAILED,16978380,0,,2568934,NO,estat_E_2026-07_000040494506.csv,2026-09-02
2026-03,E,851762000,DETAILED,18049795,0,,2909590,NO,estat_E_2026-07_000040494506.csv,2026-09-02
2026-04,E,851762000,DETAILED,15026414,0,,2786305,NO,estat_E_2026-07_000040494506.csv,2026-09-02
2026-05,E,851762000,DETAILED,14091438,0,,2173219,NO,estat_E_2026-07_000040494506.csv,2026-09-02
2026-06,E,851762000,DETAILED,17155417,0,,2757754,NO,estat_E_2026-07_000040494506.csv,2026-09-02
2026-07,E,851762000,DETAILED,19086950,0,,2898545,NO,estat_E_2026-07_000040494506.csv,2026-09-02
2026-01,E,851769000,DETAILED,176797,0,,19479,NO,estat_E_2026-07_000040494506.csv,2026-09-02
2026-02,E,851769000,DETAILED,379007,0,,46073,NO,estat_E_2026-07_000040494506.csv,2026-09-02
2026-03,E,851769000,DETAILED,327299,0,,19768,NO,estat_E_2026-07_000040494506.csv,2026-09-02
2026-04,E,851769000,DETAILED,264729,0,,19337,NO,estat_E_2026-07_000040494506.csv,2026-09-02
2026-05,E,851769000,DETAILED,285817,0,,35503,NO,estat_E_2026-07_000040494506.csv,2026-09-02
2026-06,E,851769000,DETAILED,310505,0,,25520,NO,estat_E_2026-07_000040494506.csv,2026-09-02
2026-07,E,851769000,DETAILED,259797,0,,28694,NO,estat_E_2026-07_000040494506.csv,2026-09-02
2026-01,E,851771000,DETAILED,241077,0,,7015,KG,estat_E_2026-07_000040494506.csv,2026-09-02
2026-02,E,851771000,DETAILED,228323,0,,8031,KG,estat_E_2026-07_000040494506.csv,2026-09-02
2026-03,E,851771000,DETAILED,237601,0,,8278,KG,estat_E_2026-07_000040494506.csv,2026-09-02
2026-04,E,851771000,DETAILED,276969,0,,9960,KG,estat_E_2026-07_000040494506.csv,2026-09-02
2026-05,E,851771000,DETAILED,235071,0,,7687,KG,estat_E_2026-07_000040494506.csv,2026-09-02
2026-06,E,851771000,DETAILED,293127,0,,9982,KG,estat_E_2026-07_000040494506.csv,2026-09-02
2026-07,E,851771000,DETAILED,367906,0,,10612,KG,estat_E_2026-07_000040494506.csv,2026-09-02
2026-01,E,851779000,DETAILED,6173099,0,,32471,KG,estat_E_2026-07_000040494506.csv,2026-09-02
2026-02,E,851779000,DETAILED,5585451,0,,26755,KG,estat_E_2026-07_000040494506.csv,2026-09-02
2026-03,E,851779000,DETAILED,7560544,0,,40706,KG,estat_E_2026-07_000040494506.csv,2026-09-02
2026-04,E,851779000,DETAILED,4880830,0,,30941,KG,estat_E_2026-07_000040494506.csv,2026-09-02
2026-05,E,851779000,DETAILED,4207697,0,,28774,KG,estat_E_2026-07_000040494506.csv,2026-09-02
2026-06,E,851779000,DETAILED,6460707,0,,39681,KG,estat_E_2026-07_000040494506.csv,2026-09-02
2026-07,E,851779000,DETAILED,5812659,0,,29963,KG,estat_E_2026-07_000040494506.csv,2026-09-02
2026-01,E,854110100,DETAILED,3639792,0,,3979564,TH,estat_E_2026-07_000040494506.csv,2026-09-02
2026-02,E,854110100,DETAILED,5058558,0,,3814339,TH,estat_E_2026-07_000040494506.csv,2026-09-02
2026-03,E,854110100,DETAILED,3800603,0,,4231022,TH,estat_E_2026-07_000040494506.csv,2026-09-02
2026-04,E,854110100,DETAILED,3811472,0,,4725283,TH,estat_E_2026-07_000040494506.csv,2026-09-02
2026-05,E,854110100,DETAILED,3597134,0,,4443336,TH,estat_E_2026-07_000040494506.csv,2026-09-02
2026-06,E,854110100,DETAILED,3486464,0,,3915546,TH,estat_E_2026-07_000040494506.csv,2026-09-02
2026-07,E,854110100,DETAILED,4222816,0,,4914102,TH,estat_E_2026-07_000040494506.csv,2026-09-02
2026-01,E,854110910,DETAILED,652803,0,,151396423,NO,estat_E_2026-07_000040494506.csv,2026-09-02
2026-02,E,854110910,DETAILED,605709,0,,200710736,NO,estat_E_2026-07_000040494506.csv,2026-09-02
2026-03,E,854110910,DETAILED,814849,0,,208540548,NO,estat_E_2026-07_000040494506.csv,2026-09-02
2026-04,E,854110910,DETAILED,832427,0,,182869014,NO,estat_E_2026-07_000040494506.csv,2026-09-02
2026-05,E,854110910,DETAILED,623383,0,,131792451,NO,estat_E_2026-07_000040494506.csv,2026-09-02
2026-06,E,854110910,DETAILED,778039,0,,272258857,NO,estat_E_2026-07_000040494506.csv,2026-09-02
2026-07,E,854110910,DETAILED,826087,0,,302732875,NO,estat_E_2026-07_000040494506.csv,2026-09-02
2026-01,E,854110920,DETAILED,2225031,0,,277823465,NO,estat_E_2026-07_000040494506.csv,2026-09-02
2026-02,E,854110920,DETAILED,2099557,0,,290888470,NO,estat_E_2026-07_000040494506.csv,2026-09-02
2026-03,E,854110920,DETAILED,2292115,0,,387494924,NO,estat_E_2026-07_000040494506.csv,2026-09-02
2026-04,E,854110920,DETAILED,2465613,0,,313326640,NO,estat_E_2026-07_000040494506.csv,2026-09-02
2026-05,E,854110920,DETAILED,2209661,0,,315557689,NO,estat_E_2026-07_000040494506.csv,2026-09-02
2026-06,E,854110920,DETAILED,2270240,0,,291745945,NO,estat_E_2026-07_000040494506.csv,2026-09-02
2026-07,E,854110920,DETAILED,2411368,0,,318859044,NO,estat_E_2026-07_000040494506.csv,2026-09-02
2026-01,E,854121100,DETAILED,5146469,0,,3341408,TH,estat_E_2026-07_000040494506.csv,2026-09-02
2026-02,E,854121100,DETAILED,5228615,0,,3434883,TH,estat_E_2026-07_000040494506.csv,2026-09-02
2026-03,E,854121100,DETAILED,6167311,0,,3688769,TH,estat_E_2026-07_000040494506.csv,2026-09-02
2026-04,E,854121100,DETAILED,6187910,0,,3699312,TH,estat_E_2026-07_000040494506.csv,2026-09-02
2026-05,E,854121100,DETAILED,5254774,0,,3219336,TH,estat_E_2026-07_000040494506.csv,2026-09-02
2026-06,E,854121100,DETAILED,6149030,0,,3633453,TH,estat_E_2026-07_000040494506.csv,2026-09-02
2026-07,E,854121100,DETAILED,6638648,0,,4187735,TH,estat_E_2026-07_000040494506.csv,2026-09-02
2026-01,E,854121910,DETAILED,1878481,0,,203227485,NO,estat_E_2026-07_000040494506.csv,2026-09-02
2026-02,E,854121910,DETAILED,1816610,0,,198794028,NO,estat_E_2026-07_000040494506.csv,2026-09-02
2026-03,E,854121910,DETAILED,2684999,0,,263286408,NO,estat_E_2026-07_000040494506.csv,2026-09-02
2026-04,E,854121910,DETAILED,1806780,0,,226674134,NO,estat_E_2026-07_000040494506.csv,2026-09-02
2026-05,E,854121910,DETAILED,2512604,0,,233039917,NO,estat_E_2026-07_000040494506.csv,2026-09-02
2026-06,E,854121910,DETAILED,2994954,0,,235037974,NO,estat_E_2026-07_000040494506.csv,2026-09-02
2026-07,E,854121910,DETAILED,1978380,0,,193277161,NO,estat_E_2026-07_000040494506.csv,2026-09-02
2026-01,E,854121990,DETAILED,138578,0,,4221562,NO,estat_E_2026-07_000040494506.csv,2026-09-02
2026-02,E,854121990,DETAILED,78008,0,,2765360,NO,estat_E_2026-07_000040494506.csv,2026-09-02
2026-03,E,854121990,DETAILED,74650,0,,38783595,NO,estat_E_2026-07_000040494506.csv,2026-09-02
2026-04,E,854121990,DETAILED,100904,0,,3025275,NO,estat_E_2026-07_000040494506.csv,2026-09-02
2026-05,E,854121990,DETAILED,67262,0,,3403266,NO,estat_E_2026-07_000040494506.csv,2026-09-02
2026-06,E,854121990,DETAILED,85573,0,,3731590,NO,estat_E_2026-07_000040494506.csv,2026-09-02
2026-07,E,854121990,DETAILED,40753,0,,4726925,NO,estat_E_2026-07_000040494506.csv,2026-09-02
2026-01,E,854129100,DETAILED,8077272,0,,335392,TH,estat_E_2026-07_000040494506.csv,2026-09-02
2026-02,E,854129100,DETAILED,7843114,0,,344282,TH,estat_E_2026-07_000040494506.csv,2026-09-02
2026-03,E,854129100,DETAILED,7871993,0,,445046,TH,estat_E_2026-07_000040494506.csv,2026-09-02
2026-04,E,854129100,DETAILED,7509714,0,,532198,TH,estat_E_2026-07_000040494506.csv,2026-09-02
2026-05,E,854129100,DETAILED,8076594,0,,418375,TH,estat_E_2026-07_000040494506.csv,2026-09-02
2026-06,E,854129100,DETAILED,8734415,0,,479357,TH,estat_E_2026-07_000040494506.csv,2026-09-02
2026-07,E,854129100,DETAILED,10221783,0,,471285,TH,estat_E_2026-07_000040494506.csv,2026-09-02
2026-01,E,854129910,DETAILED,9721066,0,,98622306,NO,estat_E_2026-07_000040494506.csv,2026-09-02
2026-02,E,854129910,DETAILED,8578309,0,,98717015,NO,estat_E_2026-07_000040494506.csv,2026-09-02
2026-03,E,854129910,DETAILED,10154289,0,,110440511,NO,estat_E_2026-07_000040494506.csv,2026-09-02
2026-04,E,854129910,DETAILED,11200508,0,,124278851,NO,estat_E_2026-07_000040494506.csv,2026-09-02
2026-05,E,854129910,DETAILED,9435606,0,,105477675,NO,estat_E_2026-07_000040494506.csv,2026-09-02
2026-06,E,854129910,DETAILED,10574908,0,,111919387,NO,estat_E_2026-07_000040494506.csv,2026-09-02
2026-07,E,854129910,DETAILED,12604820,0,,128444064,NO,estat_E_2026-07_000040494506.csv,2026-09-02
2026-01,E,854129990,DETAILED,14921389,0,,34781698,NO,estat_E_2026-07_000040494506.csv,2026-09-02
2026-02,E,854129990,DETAILED,12262432,0,,26114536,NO,estat_E_2026-07_000040494506.csv,2026-09-02
2026-03,E,854129990,DETAILED,18468226,0,,54109830,NO,estat_E_2026-07_000040494506.csv,2026-09-02
2026-04,E,854129990,DETAILED,14737641,0,,34716670,NO,estat_E_2026-07_000040494506.csv,2026-09-02
2026-05,E,854129990,DETAILED,12124454,0,,35811929,NO,estat_E_2026-07_000040494506.csv,2026-09-02
2026-06,E,854129990,DETAILED,11432344,0,,37641488,NO,estat_E_2026-07_000040494506.csv,2026-09-02
2026-07,E,854129990,DETAILED,12904666,0,,22345949,NO,estat_E_2026-07_000040494506.csv,2026-09-02
2026-01,E,854130100,DETAILED,117430,0,,9918,TH,estat_E_2026-07_000040494506.csv,2026-09-02
2026-02,E,854130100,DETAILED,105129,0,,13907,TH,estat_E_2026-07_000040494506.csv,2026-09-02
2026-03,E,854130100,DETAILED,143495,0,,17130,TH,estat_E_2026-07_000040494506.csv,2026-09-02
2026-04,E,854130100,DETAILED,207376,0,,16692,TH,estat_E_2026-07_000040494506.csv,2026-09-02
2026-05,E,854130100,DETAILED,149310,0,,15462,TH,estat_E_2026-07_000040494506.csv,2026-09-02
2026-06,E,854130100,DETAILED,141283,0,,15401,TH,estat_E_2026-07_000040494506.csv,2026-09-02
2026-07,E,854130100,DETAILED,104734,0,,15249,TH,estat_E_2026-07_000040494506.csv,2026-09-02
2026-01,E,854130900,DETAILED,263332,0,,3877853,NO,estat_E_2026-07_000040494506.csv,2026-09-02
2026-02,E,854130900,DETAILED,297760,0,,6584308,NO,estat_E_2026-07_000040494506.csv,2026-09-02
2026-03,E,854130900,DETAILED,258799,0,,4245053,NO,estat_E_2026-07_000040494506.csv,2026-09-02
2026-04,E,854130900,DETAILED,305155,0,,4760663,NO,estat_E_2026-07_000040494506.csv,2026-09-02
2026-05,E,854130900,DETAILED,207783,0,,3012515,NO,estat_E_2026-07_000040494506.csv,2026-09-02
2026-06,E,854130900,DETAILED,221454,0,,2787790,NO,estat_E_2026-07_000040494506.csv,2026-09-02
2026-07,E,854130900,DETAILED,290124,0,,2973948,NO,estat_E_2026-07_000040494506.csv,2026-09-02
2026-01,E,854141000,DETAILED,37514734,0,,1706857393,NO,estat_E_2026-07_000040494506.csv,2026-09-02
2026-02,E,854141000,DETAILED,32922297,0,,1691737589,NO,estat_E_2026-07_000040494506.csv,2026-09-02
2026-03,E,854141000,DETAILED,38098016,0,,1703895039,NO,estat_E_2026-07_000040494506.csv,2026-09-02
2026-04,E,854141000,DETAILED,44387713,0,,2138382014,NO,estat_E_2026-07_000040494506.csv,2026-09-02
2026-05,E,854141000,DETAILED,36243259,0,,1934215711,NO,estat_E_2026-07_000040494506.csv,2026-09-02
2026-06,E,854141000,DETAILED,42004203,0,,1854714473,NO,estat_E_2026-07_000040494506.csv,2026-09-02
2026-07,E,854141000,DETAILED,41154422,0,,2098471499,NO,estat_E_2026-07_000040494506.csv,2026-09-02
2026-01,E,854142000,DETAILED,1237483,0,,17435310,NO,estat_E_2026-07_000040494506.csv,2026-09-02
2026-02,E,854142000,DETAILED,1013789,0,,19029456,NO,estat_E_2026-07_000040494506.csv,2026-09-02
2026-03,E,854142000,DETAILED,2094838,0,,22767911,NO,estat_E_2026-07_000040494506.csv,2026-09-02
2026-04,E,854142000,DETAILED,1662597,0,,21776449,NO,estat_E_2026-07_000040494506.csv,2026-09-02
2026-05,E,854142000,DETAILED,1486356,0,,21282587,NO,estat_E_2026-07_000040494506.csv,2026-09-02
2026-06,E,854142000,DETAILED,1587315,0,,18034147,NO,estat_E_2026-07_000040494506.csv,2026-09-02
2026-07,E,854142000,DETAILED,2213405,0,,23908466,NO,estat_E_2026-07_000040494506.csv,2026-09-02
2026-01,E,854143000,DETAILED,103941,0,,836180,NO,estat_E_2026-07_000040494506.csv,2026-09-02
2026-02,E,854143000,DETAILED,91219,0,,735527,NO,estat_E_2026-07_000040494506.csv,2026-09-02
2026-03,E,854143000,DETAILED,115034,0,,818144,NO,estat_E_2026-07_000040494506.csv,2026-09-02
2026-04,E,854143000,DETAILED,64287,0,,688866,NO,estat_E_2026-07_000040494506.csv,2026-09-02
2026-05,E,854143000,DETAILED,243877,0,,779948,NO,estat_E_2026-07_000040494506.csv,2026-09-02
2026-06,E,854143000,DETAILED,402008,0,,784279,NO,estat_E_2026-07_000040494506.csv,2026-09-02
2026-07,E,854143000,DETAILED,471731,0,,1014535,NO,estat_E_2026-07_000040494506.csv,2026-09-02
2026-01,E,854149000,DETAILED,10915103,0,,83982992,NO,estat_E_2026-07_000040494506.csv,2026-09-02
2026-02,E,854149000,DETAILED,12129924,0,,108565007,NO,estat_E_2026-07_000040494506.csv,2026-09-02
2026-03,E,854149000,DETAILED,15481735,0,,91291865,NO,estat_E_2026-07_000040494506.csv,2026-09-02
2026-04,E,854149000,DETAILED,16250608,0,,88465126,NO,estat_E_2026-07_000040494506.csv,2026-09-02
2026-05,E,854149000,DETAILED,16074441,0,,73928652,NO,estat_E_2026-07_000040494506.csv,2026-09-02
2026-06,E,854149000,DETAILED,16404684,0,,79301542,NO,estat_E_2026-07_000040494506.csv,2026-09-02
2026-07,E,854149000,DETAILED,18796038,0,,87726460,NO,estat_E_2026-07_000040494506.csv,2026-09-02
2026-01,E,854151000,DETAILED,1345496,0,,85267887,NO,estat_E_2026-07_000040494506.csv,2026-09-02
2026-02,E,854151000,DETAILED,1457997,0,,77595011,NO,estat_E_2026-07_000040494506.csv,2026-09-02
2026-03,E,854151000,DETAILED,1794021,0,,104133903,NO,estat_E_2026-07_000040494506.csv,2026-09-02
2026-04,E,854151000,DETAILED,2742926,0,,82245624,NO,estat_E_2026-07_000040494506.csv,2026-09-02
2026-05,E,854151000,DETAILED,1246088,0,,79420135,NO,estat_E_2026-07_000040494506.csv,2026-09-02
2026-06,E,854151000,DETAILED,1386301,0,,81101305,NO,estat_E_2026-07_000040494506.csv,2026-09-02
2026-07,E,854151000,DETAILED,1386240,0,,87183634,NO,estat_E_2026-07_000040494506.csv,2026-09-02
2026-01,E,854159000,DETAILED,410585,0,,24284724,NO,estat_E_2026-07_000040494506.csv,2026-09-02
2026-02,E,854159000,DETAILED,546002,0,,22963110,NO,estat_E_2026-07_000040494506.csv,2026-09-02
2026-03,E,854159000,DETAILED,388228,0,,36324693,NO,estat_E_2026-07_000040494506.csv,2026-09-02
2026-04,E,854159000,DETAILED,354963,0,,26475414,NO,estat_E_2026-07_000040494506.csv,2026-09-02
2026-05,E,854159000,DETAILED,271111,0,,24986654,NO,estat_E_2026-07_000040494506.csv,2026-09-02
2026-06,E,854159000,DETAILED,309070,0,,20968731,NO,estat_E_2026-07_000040494506.csv,2026-09-02
2026-07,E,854159000,DETAILED,337910,0,,27598143,NO,estat_E_2026-07_000040494506.csv,2026-09-02
2026-01,E,854160100,DETAILED,5531872,0,,459978493,NO,estat_E_2026-07_000040494506.csv,2026-09-02
2026-02,E,854160100,DETAILED,5387375,0,,442217004,NO,estat_E_2026-07_000040494506.csv,2026-09-02
2026-03,E,854160100,DETAILED,6211698,0,,528443281,NO,estat_E_2026-07_000040494506.csv,2026-09-02
2026-04,E,854160100,DETAILED,6054175,0,,501423889,NO,estat_E_2026-07_000040494506.csv,2026-09-02
2026-05,E,854160100,DETAILED,5667760,0,,417384012,NO,estat_E_2026-07_000040494506.csv,2026-09-02
2026-06,E,854160100,DETAILED,6329371,0,,463866410,NO,estat_E_2026-07_000040494506.csv,2026-09-02
2026-07,E,854160100,DETAILED,6245174,0,,437819966,NO,estat_E_2026-07_000040494506.csv,2026-09-02
2026-01,E,854160900,DETAILED,5863434,0,,846088693,NO,estat_E_2026-07_000040494506.csv,2026-09-02
2026-02,E,854160900,DETAILED,5310897,0,,943725327,NO,estat_E_2026-07_000040494506.csv,2026-09-02
2026-03,E,854160900,DETAILED,6544239,0,,949910356,NO,estat_E_2026-07_000040494506.csv,2026-09-02
2026-04,E,854160900,DETAILED,7059250,0,,1054237609,NO,estat_E_2026-07_000040494506.csv,2026-09-02
2026-05,E,854160900,DETAILED,5810846,0,,844483479,NO,estat_E_2026-07_000040494506.csv,2026-09-02
2026-06,E,854160900,DETAILED,6462370,0,,876411389,NO,estat_E_2026-07_000040494506.csv,2026-09-02
2026-07,E,854160900,DETAILED,7691438,0,,1122742420,NO,estat_E_2026-07_000040494506.csv,2026-09-02
2026-01,E,854190000,DETAILED,9384866,0,,190988,KG,estat_E_2026-07_000040494506.csv,2026-09-02
2026-02,E,854190000,DETAILED,9831759,0,,201123,KG,estat_E_2026-07_000040494506.csv,2026-09-02
2026-03,E,854190000,DETAILED,10609157,0,,227070,KG,estat_E_2026-07_000040494506.csv,2026-09-02
2026-04,E,854190000,DETAILED,11875260,0,,236060,KG,estat_E_2026-07_000040494506.csv,2026-09-02
2026-05,E,854190000,DETAILED,10796352,0,,187800,KG,estat_E_2026-07_000040494506.csv,2026-09-02
2026-06,E,854190000,DETAILED,11620473,0,,239569,KG,estat_E_2026-07_000040494506.csv,2026-09-02
2026-07,E,854190000,DETAILED,12606903,0,,217979,KG,estat_E_2026-07_000040494506.csv,2026-09-02
2026-01,E,854231100,DETAILED,8498578,0,,601838423,NO,estat_E_2026-07_000040494506.csv,2026-09-02
2026-02,E,854231100,DETAILED,8271434,0,,589793778,NO,estat_E_2026-07_000040494506.csv,2026-09-02
2026-03,E,854231100,DETAILED,9048359,0,,1089278696,NO,estat_E_2026-07_000040494506.csv,2026-09-02
2026-04,E,854231100,DETAILED,10717080,0,,661126229,NO,estat_E_2026-07_000040494506.csv,2026-09-02
2026-05,E,854231100,DETAILED,8981958,0,,603539551,NO,estat_E_2026-07_000040494506.csv,2026-09-02
2026-06,E,854231100,DETAILED,10670769,0,,875327504,NO,estat_E_2026-07_000040494506.csv,2026-09-02
2026-07,E,854231100,DETAILED,11806293,0,,759471548,NO,estat_E_2026-07_000040494506.csv,2026-09-02
2026-01,E,854231910,DETAILED,267551,0,,835469,NO,estat_E_2026-07_000040494506.csv,2026-09-02
2026-02,E,854231910,DETAILED,326029,0,,927300,NO,estat_E_2026-07_000040494506.csv,2026-09-02
2026-03,E,854231910,DETAILED,444708,0,,658106,NO,estat_E_2026-07_000040494506.csv,2026-09-02
2026-04,E,854231910,DETAILED,421830,0,,758410,NO,estat_E_2026-07_000040494506.csv,2026-09-02
2026-05,E,854231910,DETAILED,353026,0,,719876,NO,estat_E_2026-07_000040494506.csv,2026-09-02
2026-06,E,854231910,DETAILED,354935,0,,598916,NO,estat_E_2026-07_000040494506.csv,2026-09-02
2026-07,E,854231910,DETAILED,431366,0,,724043,NO,estat_E_2026-07_000040494506.csv,2026-09-02
2026-01,E,854231991,DETAILED,1981767,0,,4187074,NO,estat_E_2026-07_000040494506.csv,2026-09-02
2026-02,E,854231991,DETAILED,2045494,0,,4260142,NO,estat_E_2026-07_000040494506.csv,2026-09-02
2026-03,E,854231991,DETAILED,1831150,0,,3792111,NO,estat_E_2026-07_000040494506.csv,2026-09-02
2026-04,E,854231991,DETAILED,2112317,0,,6896998,NO,estat_E_2026-07_000040494506.csv,2026-09-02
2026-05,E,854231991,DETAILED,1727648,0,,4311486,NO,estat_E_2026-07_000040494506.csv,2026-09-02
2026-06,E,854231991,DETAILED,2410646,0,,4556284,NO,estat_E_2026-07_000040494506.csv,2026-09-02
2026-07,E,854231991,DETAILED,2742958,0,,5340036,NO,estat_E_2026-07_000040494506.csv,2026-09-02
2026-01,E,854231992,DETAILED,14012612,0,,53969172,NO,estat_E_2026-07_000040494506.csv,2026-09-02
2026-02,E,854231992,DETAILED,12900758,0,,50947347,NO,estat_E_2026-07_000040494506.csv,2026-09-02
2026-03,E,854231992,DETAILED,14133180,0,,53949448,NO,estat_E_2026-07_000040494506.csv,2026-09-02
2026-04,E,854231992,DETAILED,15862687,0,,62849893,NO,estat_E_2026-07_000040494506.csv,2026-09-02
2026-05,E,854231992,DETAILED,12535047,0,,48991134,NO,estat_E_2026-07_000040494506.csv,2026-09-02
2026-06,E,854231992,DETAILED,13734901,0,,56144995,NO,estat_E_2026-07_000040494506.csv,2026-09-02
2026-07,E,854231992,DETAILED,15964944,0,,59835165,NO,estat_E_2026-07_000040494506.csv,2026-09-02
2026-01,E,854231993,DETAILED,143143,0,,483542,NO,estat_E_2026-07_000040494506.csv,2026-09-02
2026-02,E,854231993,DETAILED,99579,0,,323980,NO,estat_E_2026-07_000040494506.csv,2026-09-02
2026-03,E,854231993,DETAILED,155488,0,,396511,NO,estat_E_2026-07_000040494506.csv,2026-09-02
2026-04,E,854231993,DETAILED,189451,0,,507520,NO,estat_E_2026-07_000040494506.csv,2026-09-02
2026-05,E,854231993,DETAILED,80805,0,,259840,NO,estat_E_2026-07_000040494506.csv,2026-09-02
2026-06,E,854231993,DETAILED,104628,0,,333900,NO,estat_E_2026-07_000040494506.csv,2026-09-02
2026-07,E,854231993,DETAILED,176312,0,,593544,NO,estat_E_2026-07_000040494506.csv,2026-09-02
2026-01,E,854231999,DETAILED,7397612,0,,49819045,NO,estat_E_2026-07_000040494506.csv,2026-09-02
2026-02,E,854231999,DETAILED,6105412,0,,46394279,NO,estat_E_2026-07_000040494506.csv,2026-09-02
2026-03,E,854231999,DETAILED,7671904,0,,59413658,NO,estat_E_2026-07_000040494506.csv,2026-09-02
2026-04,E,854231999,DETAILED,7445885,0,,61487042,NO,estat_E_2026-07_000040494506.csv,2026-09-02
2026-05,E,854231999,DETAILED,7057799,0,,52558799,NO,estat_E_2026-07_000040494506.csv,2026-09-02
2026-06,E,854231999,DETAILED,6528840,0,,58824966,NO,estat_E_2026-07_000040494506.csv,2026-09-02
2026-07,E,854231999,DETAILED,7687806,0,,60334131,NO,estat_E_2026-07_000040494506.csv,2026-09-02
2026-01,E,854232100,DETAILED,177516530,0,,554858256,NO,estat_E_2026-07_000040494506.csv,2026-09-02
2026-02,E,854232100,DETAILED,177996945,0,,460949020,NO,estat_E_2026-07_000040494506.csv,2026-09-02
2026-03,E,854232100,DETAILED,188629238,0,,495150161,NO,estat_E_2026-07_000040494506.csv,2026-09-02
2026-04,E,854232100,DETAILED,197534496,0,,525731109,NO,estat_E_2026-07_000040494506.csv,2026-09-02
2026-05,E,854232100,DETAILED,186084667,0,,516112865,NO,estat_E_2026-07_000040494506.csv,2026-09-02
2026-06,E,854232100,DETAILED,187657003,0,,486991531,NO,estat_E_2026-07_000040494506.csv,2026-09-02
2026-07,E,854232100,DETAILED,210640822,0,,525505238,NO,estat_E_2026-07_000040494506.csv,2026-09-02
2026-01,E,854232911,DETAILED,346830,0,,72384,NO,estat_E_2026-07_000040494506.csv,2026-09-02
2026-02,E,854232911,DETAILED,108879,0,,23464,NO,estat_E_2026-07_000040494506.csv,2026-09-02
2026-03,E,854232911,DETAILED,168616,0,,32620,NO,estat_E_2026-07_000040494506.csv,2026-09-02
2026-04,E,854232911,DETAILED,589816,0,,64462,NO,estat_E_2026-07_000040494506.csv,2026-09-02
2026-05,E,854232911,DETAILED,1203118,0,,123844,NO,estat_E_2026-07_000040494506.csv,2026-09-02
2026-06,E,854232911,DETAILED,468827,0,,153566,NO,estat_E_2026-07_000040494506.csv,2026-09-02
2026-07,E,854232911,DETAILED,1340292,0,,320191,NO,estat_E_2026-07_000040494506.csv,2026-09-02
2026-01,E,854232919,DETAILED,651054,0,,13309518,NO,estat_E_2026-07_000040494506.csv,2026-09-02
2026-02,E,854232919,DETAILED,625076,0,,15795428,NO,estat_E_2026-07_000040494506.csv,2026-09-02
2026-03,E,854232919,DETAILED,464756,0,,13236832,NO,estat_E_2026-07_000040494506.csv,2026-09-02
2026-04,E,854232919,DETAILED,1259011,0,,21327025,NO,estat_E_2026-07_000040494506.csv,2026-09-02
2026-05,E,854232919,DETAILED,870597,0,,17141259,NO,estat_E_2026-07_000040494506.csv,2026-09-02
2026-06,E,854232919,DETAILED,871596,0,,19525037,NO,estat_E_2026-07_000040494506.csv,2026-09-02
2026-07,E,854232919,DETAILED,973931,0,,20968727,NO,estat_E_2026-07_000040494506.csv,2026-09-02
2026-01,E,854232921,DETAILED,38011449,0,,12810518,NO,estat_E_2026-07_000040494506.csv,2026-09-02
2026-02,E,854232921,DETAILED,68225552,0,,23114145,NO,estat_E_2026-07_000040494506.csv,2026-09-02
2026-03,E,854232921,DETAILED,64811650,0,,21071357,NO,estat_E_2026-07_000040494506.csv,2026-09-02
2026-04,E,854232921,DETAILED,110089178,0,,22270426,NO,estat_E_2026-07_000040494506.csv,2026-09-02
2026-05,E,854232921,DETAILED,124684518,0,,24506352,NO,estat_E_2026-07_000040494506.csv,2026-09-02
2026-06,E,854232921,DETAILED,136125929,0,,24704964,NO,estat_E_2026-07_000040494506.csv,2026-09-02
2026-07,E,854232921,DETAILED,185383600,0,,24291760,NO,estat_E_2026-07_000040494506.csv,2026-09-02
2026-01,E,854232929,DETAILED,60308,0,,2929271,NO,estat_E_2026-07_000040494506.csv,2026-09-02
2026-02,E,854232929,DETAILED,76192,0,,3778539,NO,estat_E_2026-07_000040494506.csv,2026-09-02
2026-03,E,854232929,DETAILED,75324,0,,3984636,NO,estat_E_2026-07_000040494506.csv,2026-09-02
2026-04,E,854232929,DETAILED,78916,0,,4191841,NO,estat_E_2026-07_000040494506.csv,2026-09-02
2026-05,E,854232929,DETAILED,82087,0,,3385973,NO,estat_E_2026-07_000040494506.csv,2026-09-02
2026-06,E,854232929,DETAILED,78166,0,,3352878,NO,estat_E_2026-07_000040494506.csv,2026-09-02
2026-07,E,854232929,DETAILED,108306,0,,2884344,NO,estat_E_2026-07_000040494506.csv,2026-09-02
2026-01,E,854232990,DETAILED,2254441,0,,1034590,NO,estat_E_2026-07_000040494506.csv,2026-09-02
2026-02,E,854232990,DETAILED,2050306,0,,1350585,NO,estat_E_2026-07_000040494506.csv,2026-09-02
2026-03,E,854232990,DETAILED,4700664,0,,3518481,NO,estat_E_2026-07_000040494506.csv,2026-09-02
2026-04,E,854232990,DETAILED,4573480,0,,4421654,NO,estat_E_2026-07_000040494506.csv,2026-09-02
2026-05,E,854232990,DETAILED,2881097,0,,916913,NO,estat_E_2026-07_000040494506.csv,2026-09-02
2026-06,E,854232990,DETAILED,4122319,0,,1167497,NO,estat_E_2026-07_000040494506.csv,2026-09-02
2026-07,E,854232990,DETAILED,4128035,0,,947868,NO,estat_E_2026-07_000040494506.csv,2026-09-02
2026-01,E,854233100,DETAILED,815918,0,,166242912,NO,estat_E_2026-07_000040494506.csv,2026-09-02
2026-02,E,854233100,DETAILED,822521,0,,163590542,NO,estat_E_2026-07_000040494506.csv,2026-09-02
2026-03,E,854233100,DETAILED,911971,0,,180434555,NO,estat_E_2026-07_000040494506.csv,2026-09-02
2026-04,E,854233100,DETAILED,1139654,0,,240148088,NO,estat_E_2026-07_000040494506.csv,2026-09-02
2026-05,E,854233100,DETAILED,866964,0,,179906962,NO,estat_E_2026-07_000040494506.csv,2026-09-02
2026-06,E,854233100,DETAILED,1079590,0,,179458882,NO,estat_E_2026-07_000040494506.csv,2026-09-02
2026-07,E,854233100,DETAILED,989716,0,,186761228,NO,estat_E_2026-07_000040494506.csv,2026-09-02
2026-01,E,854233910,DETAILED,788932,0,,3635262,NO,estat_E_2026-07_000040494506.csv,2026-09-02
2026-02,E,854233910,DETAILED,559179,0,,1750947,NO,estat_E_2026-07_000040494506.csv,2026-09-02
2026-03,E,854233910,DETAILED,584346,0,,3063147,NO,estat_E_2026-07_000040494506.csv,2026-09-02
2026-04,E,854233910,DETAILED,611110,0,,2957125,NO,estat_E_2026-07_000040494506.csv,2026-09-02
2026-05,E,854233910,DETAILED,257649,0,,935752,NO,estat_E_2026-07_000040494506.csv,2026-09-02
2026-06,E,854233910,DETAILED,465792,0,,1424837,NO,estat_E_2026-07_000040494506.csv,2026-09-02
2026-07,E,854233910,DETAILED,637954,0,,3259151,NO,estat_E_2026-07_000040494506.csv,2026-09-02
2026-01,E,854233990,DETAILED,1130335,0,,35538829,NO,estat_E_2026-07_000040494506.csv,2026-09-02
2026-02,E,854233990,DETAILED,1098764,0,,31062794,NO,estat_E_2026-07_000040494506.csv,2026-09-02
2026-03,E,854233990,DETAILED,1299443,0,,32238114,NO,estat_E_2026-07_000040494506.csv,2026-09-02
2026-04,E,854233990,DETAILED,907348,0,,44071265,NO,estat_E_2026-07_000040494506.csv,2026-09-02
2026-05,E,854233990,DETAILED,812810,0,,39865791,NO,estat_E_2026-07_000040494506.csv,2026-09-02
2026-06,E,854233990,DETAILED,842193,0,,39717510,NO,estat_E_2026-07_000040494506.csv,2026-09-02
2026-07,E,854233990,DETAILED,844361,0,,34934883,NO,estat_E_2026-07_000040494506.csv,2026-09-02
2026-01,E,854239100,DETAILED,168765431,0,,4362120766,NO,estat_E_2026-07_000040494506.csv,2026-09-02
2026-02,E,854239100,DETAILED,139269211,0,,4118893665,NO,estat_E_2026-07_000040494506.csv,2026-09-02
2026-03,E,854239100,DETAILED,168402680,0,,4687045931,NO,estat_E_2026-07_000040494506.csv,2026-09-02
2026-04,E,854239100,DETAILED,182180009,0,,3849653515,NO,estat_E_2026-07_000040494506.csv,2026-09-02
2026-05,E,854239100,DETAILED,142004044,0,,3969471187,NO,estat_E_2026-07_000040494506.csv,2026-09-02
2026-06,E,854239100,DETAILED,135244102,0,,3879817204,NO,estat_E_2026-07_000040494506.csv,2026-09-02
2026-07,E,854239100,DETAILED,168368729,0,,3976326335,NO,estat_E_2026-07_000040494506.csv,2026-09-02
2026-01,E,854239910,DETAILED,4189135,0,,38110168,NO,estat_E_2026-07_000040494506.csv,2026-09-02
2026-02,E,854239910,DETAILED,4152432,0,,35252184,NO,estat_E_2026-07_000040494506.csv,2026-09-02
2026-03,E,854239910,DETAILED,4641985,0,,38707898,NO,estat_E_2026-07_000040494506.csv,2026-09-02
2026-04,E,854239910,DETAILED,5447896,0,,45775551,NO,estat_E_2026-07_000040494506.csv,2026-09-02
2026-05,E,854239910,DETAILED,4212606,0,,38500797,NO,estat_E_2026-07_000040494506.csv,2026-09-02
2026-06,E,854239910,DETAILED,4322073,0,,38139936,NO,estat_E_2026-07_000040494506.csv,2026-09-02
2026-07,E,854239910,DETAILED,4291392,0,,37507106,NO,estat_E_2026-07_000040494506.csv,2026-09-02
2026-01,E,854239990,DETAILED,36972116,0,,1031285763,NO,estat_E_2026-07_000040494506.csv,2026-09-02
2026-02,E,854239990,DETAILED,35591413,0,,818416035,NO,estat_E_2026-07_000040494506.csv,2026-09-02
2026-03,E,854239990,DETAILED,41765950,0,,1074770779,NO,estat_E_2026-07_000040494506.csv,2026-09-02
2026-04,E,854239990,DETAILED,43519358,0,,1066410646,NO,estat_E_2026-07_000040494506.csv,2026-09-02
2026-05,E,854239990,DETAILED,36848981,0,,942868077,NO,estat_E_2026-07_000040494506.csv,2026-09-02
2026-06,E,854239990,DETAILED,38434816,0,,992369626,NO,estat_E_2026-07_000040494506.csv,2026-09-02
2026-07,E,854239990,DETAILED,42851160,0,,1050757890,NO,estat_E_2026-07_000040494506.csv,2026-09-02
2026-01,E,854290000,DETAILED,34490560,0,,388588,KG,estat_E_2026-07_000040494506.csv,2026-09-02
2026-02,E,854290000,DETAILED,32881732,0,,374539,KG,estat_E_2026-07_000040494506.csv,2026-09-02
2026-03,E,854290000,DETAILED,49806645,0,,490647,KG,estat_E_2026-07_000040494506.csv,2026-09-02
2026-04,E,854290000,DETAILED,48646705,0,,447262,KG,estat_E_2026-07_000040494506.csv,2026-09-02
2026-05,E,854290000,DETAILED,52498746,0,,426116,KG,estat_E_2026-07_000040494506.csv,2026-09-02
2026-06,E,854290000,DETAILED,50240213,0,,429698,KG,estat_E_2026-07_000040494506.csv,2026-09-02
2026-07,E,854290000,DETAILED,56408543,0,,484801,KG,estat_E_2026-07_000040494506.csv,2026-09-02
2026-01,E,854470100,DETAILED,4291309,0,,529172,KG,estat_E_2026-07_000040494506.csv,2026-09-02
2026-02,E,854470100,DETAILED,3821830,0,,333604,KG,estat_E_2026-07_000040494506.csv,2026-09-02
2026-03,E,854470100,DETAILED,4682762,0,,400998,KG,estat_E_2026-07_000040494506.csv,2026-09-02
2026-04,E,854470100,DETAILED,4234651,0,,645275,KG,estat_E_2026-07_000040494506.csv,2026-09-02
2026-05,E,854470100,DETAILED,3339262,0,,206669,KG,estat_E_2026-07_000040494506.csv,2026-09-02
2026-06,E,854470100,DETAILED,8006645,0,,1153879,KG,estat_E_2026-07_000040494506.csv,2026-09-02
2026-07,E,854470100,DETAILED,3566574,0,,524981,KG,estat_E_2026-07_000040494506.csv,2026-09-02
2026-01,E,854470910,DETAILED,108836,0,,2646,KG,estat_E_2026-07_000040494506.csv,2026-09-02
2026-02,E,854470910,DETAILED,134094,0,,6015,KG,estat_E_2026-07_000040494506.csv,2026-09-02
2026-03,E,854470910,DETAILED,166279,0,,3334,KG,estat_E_2026-07_000040494506.csv,2026-09-02
2026-04,E,854470910,DETAILED,164121,0,,3741,KG,estat_E_2026-07_000040494506.csv,2026-09-02
2026-05,E,854470910,DETAILED,126248,0,,3641,KG,estat_E_2026-07_000040494506.csv,2026-09-02
2026-06,E,854470910,DETAILED,134712,0,,4243,KG,estat_E_2026-07_000040494506.csv,2026-09-02
2026-07,E,854470910,DETAILED,137371,0,,8326,KG,estat_E_2026-07_000040494506.csv,2026-09-02
2026-01,E,854470990,DETAILED,604800,0,,71665,KG,estat_E_2026-07_000040494506.csv,2026-09-02
2026-02,E,854470990,DETAILED,665461,0,,78710,KG,estat_E_2026-07_000040494506.csv,2026-09-02
2026-03,E,854470990,DETAILED,670938,0,,79011,KG,estat_E_2026-07_000040494506.csv,2026-09-02
2026-04,E,854470990,DETAILED,731242,0,,71843,KG,estat_E_2026-07_000040494506.csv,2026-09-02
2026-05,E,854470990,DETAILED,1585412,0,,78543,KG,estat_E_2026-07_000040494506.csv,2026-09-02
2026-06,E,854470990,DETAILED,990907,0,,84415,KG,estat_E_2026-07_000040494506.csv,2026-09-02
2026-07,E,854470990,DETAILED,1956796,0,,106561,KG,estat_E_2026-07_000040494506.csv,2026-09-02
2026-01,E,900110100,DETAILED,2434568,0,,128443,KG,estat_E_2026-07_000040494506.csv,2026-09-02
2026-02,E,900110100,DETAILED,3363136,0,,160911,KG,estat_E_2026-07_000040494506.csv,2026-09-02
2026-03,E,900110100,DETAILED,3864911,0,,178073,KG,estat_E_2026-07_000040494506.csv,2026-09-02
2026-04,E,900110100,DETAILED,4019410,0,,197579,KG,estat_E_2026-07_000040494506.csv,2026-09-02
2026-05,E,900110100,DETAILED,3086142,0,,108623,KG,estat_E_2026-07_000040494506.csv,2026-09-02
2026-06,E,900110100,DETAILED,3873753,0,,163747,KG,estat_E_2026-07_000040494506.csv,2026-09-02
2026-07,E,900110100,DETAILED,3792047,0,,119219,KG,estat_E_2026-07_000040494506.csv,2026-09-02
2026-01,E,900110900,DETAILED,805267,0,,27815,KG,estat_E_2026-07_000040494506.csv,2026-09-02
2026-02,E,900110900,DETAILED,638771,0,,14392,KG,estat_E_2026-07_000040494506.csv,2026-09-02
2026-03,E,900110900,DETAILED,765663,0,,19673,KG,estat_E_2026-07_000040494506.csv,2026-09-02
2026-04,E,900110900,DETAILED,817534,0,,40153,KG,estat_E_2026-07_000040494506.csv,2026-09-02
2026-05,E,900110900,DETAILED,918761,0,,37507,KG,estat_E_2026-07_000040494506.csv,2026-09-02
2026-06,E,900110900,DETAILED,1094055,0,,42001,KG,estat_E_2026-07_000040494506.csv,2026-09-02
2026-07,E,900110900,DETAILED,898691,0,,39662,KG,estat_E_2026-07_000040494506.csv,2026-09-02
2026-01,E,900120000,DETAILED,18619322,0,,999469,KG,estat_E_2026-07_000040494506.csv,2026-09-02
2026-02,E,900120000,DETAILED,19035122,0,,861185,KG,estat_E_2026-07_000040494506.csv,2026-09-02
2026-03,E,900120000,DETAILED,19655871,0,,924879,KG,estat_E_2026-07_000040494506.csv,2026-09-02
2026-04,E,900120000,DETAILED,21393591,0,,995536,KG,estat_E_2026-07_000040494506.csv,2026-09-02
2026-05,E,900120000,DETAILED,20698066,0,,903202,KG,estat_E_2026-07_000040494506.csv,2026-09-02
2026-06,E,900120000,DETAILED,22557934,0,,944832,KG,estat_E_2026-07_000040494506.csv,2026-09-02
2026-07,E,900120000,DETAILED,23355682,0,,947481,KG,estat_E_2026-07_000040494506.csv,2026-09-02
2026-01,E,900130000,DETAILED,398660,0,,3662827,NO,estat_E_2026-07_000040494506.csv,2026-09-02
2026-02,E,900130000,DETAILED,615395,0,,8841445,NO,estat_E_2026-07_000040494506.csv,2026-09-02
2026-03,E,900130000,DETAILED,650528,0,,4721057,NO,estat_E_2026-07_000040494506.csv,2026-09-02
2026-04,E,900130000,DETAILED,576634,0,,7652500,NO,estat_E_2026-07_000040494506.csv,2026-09-02
2026-05,E,900130000,DETAILED,485956,0,,5040546,NO,estat_E_2026-07_000040494506.csv,2026-09-02
2026-06,E,900130000,DETAILED,471629,0,,7537885,NO,estat_E_2026-07_000040494506.csv,2026-09-02
2026-07,E,900130000,DETAILED,659881,0,,10161610,NO,estat_E_2026-07_000040494506.csv,2026-09-02
2026-01,E,900140000,DETAILED,16016,0,,8901,NO,estat_E_2026-07_000040494506.csv,2026-09-02
2026-02,E,900140000,DETAILED,2110,0,,606,NO,estat_E_2026-07_000040494506.csv,2026-09-02
2026-03,E,900140000,DETAILED,3298,0,,1910,NO,estat_E_2026-07_000040494506.csv,2026-09-02
2026-04,E,900140000,DETAILED,6625,0,,4258,NO,estat_E_2026-07_000040494506.csv,2026-09-02
2026-05,E,900140000,DETAILED,2457,0,,1556,NO,estat_E_2026-07_000040494506.csv,2026-09-02
2026-06,E,900140000,DETAILED,1386,0,,400,NO,estat_E_2026-07_000040494506.csv,2026-09-02
2026-07,E,900140000,DETAILED,811,0,,281,NO,estat_E_2026-07_000040494506.csv,2026-09-02
2026-01,E,900150000,DETAILED,1020218,0,,993263,NO,estat_E_2026-07_000040494506.csv,2026-09-02
2026-02,E,900150000,DETAILED,898402,0,,1275345,NO,estat_E_2026-07_000040494506.csv,2026-09-02
2026-03,E,900150000,DETAILED,1108222,0,,1601435,NO,estat_E_2026-07_000040494506.csv,2026-09-02
2026-04,E,900150000,DETAILED,993490,0,,1470425,NO,estat_E_2026-07_000040494506.csv,2026-09-02
2026-05,E,900150000,DETAILED,888078,0,,1069271,NO,estat_E_2026-07_000040494506.csv,2026-09-02
2026-06,E,900150000,DETAILED,947644,0,,1159169,NO,estat_E_2026-07_000040494506.csv,2026-09-02
2026-07,E,900150000,DETAILED,981739,0,,1059538,NO,estat_E_2026-07_000040494506.csv,2026-09-02
2026-01,E,900190000,DETAILED,10033431,0,,161296,KG,estat_E_2026-07_000040494506.csv,2026-09-02
2026-02,E,900190000,DETAILED,9069650,0,,176989,KG,estat_E_2026-07_000040494506.csv,2026-09-02
2026-03,E,900190000,DETAILED,11539269,0,,264578,KG,estat_E_2026-07_000040494506.csv,2026-09-02
2026-04,E,900190000,DETAILED,11640148,0,,253802,KG,estat_E_2026-07_000040494506.csv,2026-09-02
2026-05,E,900190000,DETAILED,10199369,0,,213912,KG,estat_E_2026-07_000040494506.csv,2026-09-02
2026-06,E,900190000,DETAILED,12452519,0,,267620,KG,estat_E_2026-07_000040494506.csv,2026-09-02
2026-07,E,900190000,DETAILED,11540815,0,,279536,KG,estat_E_2026-07_000040494506.csv,2026-09-02
2026-01,E,901310000,DETAILED,566520,8736,NO,7335,KG,estat_E_2026-07_000040494506.csv,2026-09-02
2026-02,E,901310000,DETAILED,771776,14249,NO,13978,KG,estat_E_2026-07_000040494506.csv,2026-09-02
2026-03,E,901310000,DETAILED,1013800,16571,NO,13653,KG,estat_E_2026-07_000040494506.csv,2026-09-02
2026-04,E,901310000,DETAILED,880104,15257,NO,12322,KG,estat_E_2026-07_000040494506.csv,2026-09-02
2026-05,E,901310000,DETAILED,967915,15724,NO,13629,KG,estat_E_2026-07_000040494506.csv,2026-09-02
2026-06,E,901310000,DETAILED,920773,16324,NO,14726,KG,estat_E_2026-07_000040494506.csv,2026-09-02
2026-07,E,901310000,DETAILED,1109664,16445,NO,17742,KG,estat_E_2026-07_000040494506.csv,2026-09-02
2026-01,E,901320000,DETAILED,3010427,497,NO,27695,KG,estat_E_2026-07_000040494506.csv,2026-09-02
2026-02,E,901320000,DETAILED,2619463,391,NO,26202,KG,estat_E_2026-07_000040494506.csv,2026-09-02
2026-03,E,901320000,DETAILED,4932095,737,NO,61809,KG,estat_E_2026-07_000040494506.csv,2026-09-02
2026-04,E,901320000,DETAILED,3322587,504,NO,39805,KG,estat_E_2026-07_000040494506.csv,2026-09-02
2026-05,E,901320000,DETAILED,3048857,508,NO,36700,KG,estat_E_2026-07_000040494506.csv,2026-09-02
2026-06,E,901320000,DETAILED,3517572,487,NO,39632,KG,estat_E_2026-07_000040494506.csv,2026-09-02
2026-07,E,901320000,DETAILED,4634768,1113,NO,53926,KG,estat_E_2026-07_000040494506.csv,2026-09-02
2026-01,E,901380000,DETAILED,957675,23301,NO,20545,KG,estat_E_2026-07_000040494506.csv,2026-09-02
2026-02,E,901380000,DETAILED,901830,36525,NO,8312,KG,estat_E_2026-07_000040494506.csv,2026-09-02
2026-03,E,901380000,DETAILED,823653,26262,NO,6179,KG,estat_E_2026-07_000040494506.csv,2026-09-02
2026-04,E,901380000,DETAILED,665351,30873,NO,5568,KG,estat_E_2026-07_000040494506.csv,2026-09-02
2026-05,E,901380000,DETAILED,938018,25616,NO,5696,KG,estat_E_2026-07_000040494506.csv,2026-09-02
2026-06,E,901380000,DETAILED,892970,12117,NO,5306,KG,estat_E_2026-07_000040494506.csv,2026-09-02
2026-07,E,901380000,DETAILED,899709,25010,NO,6468,KG,estat_E_2026-07_000040494506.csv,2026-09-02
2026-01,E,901390000,DETAILED,3498955,0,,37524,KG,estat_E_2026-07_000040494506.csv,2026-09-02
2026-02,E,901390000,DETAILED,3413885,0,,37943,KG,estat_E_2026-07_000040494506.csv,2026-09-02
2026-03,E,901390000,DETAILED,3797483,0,,37954,KG,estat_E_2026-07_000040494506.csv,2026-09-02
2026-04,E,901390000,DETAILED,4226827,0,,41914,KG,estat_E_2026-07_000040494506.csv,2026-09-02
2026-05,E,901390000,DETAILED,2930642,0,,30517,KG,estat_E_2026-07_000040494506.csv,2026-09-02
2026-06,E,901390000,DETAILED,3810786,0,,37517,KG,estat_E_2026-07_000040494506.csv,2026-09-02
2026-07,E,901390000,DETAILED,4345814,0,,46404,KG,estat_E_2026-07_000040494506.csv,2026-09-02
2026-01,I,280461100,DETAILED,2528552,0,,117253,KG,estat_I_2026-07_000040494507.csv,2026-09-02
2026-02,I,280461100,DETAILED,2582322,0,,155345,KG,estat_I_2026-07_000040494507.csv,2026-09-02
2026-03,I,280461100,DETAILED,2679645,0,,91508,KG,estat_I_2026-07_000040494507.csv,2026-09-02
2026-04,I,280461100,DETAILED,2718708,0,,100064,KG,estat_I_2026-07_000040494507.csv,2026-09-02
2026-05,I,280461100,DETAILED,2457937,0,,98740,KG,estat_I_2026-07_000040494507.csv,2026-09-02
2026-06,I,280461100,DETAILED,2254849,0,,86836,KG,estat_I_2026-07_000040494507.csv,2026-09-02
2026-07,I,280461100,PROV9,3355620,0,,113008,KG,estat_I_2026-07_000040494507.csv,2026-09-02
2026-01,I,280461200,DETAILED,7459550,0,,969134,KG,estat_I_2026-07_000040494507.csv,2026-09-02
2026-02,I,280461200,DETAILED,8367880,0,,1154239,KG,estat_I_2026-07_000040494507.csv,2026-09-02
2026-03,I,280461200,DETAILED,8065930,0,,1230547,KG,estat_I_2026-07_000040494507.csv,2026-09-02
2026-04,I,280461200,DETAILED,9582231,0,,1335650,KG,estat_I_2026-07_000040494507.csv,2026-09-02
2026-05,I,280461200,DETAILED,10864142,0,,1503109,KG,estat_I_2026-07_000040494507.csv,2026-09-02
2026-06,I,280461200,DETAILED,9607252,0,,1252337,KG,estat_I_2026-07_000040494507.csv,2026-09-02
2026-07,I,280461200,PROV9,3482428,0,,534984,KG,estat_I_2026-07_000040494507.csv,2026-09-02
2026-01,I,381800010,DETAILED,11888773,0,,218359,KG,estat_I_2026-07_000040494507.csv,2026-09-02
2026-02,I,381800010,DETAILED,10313283,0,,241136,KG,estat_I_2026-07_000040494507.csv,2026-09-02
2026-03,I,381800010,DETAILED,12975959,0,,255553,KG,estat_I_2026-07_000040494507.csv,2026-09-02
2026-04,I,381800010,DETAILED,11631110,0,,222852,KG,estat_I_2026-07_000040494507.csv,2026-09-02
2026-05,I,381800010,DETAILED,11170138,0,,246811,KG,estat_I_2026-07_000040494507.csv,2026-09-02
2026-06,I,381800010,DETAILED,13181501,0,,342137,KG,estat_I_2026-07_000040494507.csv,2026-09-02
2026-07,I,381800010,PROV9,13878688,0,,262088,KG,estat_I_2026-07_000040494507.csv,2026-09-02
2026-01,I,381800020,DETAILED,5172844,0,,6879,KG,estat_I_2026-07_000040494507.csv,2026-09-02
2026-02,I,381800020,DETAILED,5143758,0,,6713,KG,estat_I_2026-07_000040494507.csv,2026-09-02
2026-03,I,381800020,DETAILED,5817235,0,,10040,KG,estat_I_2026-07_000040494507.csv,2026-09-02
2026-04,I,381800020,DETAILED,4393552,0,,5038,KG,estat_I_2026-07_000040494507.csv,2026-09-02
2026-05,I,381800020,DETAILED,7440960,0,,4995,KG,estat_I_2026-07_000040494507.csv,2026-09-02
2026-06,I,381800020,DETAILED,2998290,0,,4963,KG,estat_I_2026-07_000040494507.csv,2026-09-02
2026-07,I,381800020,PROV9,3260155,0,,9638,KG,estat_I_2026-07_000040494507.csv,2026-09-02
2026-01,I,848610000,DETAILED,112807,9,NO,36534,KG,estat_I_2026-07_000040494507.csv,2026-09-02
2026-02,I,848610000,DETAILED,1402999,15,NO,93117,KG,estat_I_2026-07_000040494507.csv,2026-09-02
2026-03,I,848610000,DETAILED,964363,14,NO,38674,KG,estat_I_2026-07_000040494507.csv,2026-09-02
2026-04,I,848610000,DETAILED,758300,13,NO,23096,KG,estat_I_2026-07_000040494507.csv,2026-09-02
2026-05,I,848610000,DETAILED,572914,17,NO,82444,KG,estat_I_2026-07_000040494507.csv,2026-09-02
2026-06,I,848610000,DETAILED,2257901,15,NO,35906,KG,estat_I_2026-07_000040494507.csv,2026-09-02
2026-07,I,848610000,PROV9,500562,4,NO,9125,KG,estat_I_2026-07_000040494507.csv,2026-09-02
2026-01,I,848620000,DETAILED,34838131,1013,NO,393596,KG,estat_I_2026-07_000040494507.csv,2026-09-02
2026-02,I,848620000,DETAILED,19781833,848,NO,235140,KG,estat_I_2026-07_000040494507.csv,2026-09-02
2026-03,I,848620000,DETAILED,49279869,1027,NO,489722,KG,estat_I_2026-07_000040494507.csv,2026-09-02
2026-04,I,848620000,DETAILED,30680342,798,NO,370560,KG,estat_I_2026-07_000040494507.csv,2026-09-02
2026-05,I,848620000,DETAILED,56894965,868,NO,303002,KG,estat_I_2026-07_000040494507.csv,2026-09-02
2026-06,I,848620000,DETAILED,66687817,1437,NO,449891,KG,estat_I_2026-07_000040494507.csv,2026-09-02
2026-07,I,848620000,PROV9,59873286,1092,NO,595788,KG,estat_I_2026-07_000040494507.csv,2026-09-02
2026-01,I,848630000,DETAILED,6995,1,NO,84,KG,estat_I_2026-07_000040494507.csv,2026-09-02
2026-02,I,848630000,DETAILED,5126,2,NO,63,KG,estat_I_2026-07_000040494507.csv,2026-09-02
2026-03,I,848630000,DETAILED,74157,2,NO,6205,KG,estat_I_2026-07_000040494507.csv,2026-09-02
2026-04,I,848630000,DETAILED,22124,1,NO,398,KG,estat_I_2026-07_000040494507.csv,2026-09-02
2026-05,I,848630000,DETAILED,107289,6,NO,7848,KG,estat_I_2026-07_000040494507.csv,2026-09-02
2026-06,I,848630000,DETAILED,225880,4,NO,9767,KG,estat_I_2026-07_000040494507.csv,2026-09-02
2026-07,I,848630000,PROV9,35734,3,NO,444,KG,estat_I_2026-07_000040494507.csv,2026-09-02
2026-01,I,848640000,DETAILED,8584762,711,NO,195901,KG,estat_I_2026-07_000040494507.csv,2026-09-02
2026-02,I,848640000,DETAILED,6105205,376,NO,178878,KG,estat_I_2026-07_000040494507.csv,2026-09-02
2026-03,I,848640000,DETAILED,11403661,511,NO,263611,KG,estat_I_2026-07_000040494507.csv,2026-09-02
2026-04,I,848640000,DETAILED,7465243,513,NO,195869,KG,estat_I_2026-07_000040494507.csv,2026-09-02
2026-05,I,848640000,DETAILED,4785744,467,NO,159239,KG,estat_I_2026-07_000040494507.csv,2026-09-02
2026-06,I,848640000,DETAILED,8700743,709,NO,217118,KG,estat_I_2026-07_000040494507.csv,2026-09-02
2026-07,I,848640000,PROV9,9267162,557,NO,312994,KG,estat_I_2026-07_000040494507.csv,2026-09-02
2026-01,I,848690000,DETAILED,34375807,0,,1196020,KG,estat_I_2026-07_000040494507.csv,2026-09-02
2026-02,I,848690000,DETAILED,26717974,0,,1146746,KG,estat_I_2026-07_000040494507.csv,2026-09-02
2026-03,I,848690000,DETAILED,36414352,0,,1151427,KG,estat_I_2026-07_000040494507.csv,2026-09-02
2026-04,I,848690000,DETAILED,31996674,0,,1330072,KG,estat_I_2026-07_000040494507.csv,2026-09-02
2026-05,I,848690000,DETAILED,30801775,0,,1346447,KG,estat_I_2026-07_000040494507.csv,2026-09-02
2026-06,I,848690000,DETAILED,31970802,0,,1633066,KG,estat_I_2026-07_000040494507.csv,2026-09-02
2026-07,I,848690000,PROV9,33625948,0,,1686452,KG,estat_I_2026-07_000040494507.csv,2026-09-02
2026-01,I,851711000,DETAILED,350448,0,,67539,NO,estat_I_2026-07_000040494507.csv,2026-09-02
2026-02,I,851711000,DETAILED,262563,0,,48942,NO,estat_I_2026-07_000040494507.csv,2026-09-02
2026-03,I,851711000,DETAILED,404038,0,,75564,NO,estat_I_2026-07_000040494507.csv,2026-09-02
2026-04,I,851711000,DETAILED,346313,0,,61689,NO,estat_I_2026-07_000040494507.csv,2026-09-02
2026-05,I,851711000,DETAILED,218851,0,,41602,NO,estat_I_2026-07_000040494507.csv,2026-09-02
2026-06,I,851711000,DETAILED,349773,0,,66648,NO,estat_I_2026-07_000040494507.csv,2026-09-02
2026-07,I,851711000,PROV9,413338,0,,68922,NO,estat_I_2026-07_000040494507.csv,2026-09-02
2026-01,I,851713000,DETAILED,328331383,0,,3668419,NO,estat_I_2026-07_000040494507.csv,2026-09-02
2026-02,I,851713000,DETAILED,258952728,0,,2995731,NO,estat_I_2026-07_000040494507.csv,2026-09-02
2026-03,I,851713000,DETAILED,336327970,0,,4422193,NO,estat_I_2026-07_000040494507.csv,2026-09-02
2026-04,I,851713000,DETAILED,295862318,0,,3379103,NO,estat_I_2026-07_000040494507.csv,2026-09-02
2026-05,I,851713000,DETAILED,223320320,0,,2646573,NO,estat_I_2026-07_000040494507.csv,2026-09-02
2026-06,I,851713000,DETAILED,199370500,0,,2885856,NO,estat_I_2026-07_000040494507.csv,2026-09-02
2026-07,I,851713000,PROV9,287574932,0,,2803256,NO,estat_I_2026-07_000040494507.csv,2026-09-02
2026-01,I,851714000,DETAILED,245790,0,,7024,NO,estat_I_2026-07_000040494507.csv,2026-09-02
2026-02,I,851714000,DETAILED,209804,0,,8205,NO,estat_I_2026-07_000040494507.csv,2026-09-02
2026-03,I,851714000,DETAILED,196317,0,,6219,NO,estat_I_2026-07_000040494507.csv,2026-09-02
2026-04,I,851714000,DETAILED,247536,0,,5104,NO,estat_I_2026-07_000040494507.csv,2026-09-02
2026-05,I,851714000,DETAILED,69055,0,,2851,NO,estat_I_2026-07_000040494507.csv,2026-09-02
2026-06,I,851714000,DETAILED,218493,0,,6444,NO,estat_I_2026-07_000040494507.csv,2026-09-02
2026-07,I,851714000,PROV9,1307491,0,,30753,NO,estat_I_2026-07_000040494507.csv,2026-09-02
2026-01,I,851718000,DETAILED,386026,0,,67668,NO,estat_I_2026-07_000040494507.csv,2026-09-02
2026-02,I,851718000,DETAILED,409417,0,,68481,NO,estat_I_2026-07_000040494507.csv,2026-09-02
2026-03,I,851718000,DETAILED,374096,0,,54228,NO,estat_I_2026-07_000040494507.csv,2026-09-02
2026-04,I,851718000,DETAILED,467137,0,,67224,NO,estat_I_2026-07_000040494507.csv,2026-09-02
2026-05,I,851718000,DETAILED,368756,0,,50517,NO,estat_I_2026-07_000040494507.csv,2026-09-02
2026-06,I,851718000,DETAILED,528936,0,,78292,NO,estat_I_2026-07_000040494507.csv,2026-09-02
2026-07,I,851718000,PROV9,655558,0,,101351,NO,estat_I_2026-07_000040494507.csv,2026-09-02
2026-01,I,851761000,DETAILED,3234169,0,,6995,NO,estat_I_2026-07_000040494507.csv,2026-09-02
2026-02,I,851761000,DETAILED,1300967,0,,4972,NO,estat_I_2026-07_000040494507.csv,2026-09-02
2026-03,I,851761000,DETAILED,1324060,0,,9930,NO,estat_I_2026-07_000040494507.csv,2026-09-02
2026-04,I,851761000,DETAILED,2602031,0,,5942,NO,estat_I_2026-07_000040494507.csv,2026-09-02
2026-05,I,851761000,DETAILED,2064657,0,,5971,NO,estat_I_2026-07_000040494507.csv,2026-09-02
2026-06,I,851761000,DETAILED,3779326,0,,9649,NO,estat_I_2026-07_000040494507.csv,2026-09-02
2026-07,I,851761000,PROV9,3412738,0,,10488,NO,estat_I_2026-07_000040494507.csv,2026-09-02
2026-01,I,851762010,DETAILED,45450954,0,,1959102,NO,estat_I_2026-07_000040494507.csv,2026-09-02
2026-02,I,851762010,DETAILED,51999846,0,,1753402,NO,estat_I_2026-07_000040494507.csv,2026-09-02
2026-03,I,851762010,DETAILED,39212523,0,,2062009,NO,estat_I_2026-07_000040494507.csv,2026-09-02
2026-04,I,851762010,DETAILED,40644206,0,,1679138,NO,estat_I_2026-07_000040494507.csv,2026-09-02
2026-05,I,851762010,DETAILED,44991774,0,,1584741,NO,estat_I_2026-07_000040494507.csv,2026-09-02
2026-06,I,851762010,DETAILED,52108355,0,,1872436,NO,estat_I_2026-07_000040494507.csv,2026-09-02
2026-07,I,851762010,PROV9,43238151,0,,1842854,NO,estat_I_2026-07_000040494507.csv,2026-09-02
2026-01,I,851762090,DETAILED,50523779,0,,3060837,NO,estat_I_2026-07_000040494507.csv,2026-09-02
2026-02,I,851762090,DETAILED,52884774,0,,3226824,NO,estat_I_2026-07_000040494507.csv,2026-09-02
2026-03,I,851762090,DETAILED,58900489,0,,3425904,NO,estat_I_2026-07_000040494507.csv,2026-09-02
2026-04,I,851762090,DETAILED,55769522,0,,2999267,NO,estat_I_2026-07_000040494507.csv,2026-09-02
2026-05,I,851762090,DETAILED,64190583,0,,3372413,NO,estat_I_2026-07_000040494507.csv,2026-09-02
2026-06,I,851762090,DETAILED,70611875,0,,3451610,NO,estat_I_2026-07_000040494507.csv,2026-09-02
2026-07,I,851762090,PROV9,84142215,0,,3217651,NO,estat_I_2026-07_000040494507.csv,2026-09-02
2026-01,I,851769000,DETAILED,2545014,0,,300649,NO,estat_I_2026-07_000040494507.csv,2026-09-02
2026-02,I,851769000,DETAILED,2469344,0,,282567,NO,estat_I_2026-07_000040494507.csv,2026-09-02
2026-03,I,851769000,DETAILED,2704091,0,,262432,NO,estat_I_2026-07_000040494507.csv,2026-09-02
2026-04,I,851769000,DETAILED,3074058,0,,315648,NO,estat_I_2026-07_000040494507.csv,2026-09-02
2026-05,I,851769000,DETAILED,2361687,0,,242679,NO,estat_I_2026-07_000040494507.csv,2026-09-02
2026-06,I,851769000,DETAILED,2755220,0,,259471,NO,estat_I_2026-07_000040494507.csv,2026-09-02
2026-07,I,851769000,PROV9,2591431,0,,267588,NO,estat_I_2026-07_000040494507.csv,2026-09-02
2026-01,I,851771000,DETAILED,1749568,0,,147669,KG,estat_I_2026-07_000040494507.csv,2026-09-02
2026-02,I,851771000,DETAILED,1539017,0,,85772,KG,estat_I_2026-07_000040494507.csv,2026-09-02
2026-03,I,851771000,DETAILED,1495864,0,,80937,KG,estat_I_2026-07_000040494507.csv,2026-09-02
2026-04,I,851771000,DETAILED,1350037,0,,83167,KG,estat_I_2026-07_000040494507.csv,2026-09-02
2026-05,I,851771000,DETAILED,1374617,0,,102568,KG,estat_I_2026-07_000040494507.csv,2026-09-02
2026-06,I,851771000,DETAILED,1412437,0,,101615,KG,estat_I_2026-07_000040494507.csv,2026-09-02
2026-07,I,851771000,PROV9,1924386,0,,177269,KG,estat_I_2026-07_000040494507.csv,2026-09-02
2026-01,I,851779000,DETAILED,11230442,0,,282892,KG,estat_I_2026-07_000040494507.csv,2026-09-02
2026-02,I,851779000,DETAILED,7970558,0,,185736,KG,estat_I_2026-07_000040494507.csv,2026-09-02
2026-03,I,851779000,DETAILED,10570621,0,,180114,KG,estat_I_2026-07_000040494507.csv,2026-09-02
2026-04,I,851779000,DETAILED,9666783,0,,233671,KG,estat_I_2026-07_000040494507.csv,2026-09-02
2026-05,I,851779000,DETAILED,9831160,0,,201676,KG,estat_I_2026-07_000040494507.csv,2026-09-02
2026-06,I,851779000,DETAILED,11965706,0,,241012,KG,estat_I_2026-07_000040494507.csv,2026-09-02
2026-07,I,851779000,PROV9,12486489,0,,263335,KG,estat_I_2026-07_000040494507.csv,2026-09-02
2026-01,I,854110010,DETAILED,2779850,0,,1189609879,NO,estat_I_2026-07_000040494507.csv,2026-09-02
2026-02,I,854110010,DETAILED,2438685,0,,1170667476,NO,estat_I_2026-07_000040494507.csv,2026-09-02
2026-03,I,854110010,DETAILED,2539679,0,,1205718764,NO,estat_I_2026-07_000040494507.csv,2026-09-02
2026-04,I,854110010,DETAILED,1854410,0,,823209774,NO,estat_I_2026-07_000040494507.csv,2026-09-02
2026-05,I,854110010,DETAILED,1815387,0,,842927855,NO,estat_I_2026-07_000040494507.csv,2026-09-02
2026-06,I,854110010,DETAILED,1855723,0,,634144836,NO,estat_I_2026-07_000040494507.csv,2026-09-02
2026-07,I,854110010,PROV9,2125961,0,,809624956,NO,estat_I_2026-07_000040494507.csv,2026-09-02
2026-01,I,854110091,DETAILED,2513977,0,,969469200,NO,estat_I_2026-07_000040494507.csv,2026-09-02
2026-02,I,854110091,DETAILED,2407664,0,,1004923054,NO,estat_I_2026-07_000040494507.csv,2026-09-02
2026-03,I,854110091,DETAILED,2439461,0,,1092164325,NO,estat_I_2026-07_000040494507.csv,2026-09-02
2026-04,I,854110091,DETAILED,3624512,0,,1441932888,NO,estat_I_2026-07_000040494507.csv,2026-09-02
2026-05,I,854110091,DETAILED,2765738,0,,2231897662,NO,estat_I_2026-07_000040494507.csv,2026-09-02
2026-06,I,854110091,DETAILED,3472710,0,,1538994479,NO,estat_I_2026-07_000040494507.csv,2026-09-02
2026-07,I,854110091,PROV9,3630336,0,,1846080590,NO,estat_I_2026-07_000040494507.csv,2026-09-02
2026-01,I,854110092,DETAILED,17883,0,,105175,NO,estat_I_2026-07_000040494507.csv,2026-09-02
2026-02,I,854110092,DETAILED,1735,0,,15000,NO,estat_I_2026-07_000040494507.csv,2026-09-02
2026-03,I,854110092,DETAILED,30211,0,,34788,NO,estat_I_2026-07_000040494507.csv,2026-09-02
2026-04,I,854110092,DETAILED,42404,0,,151777,NO,estat_I_2026-07_000040494507.csv,2026-09-02
2026-05,I,854110092,DETAILED,38452,0,,171928,NO,estat_I_2026-07_000040494507.csv,2026-09-02
2026-06,I,854110092,DETAILED,66265,0,,1193980,NO,estat_I_2026-07_000040494507.csv,2026-09-02
2026-07,I,854110092,PROV9,48453,0,,244288,NO,estat_I_2026-07_000040494507.csv,2026-09-02
2026-05,I,854110093,DETAILED,324,0,,27,NO,estat_I_2026-07_000040494507.csv,2026-09-02
2026-01,I,854110099,DETAILED,621327,0,,37809456,NO,estat_I_2026-07_000040494507.csv,2026-09-02
2026-02,I,854110099,DETAILED,574800,0,,41185491,NO,estat_I_2026-07_000040494507.csv,2026-09-02
2026-03,I,854110099,DETAILED,694712,0,,82940040,NO,estat_I_2026-07_000040494507.csv,2026-09-02
2026-04,I,854110099,DETAILED,621479,0,,53154202,NO,estat_I_2026-07_000040494507.csv,2026-09-02
2026-05,I,854110099,DETAILED,701804,0,,62245979,NO,estat_I_2026-07_000040494507.csv,2026-09-02
2026-06,I,854110099,DETAILED,821788,0,,74805667,NO,estat_I_2026-07_000040494507.csv,2026-09-02
2026-07,I,854110099,PROV9,928040,0,,53455258,NO,estat_I_2026-07_000040494507.csv,2026-09-02
2026-01,I,854121000,DETAILED,3058253,0,,862030917,NO,estat_I_2026-07_000040494507.csv,2026-09-02
2026-02,I,854121000,DETAILED,2561638,0,,754641037,NO,estat_I_2026-07_000040494507.csv,2026-09-02
2026-03,I,854121000,DETAILED,3017626,0,,850261980,NO,estat_I_2026-07_000040494507.csv,2026-09-02
2026-04,I,854121000,DETAILED,2567314,0,,765149029,NO,estat_I_2026-07_000040494507.csv,2026-09-02
2026-05,I,854121000,DETAILED,2406317,0,,736995220,NO,estat_I_2026-07_000040494507.csv,2026-09-02
2026-06,I,854121000,DETAILED,2737900,0,,788587137,NO,estat_I_2026-07_000040494507.csv,2026-09-02
2026-07,I,854121000,PROV9,3482876,0,,813900186,NO,estat_I_2026-07_000040494507.csv,2026-09-02
2026-01,I,854129010,DETAILED,5915169,0,,120477494,NO,estat_I_2026-07_000040494507.csv,2026-09-02
2026-02,I,854129010,DETAILED,4958020,0,,108057307,NO,estat_I_2026-07_000040494507.csv,2026-09-02
2026-03,I,854129010,DETAILED,6369790,0,,155553385,NO,estat_I_2026-07_000040494507.csv,2026-09-02
2026-04,I,854129010,DETAILED,7437368,0,,157720938,NO,estat_I_2026-07_000040494507.csv,2026-09-02
2026-05,I,854129010,DETAILED,6263722,0,,155365241,NO,estat_I_2026-07_000040494507.csv,2026-09-02
2026-06,I,854129010,DETAILED,7149870,0,,174087363,NO,estat_I_2026-07_000040494507.csv,2026-09-02
2026-07,I,854129010,PROV9,6844862,0,,168164378,NO,estat_I_2026-07_000040494507.csv,2026-09-02
2026-01,I,854129020,DETAILED,229919,0,,377063,NO,estat_I_2026-07_000040494507.csv,2026-09-02
2026-02,I,854129020,DETAILED,395267,0,,654558,NO,estat_I_2026-07_000040494507.csv,2026-09-02
2026-03,I,854129020,DETAILED,445105,0,,853645,NO,estat_I_2026-07_000040494507.csv,2026-09-02
2026-04,I,854129020,DETAILED,507461,0,,1335784,NO,estat_I_2026-07_000040494507.csv,2026-09-02
2026-05,I,854129020,DETAILED,547896,0,,1218924,NO,estat_I_2026-07_000040494507.csv,2026-09-02
2026-06,I,854129020,DETAILED,351862,0,,688763,NO,estat_I_2026-07_000040494507.csv,2026-09-02
2026-07,I,854129020,PROV9,475522,0,,1077371,NO,estat_I_2026-07_000040494507.csv,2026-09-02
2026-01,I,854129030,DETAILED,12245,0,,39281,NO,estat_I_2026-07_000040494507.csv,2026-09-02
2026-02,I,854129030,DETAILED,24689,0,,69906,NO,estat_I_2026-07_000040494507.csv,2026-09-02
2026-03,I,854129030,DETAILED,9540,0,,75942,NO,estat_I_2026-07_000040494507.csv,2026-09-02
2026-04,I,854129030,DETAILED,10166,0,,15036,NO,estat_I_2026-07_000040494507.csv,2026-09-02
2026-05,I,854129030,DETAILED,4303,0,,14546,NO,estat_I_2026-07_000040494507.csv,2026-09-02
2026-06,I,854129030,DETAILED,20076,0,,46880,NO,estat_I_2026-07_000040494507.csv,2026-09-02
2026-07,I,854129030,PROV9,4712,0,,5183,NO,estat_I_2026-07_000040494507.csv,2026-09-02
2026-01,I,854129090,DETAILED,1554753,0,,32757745,NO,estat_I_2026-07_000040494507.csv,2026-09-02
2026-02,I,854129090,DETAILED,1257849,0,,24029602,NO,estat_I_2026-07_000040494507.csv,2026-09-02
2026-03,I,854129090,DETAILED,1853791,0,,29864500,NO,estat_I_2026-07_000040494507.csv,2026-09-02
2026-04,I,854129090,DETAILED,1678807,0,,24078547,NO,estat_I_2026-07_000040494507.csv,2026-09-02
2026-05,I,854129090,DETAILED,1807135,0,,32243947,NO,estat_I_2026-07_000040494507.csv,2026-09-02
2026-06,I,854129090,DETAILED,1863020,0,,22648451,NO,estat_I_2026-07_000040494507.csv,2026-09-02
2026-07,I,854129090,PROV9,2536560,0,,32079388,NO,estat_I_2026-07_000040494507.csv,2026-09-02
2026-01,I,854130000,DETAILED,331323,0,,4799973,NO,estat_I_2026-07_000040494507.csv,2026-09-02
2026-02,I,854130000,DETAILED,289353,0,,3043861,NO,estat_I_2026-07_000040494507.csv,2026-09-02
2026-03,I,854130000,DETAILED,357851,0,,4328314,NO,estat_I_2026-07_000040494507.csv,2026-09-02
2026-04,I,854130000,DETAILED,368990,0,,4151717,NO,estat_I_2026-07_000040494507.csv,2026-09-02
2026-05,I,854130000,DETAILED,405313,0,,4910302,NO,estat_I_2026-07_000040494507.csv,2026-09-02
2026-06,I,854130000,DETAILED,569147,0,,6646816,NO,estat_I_2026-07_000040494507.csv,2026-09-02
2026-07,I,854130000,PROV9,503303,0,,6508221,NO,estat_I_2026-07_000040494507.csv,2026-09-02
2026-01,I,854141000,DETAILED,6012505,0,,1456737786,NO,estat_I_2026-07_000040494507.csv,2026-09-02
2026-02,I,854141000,DETAILED,4883756,0,,1126958889,NO,estat_I_2026-07_000040494507.csv,2026-09-02
2026-03,I,854141000,DETAILED,5728397,0,,1182792125,NO,estat_I_2026-07_000040494507.csv,2026-09-02
2026-04,I,854141000,DETAILED,6605720,0,,972345424,NO,estat_I_2026-07_000040494507.csv,2026-09-02
2026-05,I,854141000,DETAILED,5103770,0,,1311876874,NO,estat_I_2026-07_000040494507.csv,2026-09-02
2026-06,I,854141000,DETAILED,6701974,0,,1122434566,NO,estat_I_2026-07_000040494507.csv,2026-09-02
2026-07,I,854141000,PROV9,7257586,0,,1041847157,NO,estat_I_2026-07_000040494507.csv,2026-09-02
2026-01,I,854142000,DETAILED,268433,0,,13561125,NO,estat_I_2026-07_000040494507.csv,2026-09-02
2026-02,I,854142000,DETAILED,746892,0,,18355420,NO,estat_I_2026-07_000040494507.csv,2026-09-02
2026-03,I,854142000,DETAILED,611006,0,,17180413,NO,estat_I_2026-07_000040494507.csv,2026-09-02
2026-04,I,854142000,DETAILED,356832,0,,12356290,NO,estat_I_2026-07_000040494507.csv,2026-09-02
2026-05,I,854142000,DETAILED,655812,0,,17794492,NO,estat_I_2026-07_000040494507.csv,2026-09-02
2026-06,I,854142000,DETAILED,315284,0,,21075363,NO,estat_I_2026-07_000040494507.csv,2026-09-02
2026-07,I,854142000,PROV9,337276,0,,20472109,NO,estat_I_2026-07_000040494507.csv,2026-09-02
2026-01,I,854143000,DETAILED,11027533,0,,17112491,NO,estat_I_2026-07_000040494507.csv,2026-09-02
2026-02,I,854143000,DETAILED,8903516,0,,15346426,NO,estat_I_2026-07_000040494507.csv,2026-09-02
2026-03,I,854143000,DETAILED,12932926,0,,17780122,NO,estat_I_2026-07_000040494507.csv,2026-09-02
2026-04,I,854143000,DETAILED,18698742,0,,16158916,NO,estat_I_2026-07_000040494507.csv,2026-09-02
2026-05,I,854143000,DETAILED,8447849,0,,18160134,NO,estat_I_2026-07_000040494507.csv,2026-09-02
2026-06,I,854143000,DETAILED,10311494,0,,20018423,NO,estat_I_2026-07_000040494507.csv,2026-09-02
2026-07,I,854143000,PROV9,10082400,0,,16430566,NO,estat_I_2026-07_000040494507.csv,2026-09-02
2026-01,I,854149000,DETAILED,2765839,0,,55611609,NO,estat_I_2026-07_000040494507.csv,2026-09-02
2026-02,I,854149000,DETAILED,2913346,0,,41984812,NO,estat_I_2026-07_000040494507.csv,2026-09-02
2026-03,I,854149000,DETAILED,5886940,0,,56222914,NO,estat_I_2026-07_000040494507.csv,2026-09-02
2026-04,I,854149000,DETAILED,3378476,0,,75762459,NO,estat_I_2026-07_000040494507.csv,2026-09-02
2026-05,I,854149000,DETAILED,5212407,0,,57540284,NO,estat_I_2026-07_000040494507.csv,2026-09-02
2026-06,I,854149000,DETAILED,6754348,0,,84434543,NO,estat_I_2026-07_000040494507.csv,2026-09-02
2026-07,I,854149000,PROV9,3613178,0,,94328300,NO,estat_I_2026-07_000040494507.csv,2026-09-02
2026-01,I,854151000,DETAILED,255524,0,,473628,NO,estat_I_2026-07_000040494507.csv,2026-09-02
2026-02,I,854151000,DETAILED,121909,0,,150608,NO,estat_I_2026-07_000040494507.csv,2026-09-02
2026-03,I,854151000,DETAILED,403619,0,,359827,NO,estat_I_2026-07_000040494507.csv,2026-09-02
2026-04,I,854151000,DETAILED,291834,0,,164910,NO,estat_I_2026-07_000040494507.csv,2026-09-02
2026-05,I,854151000,DETAILED,171935,0,,472661,NO,estat_I_2026-07_000040494507.csv,2026-09-02
2026-06,I,854151000,DETAILED,473358,0,,61329737,NO,estat_I_2026-07_000040494507.csv,2026-09-02
2026-07,I,854151000,PROV9,281755,0,,62366403,NO,estat_I_2026-07_000040494507.csv,2026-09-02
2026-01,I,854159000,DETAILED,142764,0,,1436003,NO,estat_I_2026-07_000040494507.csv,2026-09-02
2026-02,I,854159000,DETAILED,144135,0,,1814201,NO,estat_I_2026-07_000040494507.csv,2026-09-02
2026-03,I,854159000,DETAILED,175978,0,,1041729,NO,estat_I_2026-07_000040494507.csv,2026-09-02
2026-04,I,854159000,DETAILED,209204,0,,1605258,NO,estat_I_2026-07_000040494507.csv,2026-09-02
2026-05,I,854159000,DETAILED,310863,0,,6249946,NO,estat_I_2026-07_000040494507.csv,2026-09-02
2026-06,I,854159000,DETAILED,221076,0,,5915536,NO,estat_I_2026-07_000040494507.csv,2026-09-02
2026-07,I,854159000,PROV9,258990,0,,3645766,NO,estat_I_2026-07_000040494507.csv,2026-09-02
2026-01,I,854160010,DETAILED,1697749,0,,166431080,NO,estat_I_2026-07_000040494507.csv,2026-09-02
2026-02,I,854160010,DETAILED,1453787,0,,141799248,NO,estat_I_2026-07_000040494507.csv,2026-09-02
2026-03,I,854160010,DETAILED,1864786,0,,174917282,NO,estat_I_2026-07_000040494507.csv,2026-09-02
2026-04,I,854160010,DETAILED,1748449,0,,159017747,NO,estat_I_2026-07_000040494507.csv,2026-09-02
2026-05,I,854160010,DETAILED,1909204,0,,170129544,NO,estat_I_2026-07_000040494507.csv,2026-09-02
2026-06,I,854160010,DETAILED,1762127,0,,158909972,NO,estat_I_2026-07_000040494507.csv,2026-09-02
2026-07,I,854160010,PROV9,2124930,0,,179071696,NO,estat_I_2026-07_000040494507.csv,2026-09-02
2026-01,I,854160090,DETAILED,1033676,0,,15683585,NO,estat_I_2026-07_000040494507.csv,2026-09-02
2026-02,I,854160090,DETAILED,952166,0,,13952051,NO,estat_I_2026-07_000040494507.csv,2026-09-02
2026-03,I,854160090,DETAILED,1016137,0,,16514697,NO,estat_I_2026-07_000040494507.csv,2026-09-02
2026-04,I,854160090,DETAILED,930450,0,,13543556,NO,estat_I_2026-07_000040494507.csv,2026-09-02
2026-05,I,854160090,DETAILED,932252,0,,15184858,NO,estat_I_2026-07_000040494507.csv,2026-09-02
2026-06,I,854160090,DETAILED,1110450,0,,15898696,NO,estat_I_2026-07_000040494507.csv,2026-09-02
2026-07,I,854160090,PROV9,1029114,0,,14555994,NO,estat_I_2026-07_000040494507.csv,2026-09-02
2026-01,I,854190000,DETAILED,1151802,0,,174129,KG,estat_I_2026-07_000040494507.csv,2026-09-02
2026-02,I,854190000,DETAILED,1108823,0,,117027,KG,estat_I_2026-07_000040494507.csv,2026-09-02
2026-03,I,854190000,DETAILED,1340785,0,,98973,KG,estat_I_2026-07_000040494507.csv,2026-09-02
2026-04,I,854190000,DETAILED,1990034,0,,147202,KG,estat_I_2026-07_000040494507.csv,2026-09-02
2026-05,I,854190000,DETAILED,1633988,0,,167839,KG,estat_I_2026-07_000040494507.csv,2026-09-02
2026-06,I,854190000,DETAILED,1767558,0,,211483,KG,estat_I_2026-07_000040494507.csv,2026-09-02
2026-07,I,854190000,PROV9,1595971,0,,184356,KG,estat_I_2026-07_000040494507.csv,2026-09-02
2026-01,I,854231010,DETAILED,63084797,0,,402925317,NO,estat_I_2026-07_000040494507.csv,2026-09-02
2026-02,I,854231010,DETAILED,47020695,0,,366948590,NO,estat_I_2026-07_000040494507.csv,2026-09-02
2026-03,I,854231010,DETAILED,51993088,0,,372330946,NO,estat_I_2026-07_000040494507.csv,2026-09-02
2026-04,I,854231010,DETAILED,65502943,0,,504532590,NO,estat_I_2026-07_000040494507.csv,2026-09-02
2026-05,I,854231010,DETAILED,49950198,0,,370511562,NO,estat_I_2026-07_000040494507.csv,2026-09-02
2026-06,I,854231010,DETAILED,57804316,0,,271332417,NO,estat_I_2026-07_000040494507.csv,2026-09-02
2026-07,I,854231010,PROV9,66154492,0,,332106973,NO,estat_I_2026-07_000040494507.csv,2026-09-02
2026-01,I,854231020,DETAILED,10306515,0,,901172,NO,estat_I_2026-07_000040494507.csv,2026-09-02
2026-02,I,854231020,DETAILED,9811476,0,,1177736,NO,estat_I_2026-07_000040494507.csv,2026-09-02
2026-03,I,854231020,DETAILED,12581635,0,,1433530,NO,estat_I_2026-07_000040494507.csv,2026-09-02
2026-04,I,854231020,DETAILED,4562034,0,,3771283,NO,estat_I_2026-07_000040494507.csv,2026-09-02
2026-05,I,854231020,DETAILED,6883361,0,,625906,NO,estat_I_2026-07_000040494507.csv,2026-09-02
2026-06,I,854231020,DETAILED,9404372,0,,1093756,NO,estat_I_2026-07_000040494507.csv,2026-09-02
2026-07,I,854231020,PROV9,8452013,0,,803784,NO,estat_I_2026-07_000040494507.csv,2026-09-02
2026-01,I,854231031,DETAILED,12731492,0,,7053209,NO,estat_I_2026-07_000040494507.csv,2026-09-02
2026-02,I,854231031,DETAILED,9287087,0,,5658023,NO,estat_I_2026-07_000040494507.csv,2026-09-02
2026-03,I,854231031,DETAILED,10810466,0,,7390930,NO,estat_I_2026-07_000040494507.csv,2026-09-02
2026-04,I,854231031,DETAILED,11331198,0,,8053970,NO,estat_I_2026-07_000040494507.csv,2026-09-02
2026-05,I,854231031,DETAILED,10419949,0,,7452923,NO,estat_I_2026-07_000040494507.csv,2026-09-02
2026-06,I,854231031,DETAILED,13992464,0,,12368658,NO,estat_I_2026-07_000040494507.csv,2026-09-02
2026-07,I,854231031,PROV9,12431829,0,,12404917,NO,estat_I_2026-07_000040494507.csv,2026-09-02
2026-01,I,854231032,DETAILED,27571584,0,,63817203,NO,estat_I_2026-07_000040494507.csv,2026-09-02
2026-02,I,854231032,DETAILED,16773285,0,,56877204,NO,estat_I_2026-07_000040494507.csv,2026-09-02
2026-03,I,854231032,DETAILED,27915799,0,,78288409,NO,estat_I_2026-07_000040494507.csv,2026-09-02
2026-04,I,854231032,DETAILED,31836628,0,,83396821,NO,estat_I_2026-07_000040494507.csv,2026-09-02
2026-05,I,854231032,DETAILED,27838358,0,,89107670,NO,estat_I_2026-07_000040494507.csv,2026-09-02
2026-06,I,854231032,DETAILED,33848572,0,,90741514,NO,estat_I_2026-07_000040494507.csv,2026-09-02
2026-07,I,854231032,PROV9,30618746,0,,84173477,NO,estat_I_2026-07_000040494507.csv,2026-09-02
2026-01,I,854231033,DETAILED,655186,0,,375796,NO,estat_I_2026-07_000040494507.csv,2026-09-02
2026-02,I,854231033,DETAILED,335096,0,,216781,NO,estat_I_2026-07_000040494507.csv,2026-09-02
2026-03,I,854231033,DETAILED,752632,0,,518373,NO,estat_I_2026-07_000040494507.csv,2026-09-02
2026-04,I,854231033,DETAILED,359853,0,,266330,NO,estat_I_2026-07_000040494507.csv,2026-09-02
2026-05,I,854231033,DETAILED,652748,0,,477788,NO,estat_I_2026-07_000040494507.csv,2026-09-02
2026-06,I,854231033,DETAILED,504241,0,,433202,NO,estat_I_2026-07_000040494507.csv,2026-09-02
2026-07,I,854231033,PROV9,657570,0,,494772,NO,estat_I_2026-07_000040494507.csv,2026-09-02
2026-01,I,854231039,DETAILED,24018110,0,,67820653,NO,estat_I_2026-07_000040494507.csv,2026-09-02
2026-02,I,854231039,DETAILED,22766563,0,,66231019,NO,estat_I_2026-07_000040494507.csv,2026-09-02
2026-03,I,854231039,DETAILED,27181858,0,,85798654,NO,estat_I_2026-07_000040494507.csv,2026-09-02
2026-04,I,854231039,DETAILED,32726751,0,,78449936,NO,estat_I_2026-07_000040494507.csv,2026-09-02
2026-05,I,854231039,DETAILED,29212299,0,,69889512,NO,estat_I_2026-07_000040494507.csv,2026-09-02
2026-06,I,854231039,DETAILED,32678250,0,,92725006,NO,estat_I_2026-07_000040494507.csv,2026-09-02
2026-07,I,854231039,PROV9,24381436,0,,85785162,NO,estat_I_2026-07_000040494507.csv,2026-09-02
2026-01,I,854232011,DETAILED,32944965,0,,47229537,NO,estat_I_2026-07_000040494507.csv,2026-09-02
2026-02,I,854232011,DETAILED,25781659,0,,74739547,NO,estat_I_2026-07_000040494507.csv,2026-09-02
2026-03,I,854232011,DETAILED,22146178,0,,88819996,NO,estat_I_2026-07_000040494507.csv,2026-09-02
2026-04,I,854232011,DETAILED,29542196,0,,128735865,NO,estat_I_2026-07_000040494507.csv,2026-09-02
2026-05,I,854232011,DETAILED,37174164,0,,183137255,NO,estat_I_2026-07_000040494507.csv,2026-09-02
2026-06,I,854232011,DETAILED,33844345,0,,170072054,NO,estat_I_2026-07_000040494507.csv,2026-09-02
2026-07,I,854232011,PROV9,30274365,0,,153884672,NO,estat_I_2026-07_000040494507.csv,2026-09-02
2026-01,I,854232019,DETAILED,561687,0,,18429562,NO,estat_I_2026-07_000040494507.csv,2026-09-02
2026-02,I,854232019,DETAILED,792231,0,,3049736,NO,estat_I_2026-07_000040494507.csv,2026-09-02
2026-03,I,854232019,DETAILED,357063,0,,6254615,NO,estat_I_2026-07_000040494507.csv,2026-09-02
2026-04,I,854232019,DETAILED,858812,0,,22053574,NO,estat_I_2026-07_000040494507.csv,2026-09-02
2026-05,I,854232019,DETAILED,731448,0,,17549952,NO,estat_I_2026-07_000040494507.csv,2026-09-02
2026-06,I,854232019,DETAILED,714342,0,,8479294,NO,estat_I_2026-07_000040494507.csv,2026-09-02
2026-07,I,854232019,PROV9,1146369,0,,10852137,NO,estat_I_2026-07_000040494507.csv,2026-09-02
2026-01,I,854232021,DETAILED,55645992,0,,22299402,NO,estat_I_2026-07_000040494507.csv,2026-09-02
2026-02,I,854232021,DETAILED,72161541,0,,23084387,NO,estat_I_2026-07_000040494507.csv,2026-09-02
2026-03,I,854232021,DETAILED,50817994,0,,19406738,NO,estat_I_2026-07_000040494507.csv,2026-09-02
2026-04,I,854232021,DETAILED,71371752,0,,27496619,NO,estat_I_2026-07_000040494507.csv,2026-09-02
2026-05,I,854232021,DETAILED,69510534,0,,25772785,NO,estat_I_2026-07_000040494507.csv,2026-09-02
2026-06,I,854232021,DETAILED,81530714,0,,25132872,NO,estat_I_2026-07_000040494507.csv,2026-09-02
2026-07,I,854232021,PROV9,74750265,0,,21902207,NO,estat_I_2026-07_000040494507.csv,2026-09-02
2026-01,I,854232029,DETAILED,304186,0,,369438,NO,estat_I_2026-07_000040494507.csv,2026-09-02
2026-02,I,854232029,DETAILED,1306594,0,,403600,NO,estat_I_2026-07_000040494507.csv,2026-09-02
2026-03,I,854232029,DETAILED,591470,0,,700130,NO,estat_I_2026-07_000040494507.csv,2026-09-02
2026-04,I,854232029,DETAILED,701218,0,,454602,NO,estat_I_2026-07_000040494507.csv,2026-09-02
2026-05,I,854232029,DETAILED,729996,0,,528746,NO,estat_I_2026-07_000040494507.csv,2026-09-02
2026-06,I,854232029,DETAILED,874883,0,,527125,NO,estat_I_2026-07_000040494507.csv,2026-09-02
2026-07,I,854232029,PROV9,1410326,0,,614928,NO,estat_I_2026-07_000040494507.csv,2026-09-02
2026-01,I,854232031,DETAILED,2737893,0,,21850157,NO,estat_I_2026-07_000040494507.csv,2026-09-02
2026-02,I,854232031,DETAILED,3597761,0,,13451536,NO,estat_I_2026-07_000040494507.csv,2026-09-02
2026-03,I,854232031,DETAILED,10988988,0,,17548447,NO,estat_I_2026-07_000040494507.csv,2026-09-02
2026-04,I,854232031,DETAILED,11312891,0,,21254570,NO,estat_I_2026-07_000040494507.csv,2026-09-02
2026-05,I,854232031,DETAILED,12669918,0,,16579736,NO,estat_I_2026-07_000040494507.csv,2026-09-02
2026-06,I,854232031,DETAILED,13722272,0,,19807831,NO,estat_I_2026-07_000040494507.csv,2026-09-02
2026-07,I,854232031,PROV9,9261921,0,,20046184,NO,estat_I_2026-07_000040494507.csv,2026-09-02
2026-01,I,854232039,DETAILED,5183622,0,,39713078,NO,estat_I_2026-07_000040494507.csv,2026-09-02
2026-02,I,854232039,DETAILED,6834480,0,,25329770,NO,estat_I_2026-07_000040494507.csv,2026-09-02
2026-03,I,854232039,DETAILED,9199890,0,,32297450,NO,estat_I_2026-07_000040494507.csv,2026-09-02
2026-04,I,854232039,DETAILED,8826375,0,,34337787,NO,estat_I_2026-07_000040494507.csv,2026-09-02
2026-05,I,854232039,DETAILED,8886984,0,,30709995,NO,estat_I_2026-07_000040494507.csv,2026-09-02
2026-06,I,854232039,DETAILED,10559412,0,,29716357,NO,estat_I_2026-07_000040494507.csv,2026-09-02
2026-07,I,854232039,PROV9,10399896,0,,41120447,NO,estat_I_2026-07_000040494507.csv,2026-09-02
2026-01,I,854232090,DETAILED,5148851,0,,13071182,NO,estat_I_2026-07_000040494507.csv,2026-09-02
2026-02,I,854232090,DETAILED,5784652,0,,19746413,NO,estat_I_2026-07_000040494507.csv,2026-09-02
2026-03,I,854232090,DETAILED,9409041,0,,13837072,NO,estat_I_2026-07_000040494507.csv,2026-09-02
2026-04,I,854232090,DETAILED,6705546,0,,7916108,NO,estat_I_2026-07_000040494507.csv,2026-09-02
2026-05,I,854232090,DETAILED,7749904,0,,20771648,NO,estat_I_2026-07_000040494507.csv,2026-09-02
2026-06,I,854232090,DETAILED,16675364,0,,14105454,NO,estat_I_2026-07_000040494507.csv,2026-09-02
2026-07,I,854232090,PROV9,11121897,0,,22471821,NO,estat_I_2026-07_000040494507.csv,2026-09-02
2026-01,I,854233010,DETAILED,137003,0,,11862630,NO,estat_I_2026-07_000040494507.csv,2026-09-02
2026-02,I,854233010,DETAILED,171140,0,,18290189,NO,estat_I_2026-07_000040494507.csv,2026-09-02
2026-03,I,854233010,DETAILED,116427,0,,18963215,NO,estat_I_2026-07_000040494507.csv,2026-09-02
2026-04,I,854233010,DETAILED,181599,0,,6121183,NO,estat_I_2026-07_000040494507.csv,2026-09-02
2026-05,I,854233010,DETAILED,116971,0,,10410365,NO,estat_I_2026-07_000040494507.csv,2026-09-02
2026-06,I,854233010,DETAILED,186450,0,,11372534,NO,estat_I_2026-07_000040494507.csv,2026-09-02
2026-07,I,854233010,PROV9,167966,0,,12478779,NO,estat_I_2026-07_000040494507.csv,2026-09-02
2026-01,I,854233090,DETAILED,4228683,0,,42665877,NO,estat_I_2026-07_000040494507.csv,2026-09-02
2026-02,I,854233090,DETAILED,4087833,0,,42092863,NO,estat_I_2026-07_000040494507.csv,2026-09-02
2026-03,I,854233090,DETAILED,4254253,0,,40204791,NO,estat_I_2026-07_000040494507.csv,2026-09-02
2026-04,I,854233090,DETAILED,4976140,0,,42293152,NO,estat_I_2026-07_000040494507.csv,2026-09-02
2026-05,I,854233090,DETAILED,6046945,0,,60165649,NO,estat_I_2026-07_000040494507.csv,2026-09-02
2026-06,I,854233090,DETAILED,4905385,0,,46673496,NO,estat_I_2026-07_000040494507.csv,2026-09-02
2026-07,I,854233090,PROV9,8913058,0,,64825476,NO,estat_I_2026-07_000040494507.csv,2026-09-02
2026-01,I,854239010,DETAILED,56350327,0,,321802986,NO,estat_I_2026-07_000040494507.csv,2026-09-02
2026-02,I,854239010,DETAILED,48371627,0,,281969731,NO,estat_I_2026-07_000040494507.csv,2026-09-02
2026-03,I,854239010,DETAILED,61768275,0,,333131000,NO,estat_I_2026-07_000040494507.csv,2026-09-02
2026-04,I,854239010,DETAILED,62383411,0,,312597781,NO,estat_I_2026-07_000040494507.csv,2026-09-02
2026-05,I,854239010,DETAILED,43359790,0,,361508514,NO,estat_I_2026-07_000040494507.csv,2026-09-02
2026-06,I,854239010,DETAILED,41481640,0,,324937163,NO,estat_I_2026-07_000040494507.csv,2026-09-02
2026-07,I,854239010,PROV9,50041866,0,,289313293,NO,estat_I_2026-07_000040494507.csv,2026-09-02
2026-01,I,854239091,DETAILED,1289258,0,,15383211,NO,estat_I_2026-07_000040494507.csv,2026-09-02
2026-02,I,854239091,DETAILED,1018743,0,,10872229,NO,estat_I_2026-07_000040494507.csv,2026-09-02
2026-03,I,854239091,DETAILED,2064196,0,,14812326,NO,estat_I_2026-07_000040494507.csv,2026-09-02
2026-04,I,854239091,DETAILED,1628795,0,,13674604,NO,estat_I_2026-07_000040494507.csv,2026-09-02
2026-05,I,854239091,DETAILED,1987089,0,,12942175,NO,estat_I_2026-07_000040494507.csv,2026-09-02
2026-06,I,854239091,DETAILED,1855815,0,,17553958,NO,estat_I_2026-07_000040494507.csv,2026-09-02
2026-07,I,854239091,PROV9,1373559,0,,13856458,NO,estat_I_2026-07_000040494507.csv,2026-09-02
2026-01,I,854239099,DETAILED,111510883,0,,994590355,NO,estat_I_2026-07_000040494507.csv,2026-09-02
2026-02,I,854239099,DETAILED,94028509,0,,845826991,NO,estat_I_2026-07_000040494507.csv,2026-09-02
2026-03,I,854239099,DETAILED,111032293,0,,1000270945,NO,estat_I_2026-07_000040494507.csv,2026-09-02
2026-04,I,854239099,DETAILED,105582835,0,,930382874,NO,estat_I_2026-07_000040494507.csv,2026-09-02
2026-05,I,854239099,DETAILED,129192816,0,,982921556,NO,estat_I_2026-07_000040494507.csv,2026-09-02
2026-06,I,854239099,DETAILED,142360483,0,,1077780124,NO,estat_I_2026-07_000040494507.csv,2026-09-02
2026-07,I,854239099,PROV9,151737096,0,,1037147305,NO,estat_I_2026-07_000040494507.csv,2026-09-02
2026-01,I,854290000,DETAILED,3924029,0,,47013,KG,estat_I_2026-07_000040494507.csv,2026-09-02
2026-02,I,854290000,DETAILED,4034204,0,,27070,KG,estat_I_2026-07_000040494507.csv,2026-09-02
2026-03,I,854290000,DETAILED,4448660,0,,36437,KG,estat_I_2026-07_000040494507.csv,2026-09-02
2026-04,I,854290000,DETAILED,5933435,0,,41895,KG,estat_I_2026-07_000040494507.csv,2026-09-02
2026-05,I,854290000,DETAILED,4800427,0,,35393,KG,estat_I_2026-07_000040494507.csv,2026-09-02
2026-06,I,854290000,DETAILED,4272678,0,,48272,KG,estat_I_2026-07_000040494507.csv,2026-09-02
2026-07,I,854290000,PROV9,4004715,0,,36077,KG,estat_I_2026-07_000040494507.csv,2026-09-02
2026-01,I,854470010,DETAILED,854846,0,,69215,KG,estat_I_2026-07_000040494507.csv,2026-09-02
2026-02,I,854470010,DETAILED,632610,0,,36151,KG,estat_I_2026-07_000040494507.csv,2026-09-02
2026-03,I,854470010,DETAILED,2412981,0,,133138,KG,estat_I_2026-07_000040494507.csv,2026-09-02
2026-04,I,854470010,DETAILED,1814414,0,,122667,KG,estat_I_2026-07_000040494507.csv,2026-09-02
2026-05,I,854470010,DETAILED,1338625,0,,105884,KG,estat_I_2026-07_000040494507.csv,2026-09-02
2026-06,I,854470010,DETAILED,1261608,0,,142111,KG,estat_I_2026-07_000040494507.csv,2026-09-02
2026-07,I,854470010,PROV9,1076788,0,,70779,KG,estat_I_2026-07_000040494507.csv,2026-09-02
2026-01,I,854470090,DETAILED,648032,0,,28141,KG,estat_I_2026-07_000040494507.csv,2026-09-02
2026-02,I,854470090,DETAILED,704724,0,,33868,KG,estat_I_2026-07_000040494507.csv,2026-09-02
2026-03,I,854470090,DETAILED,607402,0,,24197,KG,estat_I_2026-07_000040494507.csv,2026-09-02
2026-04,I,854470090,DETAILED,640997,0,,29809,KG,estat_I_2026-07_000040494507.csv,2026-09-02
2026-05,I,854470090,DETAILED,701803,0,,26350,KG,estat_I_2026-07_000040494507.csv,2026-09-02
2026-06,I,854470090,DETAILED,962694,0,,42776,KG,estat_I_2026-07_000040494507.csv,2026-09-02
2026-07,I,854470090,PROV9,2372417,0,,50387,KG,estat_I_2026-07_000040494507.csv,2026-09-02
2026-01,I,900110010,DETAILED,1095306,0,,50434,KG,estat_I_2026-07_000040494507.csv,2026-09-02
2026-02,I,900110010,DETAILED,570020,0,,17349,KG,estat_I_2026-07_000040494507.csv,2026-09-02
2026-03,I,900110010,DETAILED,901134,0,,41716,KG,estat_I_2026-07_000040494507.csv,2026-09-02
2026-04,I,900110010,DETAILED,753637,0,,28479,KG,estat_I_2026-07_000040494507.csv,2026-09-02
2026-05,I,900110010,DETAILED,802259,0,,32645,KG,estat_I_2026-07_000040494507.csv,2026-09-02
2026-06,I,900110010,DETAILED,2146604,0,,94768,KG,estat_I_2026-07_000040494507.csv,2026-09-02
2026-07,I,900110010,PROV9,1993579,0,,84385,KG,estat_I_2026-07_000040494507.csv,2026-09-02
2026-01,I,900110090,DETAILED,388193,0,,2550,KG,estat_I_2026-07_000040494507.csv,2026-09-02
2026-02,I,900110090,DETAILED,317256,0,,1582,KG,estat_I_2026-07_000040494507.csv,2026-09-02
2026-03,I,900110090,DETAILED,349485,0,,2028,KG,estat_I_2026-07_000040494507.csv,2026-09-02
2026-04,I,900110090,DETAILED,303527,0,,2027,KG,estat_I_2026-07_000040494507.csv,2026-09-02
2026-05,I,900110090,DETAILED,221489,0,,1820,KG,estat_I_2026-07_000040494507.csv,2026-09-02
2026-06,I,900110090,DETAILED,411434,0,,2750,KG,estat_I_2026-07_000040494507.csv,2026-09-02
2026-07,I,900110090,PROV9,383717,0,,2243,KG,estat_I_2026-07_000040494507.csv,2026-09-02
2026-01,I,900120000,DETAILED,1282111,0,,147506,KG,estat_I_2026-07_000040494507.csv,2026-09-02
2026-02,I,900120000,DETAILED,1167315,0,,158394,KG,estat_I_2026-07_000040494507.csv,2026-09-02
2026-03,I,900120000,DETAILED,1505620,0,,222517,KG,estat_I_2026-07_000040494507.csv,2026-09-02
2026-04,I,900120000,DETAILED,1698420,0,,65843,KG,estat_I_2026-07_000040494507.csv,2026-09-02
2026-05,I,900120000,DETAILED,1530016,0,,83347,KG,estat_I_2026-07_000040494507.csv,2026-09-02
2026-06,I,900120000,DETAILED,1780009,0,,103963,KG,estat_I_2026-07_000040494507.csv,2026-09-02
2026-07,I,900120000,PROV9,1695624,0,,269044,KG,estat_I_2026-07_000040494507.csv,2026-09-02
2026-01,I,900130000,DETAILED,17555344,0,,411791430,NO,estat_I_2026-07_000040494507.csv,2026-09-02
2026-02,I,900130000,DETAILED,16121562,0,,367422829,NO,estat_I_2026-07_000040494507.csv,2026-09-02
2026-03,I,900130000,DETAILED,20222643,0,,466921868,NO,estat_I_2026-07_000040494507.csv,2026-09-02
2026-04,I,900130000,DETAILED,19182115,0,,428110501,NO,estat_I_2026-07_000040494507.csv,2026-09-02
2026-05,I,900130000,DETAILED,19186065,0,,433690315,NO,estat_I_2026-07_000040494507.csv,2026-09-02
2026-06,I,900130000,DETAILED,20667764,0,,478654818,NO,estat_I_2026-07_000040494507.csv,2026-09-02
2026-07,I,900130000,PROV9,20373139,0,,454823321,NO,estat_I_2026-07_000040494507.csv,2026-09-02
2026-01,I,900140000,DETAILED,29561,0,,27545,NO,estat_I_2026-07_000040494507.csv,2026-09-02
2026-02,I,900140000,DETAILED,34159,0,,19174,NO,estat_I_2026-07_000040494507.csv,2026-09-02
2026-03,I,900140000,DETAILED,43140,0,,23627,NO,estat_I_2026-07_000040494507.csv,2026-09-02
2026-04,I,900140000,DETAILED,52749,0,,49477,NO,estat_I_2026-07_000040494507.csv,2026-09-02
2026-05,I,900140000,DETAILED,40395,0,,22664,NO,estat_I_2026-07_000040494507.csv,2026-09-02
2026-06,I,900140000,DETAILED,57856,0,,31718,NO,estat_I_2026-07_000040494507.csv,2026-09-02
2026-07,I,900140000,PROV9,45070,0,,24627,NO,estat_I_2026-07_000040494507.csv,2026-09-02
2026-01,I,900150000,DETAILED,2935294,0,,5241409,NO,estat_I_2026-07_000040494507.csv,2026-09-02
2026-02,I,900150000,DETAILED,2299019,0,,4083416,NO,estat_I_2026-07_000040494507.csv,2026-09-02
2026-03,I,900150000,DETAILED,2810335,0,,5408026,NO,estat_I_2026-07_000040494507.csv,2026-09-02
2026-04,I,900150000,DETAILED,2789989,0,,5286156,NO,estat_I_2026-07_000040494507.csv,2026-09-02
2026-05,I,900150000,DETAILED,2918998,0,,5015681,NO,estat_I_2026-07_000040494507.csv,2026-09-02
2026-06,I,900150000,DETAILED,3073952,0,,5504253,NO,estat_I_2026-07_000040494507.csv,2026-09-02
2026-07,I,900150000,PROV9,3342933,0,,5558746,NO,estat_I_2026-07_000040494507.csv,2026-09-02
2026-01,I,900190000,DETAILED,7995738,0,,131909,KG,estat_I_2026-07_000040494507.csv,2026-09-02
2026-02,I,900190000,DETAILED,10799570,0,,95000,KG,estat_I_2026-07_000040494507.csv,2026-09-02
2026-03,I,900190000,DETAILED,8380109,0,,145698,KG,estat_I_2026-07_000040494507.csv,2026-09-02
2026-04,I,900190000,DETAILED,6939507,0,,121121,KG,estat_I_2026-07_000040494507.csv,2026-09-02
2026-05,I,900190000,DETAILED,7106732,0,,112596,KG,estat_I_2026-07_000040494507.csv,2026-09-02
2026-06,I,900190000,DETAILED,8546008,0,,116598,KG,estat_I_2026-07_000040494507.csv,2026-09-02
2026-07,I,900190000,PROV9,7719240,0,,128802,KG,estat_I_2026-07_000040494507.csv,2026-09-02
2026-01,I,901310000,DETAILED,56376,3000,NO,2217,KG,estat_I_2026-07_000040494507.csv,2026-09-02
2026-02,I,901310000,DETAILED,79547,5815,NO,5737,KG,estat_I_2026-07_000040494507.csv,2026-09-02
2026-03,I,901310000,DETAILED,722961,1850,NO,1674,KG,estat_I_2026-07_000040494507.csv,2026-09-02
2026-04,I,901310000,DETAILED,46138,3582,NO,3305,KG,estat_I_2026-07_000040494507.csv,2026-09-02
2026-05,I,901310000,DETAILED,390431,5695,NO,3397,KG,estat_I_2026-07_000040494507.csv,2026-09-02
2026-06,I,901310000,DETAILED,44746,779,NO,641,KG,estat_I_2026-07_000040494507.csv,2026-09-02
2026-07,I,901310000,PROV9,33367,2856,NO,1452,KG,estat_I_2026-07_000040494507.csv,2026-09-02
2026-01,I,901320000,DETAILED,6164638,30965,NO,43999,KG,estat_I_2026-07_000040494507.csv,2026-09-02
2026-02,I,901320000,DETAILED,6706973,33255,NO,47051,KG,estat_I_2026-07_000040494507.csv,2026-09-02
2026-03,I,901320000,DETAILED,7864711,20239,NO,60408,KG,estat_I_2026-07_000040494507.csv,2026-09-02
2026-04,I,901320000,DETAILED,7429946,31880,NO,63363,KG,estat_I_2026-07_000040494507.csv,2026-09-02
2026-05,I,901320000,DETAILED,6911857,42084,NO,51001,KG,estat_I_2026-07_000040494507.csv,2026-09-02
2026-06,I,901320000,DETAILED,8428001,32261,NO,68599,KG,estat_I_2026-07_000040494507.csv,2026-09-02
2026-07,I,901320000,PROV9,7996776,23672,NO,51960,KG,estat_I_2026-07_000040494507.csv,2026-09-02
2026-01,I,901380000,DETAILED,1743884,721856,NO,53395,KG,estat_I_2026-07_000040494507.csv,2026-09-02
2026-02,I,901380000,DETAILED,1316972,503926,NO,40418,KG,estat_I_2026-07_000040494507.csv,2026-09-02
2026-03,I,901380000,DETAILED,1121616,327862,NO,22996,KG,estat_I_2026-07_000040494507.csv,2026-09-02
2026-04,I,901380000,DETAILED,1095614,464304,NO,39156,KG,estat_I_2026-07_000040494507.csv,2026-09-02
2026-05,I,901380000,DETAILED,1101230,400603,NO,42414,KG,estat_I_2026-07_000040494507.csv,2026-09-02
2026-06,I,901380000,DETAILED,1164034,552936,NO,53209,KG,estat_I_2026-07_000040494507.csv,2026-09-02
2026-07,I,901380000,PROV9,1391106,570369,NO,41031,KG,estat_I_2026-07_000040494507.csv,2026-09-02
2026-01,I,901390000,DETAILED,1174053,0,,11175,KG,estat_I_2026-07_000040494507.csv,2026-09-02
2026-02,I,901390000,DETAILED,1009506,0,,8677,KG,estat_I_2026-07_000040494507.csv,2026-09-02
2026-03,I,901390000,DETAILED,1417388,0,,9877,KG,estat_I_2026-07_000040494507.csv,2026-09-02
2026-04,I,901390000,DETAILED,1955508,0,,10207,KG,estat_I_2026-07_000040494507.csv,2026-09-02
2026-05,I,901390000,DETAILED,1470305,0,,11904,KG,estat_I_2026-07_000040494507.csv,2026-09-02
2026-06,I,901390000,DETAILED,1905999,0,,20502,KG,estat_I_2026-07_000040494507.csv,2026-09-02
2026-07,I,901390000,PROV9,1494160,0,,10508,KG,estat_I_2026-07_000040494507.csv,2026-09-02
