story_id,query_id,published_et,first_seen_et,outlet,title,link,banks,direction,topics,extreme
8639ee01e4522822,pb_leverage,2026-06-30,2026-09-25,Seeking Alpha,S&P 500 equity funding costs squeeze past 99th percentile in 'mid-year heatwave',https://news.google.com/rss/articles/CBMitgFBVV95cUxOOUZxSkFhRE5NUlkxeXQzbUQ2RjcwZlQwVU5vTUtNRVF1eVRiZ2pONml0cXVsUTM1LWhBV3Z0TWhBUTZIX0hNczRXckV6akFhNTMyeVpmWDBNZFZXUTlpYkJXUm5JSExaazlUNEQ5b1RVR0NIYU1vT0FvZXEzam1UNjNGdXNrR3h6ZTZIN25qeHJleF9hMmpWOF9ablZJQjFnek44SlZaR1N5UVF0NVB5NDJrWkZndw?oc=5,,,,
c8a9a7dfff0ca93a,pb_leverage,2026-06-29,2026-09-25,Crypto Briefing,"Borrowed money fueling the US stock rally is getting more expensive, and that matters for crypto",https://news.google.com/rss/articles/CBMif0FVX3lxTFBBR3NpeG9LeG1DRmhFNjFVVUNEdHNRdFMxcjc0ZVdUOEp3ZkVrMkpaMUE0ZExJSVhtV1FpaTU0TkF4NmdaSVBMY180aVhZLWh4XzlhbWZGRVJ2RUhQNjBJbDNDMFZJVjlhdWY5T0dseTJ1RXRrYjd4Rjk5NHJKSDQ?oc=5,,,,
614d1b193f01f013,jpm_data,2026-07-02,2026-09-25,WSJ,Investors Seek to Pull Nearly $16 Billion From Private-Credit Funds,https://news.google.com/rss/articles/CBMiswFBVV95cUxPYVdCM3pkWFpZM2NYS2RqdE9nRE1Nald3RnVESElrQU9tRjBVZkpDcUlzYV9WS3JpNzJJeS1BLS13aE8xSmZCNm05OThRZlRkVkhkRmZqdGZhWEthb0J3OE1LYU9tMlNiOGV0SHl1bWZlVXF6Q1FnenVTd3U5b094cFZFbFNwMjd0dlJRcUZyVVpnNkxsSi1pWG5tTVpfTk5nR1lSZEF4ZWxtVWpXVjZ2d2hhQQ?oc=5,,,,
0e76ef4a66caae71,jpm_data,2026-07-03,2026-09-25,Financial Times,FirstFT: 130mn Americans placed under extreme heat warning,https://news.google.com/rss/articles/CBMihAFBVV95cUxORFFOMTJQUjlHS2VBTjljdUNhUDlQM1ZObjd4OHdGVFRVaHoydHlNa2U1eEd5RC13b2FCekR2VnhweGU5SlBqUi0tX24zamFTcmlqVXlfSFB4aGd0emgycFRzN0FkU1QtczJIdHpBZ1VPSmRCMmpRZGJtUTAtYjlBeDdlOHQ?oc=5,,,,
e7de1e8eebb49601,jpm_data,2026-06-30,2026-09-25,MarketBeat,JPMorgan Chase & Co. Issues Positive Forecast for Walt Disney (NYSE:DIS) Stock Price,https://news.google.com/rss/articles/CBMizAFBVV95cUxOUXNMTG54YUhJWE02YkVPZEhnTHY4ZnlSeFpRd1RCNDBwZUlUM1lWSVZxcDJ6X2Z4Q3I3TUhGNUhyOUNWLTk2Z080b0VZZGdsR1E4dGsxd0tUTTN4d0xDM1JNWGJNQ1FYXzA5dkVJZVNRQVR5V3NLOGRhTUEwakFIQ29Dc1d3VE1BWm1yMExXbkxPdkxTWnlhWV9TUklFMEhQckR0c19sWmRVWlNVVExCSWhNbUZmYXpDb1ZramFjOVJWY3pjLWltSUxIdjU?oc=5,JPMorgan,buying,,
990c8177e2264e77,pb_data,2026-07-08,2026-09-25,24/7 Wall St.,Hedge Funds Are Selling Tech Stock Hand Over Fist. Is the 2026 Melt-Up On Its Last Legs?,https://news.google.com/rss/articles/CBMiygFBVV95cUxOMWlDNXFWdzdYZ1pFWFRRMTN1c05uTW8xdWI4dU5jeUpGUUNQMktlMFB0ZTBxZ0F5aFZmc2pSRlZ5cUo0eVNaMVgzZXBDd0pUdDNGMVdUYnNxZGJodnNwQTJlaHM4VnQyUENIb1hrb3o5b01QSUhWR09Tb1R5ejA1Mmp3MldaVGtnS0EwaXZITFJweVhvRFVwUWNudTVjYnpCLTYweTJ5bXRiWjBfWGJqMzRVcENyS2ozUmNvMzNkNnRtcWctTGplNkZB?oc=5,,selling,tech,
f722ccf74c05dc02,pb_data,2026-07-09,2026-09-25,Disruption Banking,Are Hedge Funds Abandoning the AI Trade After Four Weeks of Selling?,https://news.google.com/rss/articles/CBMiswFBVV95cUxQdkI0V1dhMDhuRGRjMnB6YnhuX1lMTU0ySEZRR195aFpRdjBZYWhJeHlWeDJLZHJoXzhBaF9ma1luWVQ4NUpDVi1Qd0JZNUJLdkdPVGdLZVZFQ0tLWXgyVmxjaXYxR0YyX2FXTk9VU1BETV9PeC1CclpiMk83bk1xckhQVXd6bkJXREdacTJIa1pvYUJMamdzNkdCQjQxNExrUjBfTkltemRqa0lZdTJUSjVCdw?oc=5,,selling,tech,
6f48eee85b32d091,pb_leverage,2026-07-05,2026-09-25,The Dark Side Of The Boom,Goldman Sachs Prime Brokerage Deep Dive: Hedge Funds Start July on the Defensive as Tech Selling Extends,https://news.google.com/rss/articles/CBMihAFBVV95cUxPLWxYWlBFMnlOOHBadVlmdUVvS3NKRUhRM25ybzcxYWRFYUdtcGVHeHVNYy1wQlZfMGxZcUtTeE14U0JuMTJ0THE1Z1BWMTZqQzZlVXF2dmhSSkJLUUVIVHlYelNaV04zSkE1MGdTNFdlNV9HR0NjTzBxRGhJX0xZQndzQ2I?oc=5,Goldman Sachs,selling,tech,
7a2d5db034ef5162,pb_leverage,2026-07-07,2026-09-25,finance.biggo.com,"S&P 500 Hits Record High Amid Puzzling Divergence: Hedge Fund Positioning at One-Year Low, Wall Street Questions Rally's Foundation",https://news.google.com/rss/articles/CBMidkFVX3lxTE45YUw1TjI5UFdUb1BVQU5BTUwyRndWMXJtZmJheUVHam5tUGEyUlIteTFKYml6emZCeGZlZjZsUS1ILUpja3RzMktiTXZ2anY0UWZkY3ZLWlBKdHc1djFZR0JGVUg3U1hlYWVvRGRfUDc4NkJ6RlE?oc=5,,,,yes
d155842ee6e22fab,pb_leverage,2026-07-07,2026-09-25,Moomoo,"The most questioned market all-time high in history: the S&P hits a new record high, yet institutional holdings are near their lowest level in a year.",https://news.google.com/rss/articles/CBMingFBVV95cUxNd3N4VE1fWE9ydHhvVzh2ZHNmWno3aXo5QWh2NFpMWVVWYlN3RXgtanJuVm00V2NKM0xWZE1ETjV0VkRoMlRKeWJuUmgyb1N2ZnBvSHgwMFFsYVpOc0tzYUF2cTV0ZkJoZU12eEswYjRJVVlKM25GOXdkeFJibXhwMlZpdVVBWWxfRjYxSm1ial9QYV9rSDVDZnBLa3l1dw?oc=5,,,,yes
3efb91bd1514d0ce,pb_leverage,2026-07-10,2026-09-25,Bitget,Goldman Sachs reports hedge fund trade rebounds after 2024 blowup,https://news.google.com/rss/articles/CBMiY0FVX3lxTE51RmxVRVdrVDJ4T3dsU3M2SEdmX3ltcE1HcTJkZ2YtSXFWVWc3VlRaZGJDV3VqcXBMenAtYk4tQmdic2pUdEtZMnpHaEtOQWNaTkRnUFNGN05YVTBPZ2RRMHZpc9IBY0FVX3lxTE51RmxVRVdrVDJ4T3dsU3M2SEdmX3ltcE1HcTJkZ2YtSXFWVWc3VlRaZGJDV3VqcXBMenAtYk4tQmdic2pUdEtZMnpHaEtOQWNaTkRnUFNGN05YVTBPZ2RRMHZpcw?oc=5,Goldman Sachs,,,
13d46eed32a733cc,pb_leverage,2026-07-06,2026-09-25,Moneycontrol.com,Quant funds extend worst run since 2023 as momentum swings,https://news.google.com/rss/articles/CBMiwAFBVV95cUxNSUtydEJHMzg0MGpTSUV2OXNQVzd3cnkzSUpxZDhYXzBRZ0VfRVliMFpOb1Jzc0JzRFZIUGVILWpPRjdqdVBrMExkYXFUUVB2TVJyNjd1UlBVc2h0a01nREk5VWtDVm5sdktrTUlMUmZOWHpiOXVLUmZXRlE3U0lraTcybUNrYmRrSnk0WnRiTGdva3FDTGY4WkIzUGQyX1ZKWHVfZE12OUF2bjdmc1dIb2FibFlvUkpGbFlPZDljOUnSAcYBQVVfeXFMTk82V0lvUjc2aGNpR1diWmotcjlKbmJBT3cxWFJ6NFk3dzNldmQzMmFwSjhRVEJqWHVoR1FCY1Z5RVhVNkl4VlJqUVVaTmlpLS1tUVBzdG1ralNzRktHajJibndTV0daNXlaTFRoemZJcFVQbTVtM2UwZDFhcmlVdExHSUJwdUdXVmhMdUtLQmJ4Z3V0bk1QM1AzcHZ1LVJfRmx5OGFkelp2a1E4RUZKQk5GSUZMOEVoS3BOeGVSVnQtZFVoNFN3?oc=5,,,,
6977347cd393b340,pb_leverage,2026-07-10,2026-09-25,富途牛牛,"Beware of a long-position stampede! U.S. equities trading at elevated levels harbor hidden risks: leveraged bets are surging in both scale and cost, and earnings season will put the 'margin-fueled bull market' to a severe test.",https://news.google.com/rss/articles/CBMinwFBVV95cUxNZXJoV3NPTFM1Unl5Sm9zRkVNdkQwbzZkWmtmYUtnN2dXbEtSRGRhaHJZVmFwN3NkOE1EZWFDdVdNRHJaMGlLZndPUVVfZVQ4VHN0aEh3ZGxHcG1GRHdsVWY4Ni11NDh2Yl9wekloU1IyczN4a3I2dDRrZDg5aXdRc0lSOG5mb2JESWZ1TDBtR1Buc3JFTmJPVlBWS3pHa1U?oc=5,,,,
8f9de68b0125479b,jpm_data,2026-07-09,2026-09-25,The Japan Times,Goldman becomes Taiwan’s top foreign broker on AI quant push,https://news.google.com/rss/articles/CBMijgFBVV95cUxOZ1U4RG91Y2ZBcEJBZ0tBWVZkQkVkcWhlN2h4aG81VVFfczBPSVduV1lvTzA0LWwtOFNFSUxrVFpkZXIwV3B0ZlhwbTV5XzJheVBIM2Y5VW5UWmwtdVg4MDhsaEpVOS1USWhCWUhqb3JBS2NWR0RZc3JIMGd1UXBVYkdBcXFOUW95SUVRTHd3?oc=5,Goldman Sachs,,tech;asia,
704cb38cc4cfbcf3,jpm_data,2026-07-06,2026-09-25,Moomoo,"Hedge fund short-selling of the yen has surged to its highest level since 2007, while dollar-long bets have hit a ten-year high.",https://news.google.com/rss/articles/CBMilgFBVV95cUxPZlBieVF3dHM5ZnNsSVFxY1FPS1dIc0x3enh3MzNMelIwN2xSeC04RmNjTzgxUThXRzJpeDRJSm5BVTh1by1NRUJic0RnVTVzSVhHUzRQUXhacDA5azVsYm1HWFozMS05eW5teEY0dHhNcjYtYTExYjY0ZFppQ2MtRWlXX0ZyNjZFR3duYmp6bXlIRUY4N2c?oc=5,,selling,shorts,
d6e0c70c9b9da3d6,jpm_data,2026-07-08,2026-09-25,아시아경제,"SpaceX Drops 7% on First Day in Nasdaq 100; ""Index Inclusion Priced In""",https://news.google.com/rss/articles/CBMiZEFVX3lxTE9OQ1NSTmlFLS1RSXdjMi1SdkNqblFneFEzazh2dzFrREJFaVc1ako4REFxdG53ZWN3UFczZ3A1LTdJblFTVjNMcXdhdGUwRXFsWEtsZXBqUVd3bEpibl9DNHg3NVM?oc=5,,,,
cd96c4d4eeca560c,jpm_data,2026-07-06,2026-09-25,MarketBeat,IREN (NASDAQ:IREN) Shares Up 13.1% - Here's What Happened,https://news.google.com/rss/articles/CBMipgFBVV95cUxNMGt5Qkg1UEtBSXk4dHFadWZrRG9IUmoxZU1YTEx5YkZXcDlvRGZCbExqSFY4RmE0UmY2TDlheVloLTZQRFdpX09WcjE2Vm9URU1jVW0zcHVhNjE2VWdqTWRhb08zbzFKMTF2YTBfR2R5TWc4Z2ZraTNJM3lIZXBTLXQ1eGh1NkdDNTV5NnQ3TUdCRzBPeTlNQ1dJdkN4RVppMmozRGxB?oc=5,,,,
7ae359c237e5cd04,pb_leverage,2026-07-16,2026-09-25,finance.biggo.com,"Goldman, JPMorgan Smash Records as Prime Brokerage Fees Surge 91% on AI and SpaceX Boom",https://news.google.com/rss/articles/CBMidkFVX3lxTE5RMWw4TV9aRlNSY0tuUTNLbkNMWWJ3YkdmMGNvWk5zU2d6cXFqWUZ4YXN2aHEwSTFHSklUaFN0MnhvZ0NhNzdJUnVIS0lyU1NJYVFPZ1MxcDNpM0U5WmpaQkVDQlljamVDQVNuZ0VRQjNzSWlTOXc?oc=5,Goldman Sachs;JPMorgan,,tech,
7c7a1cc56e3d7fa8,pb_leverage,2026-07-14,2026-09-25,eu.36kr.com,"""Sell"" Alert: Goldman Sachs & Bank of America Issue Warnings While Contrarian Investors Boost Positions",https://news.google.com/rss/articles/CBMiU0FVX3lxTE9EUXBoZTNPUml1ZGowbGZLUmNWMnRnQTRDeFZsUGVvTFpwN2NGbUJWS1h3NzJnREhOTUlBcnI5Z1lzOERpelhqMnRrZnFCbzhSby0w?oc=5,Goldman Sachs;Bank of America,mixed,,
dff591af3c2a2545,pb_leverage,2026-07-14,2026-09-25,Tech Times,Goldman Sachs Posts Best Quarter Ever as SpaceX IPO Fuels 45% EPS Beat,https://news.google.com/rss/articles/CBMivgFBVV95cUxPU3ZhOTlPVXZFRHhEZWZ3b3JLNkNqZFpVM2ZxSHgwdVREb1pjMGNqWVFEMDlScDc2X19fTFBTNVE4aDlfS2JKakNXOUZYMkUyd2ZkeUt6Z2lMd09LcnB2WE1Wbnl0QVpBMmxTX3JncHRfdVloNmxjR0VUMnMzM1AtSkdTZFlhVUNWMGY0NUkxSjlmQXpqcUlMRVBzNnF0UlBxOGxWNHJ4Tkl5U3pUb25RQnVsNm41TjBRVW1zaWpB?oc=5,Goldman Sachs,,,
37f31c94d9cac301,jpm_data,2026-07-14,2026-09-25,MarketBeat,IREN (NASDAQ:IREN) Shares Down 1% - Time to Sell?,https://news.google.com/rss/articles/CBMinAFBVV95cUxPaHZ1R1NOV1VhaFk3OGRyUTVHY3R6MHBxV3ZNUV9VMTA0dzd0YTlNb1RrU0VyM05tRmNrUld1T1cxRW11T3JLbElXbkpUb1JHSm5MRTd5Tl92TEZ3RndWbkRGNHIzYkI2b0dYNGM2aUhoUFpvbWNpMXBEYTNOR3I0RGpzQjd6REdDTTc3dWNzQngzN1p3QnFDS0V3clg?oc=5,,selling,,
b7899e2565aa4e42,jpm_data,2026-07-11,2026-09-25,MarketBeat,Silicon Motion Technology Corporation $SIMO Shares Sold by SG Americas Securities LLC,https://news.google.com/rss/articles/CBMi3gFBVV95cUxOaUxOckF4RjR2OW5zb0FrLWhyY0VManJ3SW9FeXNSTmlNeW1xUnVXbFR2bEZwYl9Ub2JCdG1ROWprWmRVN1VCWHZ3ellVcFc5dVd5RVpyVC12bG9SYmE1YzdyaHR0WHd1cHBpSS1aQ2E1c3hnTTU2VUZ5RkdOeno1WlZTQzVwTGtWdW4zTXBkcy1NeGw0X0FXSFVtMnFUVUtmUkhjV3dneTU1UlNGcThKOV9EUXAwRTVSZWtGeWZhWnJfYWZJdGtuMzhtOTVxQzNvSmhCZFVLZzNxaHBPNGc?oc=5,,selling,tech,
057d907a3c94372e,pb_data,2026-07-19,2026-09-25,The Dark Side Of The Boom,"July Has Been a Grind, But Here’s What Goldman’s Top Tech Trader Is Watching Into Earnings",https://news.google.com/rss/articles/CBMihwFBVV95cUxOM2N4bWtUUUFfbnpFTG4zdXR0RFVZbDlQam5ENFgwOXNMUV81ZmltUzdzWEdTamRHcDRKS0FmOU1tTk93Q3U1NDdMLWR6MnVZV3FPSmw5VHQ5VzVfSTJlQUwxMzBKbll0N01uX0pmbkE4VGVqeml2eXhoRFFMRURTdDRsSEI5OGM?oc=5,Goldman Sachs,,tech,
4d0ff5b0be4c7cf2,pb_data,2026-07-20,2026-09-25,tradingview.com,AI Crypto Tokens at Risk? Hedge Funds DUMP Tech Stocks at Fastest Pace in a Decade,https://news.google.com/rss/articles/CBMi2AFBVV95cUxOZHBSQTVtV3RIRW1aRl9aZWUxVEZ4bUZCQ01keXptQ055MExBQWhIdExPQ2VNM1J5TmhpS3JVNEVFLVViLUJzVGdpWHpDeWZub1NsYXRlVC1UYkFlRVM0X1ZRcVFpTFdkUnZXUXowU3VXQUZfM2xYV1VyaUdFbVo2TlNiNjZDdHF4ZmVVbm50M3B4d2o1MlNpZ19yZXZ6MUZjQ1B2OHhSQlhhVDdrb1VYZ19hcl85dGFFd3kyMFhYU3pfTlQ0Z1NXY2dVLXpBVWxXTlRRQlJaVzA?oc=5,,selling,tech,yes
90a6b89b95a38a5a,pb_data,2026-07-20,2026-09-25,finance.biggo.com,"UBS Trading Desk: Historic Momentum Stock Sell-Off Nearing End, Advises Phased Rebuilding of AI and Semiconductor Positions",https://news.google.com/rss/articles/CBMidkFVX3lxTE43aXNlb0c2RlJsRUJxUEN5VUhUOHJITkZYYXB2Z2ZhSEdQS3BZZ2FodEhDWkdtaU5fR2ZXSVhtTURWUnYwc2h5eW5NUHFJbHJ6Z2lITF9SZWJ6M25oVEVNODROYWpWTVJ2VGRaSExzVWJ6Q0pSdHc?oc=5,UBS,selling,tech,
362a5217040ff1f4,pb_data,2026-07-21,2026-09-25,TradingKey,Memory Stocks Surge: SanDisk Soars 10% in a Single Day: Why Three Major Investment Banks Collectively Call to Buy After Slump?,https://news.google.com/rss/articles/CBMi5wFBVV95cUxOZm5RQkpoVXdJVEp6eGtYMjhDMTk0QmhOQTA5RUFwb3B1Znkzd3pFM1BwaG5qS2U2X08xeU9uSUNmY19mT1EycE9sdmNMaDBDeGxBWWwtbXgxTnlTMmJ0UXA0RGh0My0xdkZsamdZWVp2TVNOcER3dlhMbzdZeUVoN1ZUUkk3c3FBb2x3SGJZSnk5ZGwxNW9TUE93U1I0RlYxazdSdVJYbU94ZE0zQVFfSTZpMFFUVVl2Zk5ORDRyekY3WTNQSWtoeUNTSUNHbGczOUtjeVQxYjVQOXY3T0thTzBWWVozSDg?oc=5,,buying,sectors,
1e83f5ec3a2959a3,pb_data,2026-07-21,2026-09-25,富途牛牛,"Storage-related stocks surged sharply; Morgan Stanley notes a widening storage gap in data centers, and institutions view this as a strategic window to build positions in AI semiconductors.",https://news.google.com/rss/articles/CBMirwFBVV95cUxPQTQ1TjdPa0tqb3ZqRVljd2ppdUhReUx1b3FWTGxyLUZOS1hWcUJHZW1Ed0dFai1pck5JRXZ4QlFIQTUxY3hhVElWbVQ1eVNhWWhVVlZJY2pTUVRZX29qN1I4ekx2M1VmV1JOSElSTU1GeGh5bkdxX1R5VjVBLXB1QmtFWXZ0djlGYUowQzhwSnZPdzdQQzRING1HNVhvRHRhWktYd0NVODc1MGFobC1F?oc=5,Morgan Stanley,,tech,
877f361a4f072afc,pb_data,2026-07-21,2026-09-25,Invezz,"UBS sees Broadcom, Sandisk, Oracle stocks rebounding: here's why",https://news.google.com/rss/articles/CBMinAFBVV95cUxQT3luNkY0bW1OelY4aENOUmR0VEpYSW1VWjdibExEVU1BUEJxVks5dFRFVldZbkZUNUNuaGNuU1dyWU5UQmZ4MTV6ZnNwcjB5RmZXdFNrbUw5LThjYzRqNXVrdUVyR18zdmlfRHZkcmtsZ3pybE0wbG5PeVRERWdwNFZRaE5YLWRwcGJfQUdWQ3JEb0YtVTVObDJXWmE?oc=5,UBS,,,
4df028d6a2bab6e9,pb_leverage,2026-07-24,2026-09-25,Goldman Sachs,Are Hedge Funds Still Bullish on AI Stocks?,https://news.google.com/rss/articles/CBMilwFBVV95cUxNWnBVZzBmTm54eWJvV0p3a1I5MnhMM2czeVEzaTRWREpNSXBsa0JLWlllV21NVW1pYlZFUVZaRE12UnEyeV9rVEprV1ZwLUYzQ2o1RGRrNmxnaF9MZ0lIQkRfNkV3YVA1VnRfOE9DX2w0ZU9XbWV6M3lqeVViUmhRREZIdGtaR3NSdjI0czJhZGpzMmU4bnNR?oc=5,,,tech,
fde871cc153706e8,jpm_data,2026-07-20,2026-09-25,finance.biggo.com,"Wall Street Clashes on Chip Stock Bottom: JPMorgan Calls for 'Summer Dip-Buying,' Goldman Says Selloff Nears End, Morgan Stanley Bets on Cloud Giants",https://news.google.com/rss/articles/CBMidkFVX3lxTE04dTVLS3FtSThtTlpZUGdLeGpJdU55am9iaUxrc2pLWXZTZHN2eDMzdVgxVjhJcHBGLUVzQlIxWUJJM0RsRVgzOVVjVWd6bW9SVmU5dFhYN0xEbXo4WWYyU09FY0JsRWM2UE1ZNjN4ZlhsU0FMMHc?oc=5,Goldman Sachs;Morgan Stanley;JPMorgan,buying,tech,
98a659881f6b4e62,jpm_data,2026-07-22,2026-09-25,The Daily Upside,Why Income ETFs Are Having a Jerry Maguire Moment,https://news.google.com/rss/articles/CBMirwFBVV95cUxQWWNHTlFiNUlnWmJld0hTbHVCdWFOWHlpb0tnLTY3WU04R0EzbXZuQWZ0Qk9ZV0VLZ3ZQUHA4NXk4ekdNVllTLXN6UEg5TTZtZnBlNUROSm1BdkstczZGOTVNX3Y1Y1U5NS14MDdoX1dtemJSNlNhSkY0UURsLXNyZXpTZ3JwRnVaeWlhQXo0ZUZ2OWswbm5qOGRQdk9leWQ4ZWxFZzhrY0pTa3hVWjNB?oc=5,,,,
90d833b115ab3470,jpm_data,2026-07-19,2026-09-25,eu.36kr.com,"Fastest & Largest Tech Stock Sell-Off in History Nearing End? Goldman Sachs’ Reflection on Market’s ""Cruel Rotation""",https://news.google.com/rss/articles/CBMiU0FVX3lxTFBoa3RzVlJmdVZqMkhCcXBuZmk2WlNlR0NJZS1OMGd1cEc5SUlSc0JpRmNvYmdrV0JnYkNOa2d4MUJ2ang3c1EydEdGWUROZ3QtbGdR?oc=5,Goldman Sachs,selling,tech,
47e25d9e0595d830,jpm_data,2026-07-20,2026-09-25,MarketBeat,Celsius Holdings Inc. $CELH Shares Acquired by Fifth Third Bancorp,https://news.google.com/rss/articles/CBMiwwFBVV95cUxPbUxpTFliRHdrVHBFLUdPSUJ2RXhmSUxBUDhwS0NyQ0lOTVl4bXVSQmdoVlBKREhrYmQ1dGVGWDRJb0VvTlZ0M2VqYkh0bDNSLU9WUmd3ODJWcWxWd3U1cDZjd3VDTy1DLURhc28wQ1VJZ19LbE0xdjN4NlBhRFg1b3VMNm9pV2llQ3BOTVFTcl9QSkd0d3UxQl92Z3NVLW5Mb0VmWU5DV1didWdlNFNEWnotcTg3RFdIUzRtMlFJYnFTT2M?oc=5,,,,
e44dc98b117d486d,jpm_data,2026-07-19,2026-09-25,finance.biggo.com,Goldman Sachs: Tech Stocks' 40% Plunge in 17 Days 'Not Fundamental Deterioration' — Unwinding Nears End But Reversal Lacks Catalyst,https://news.google.com/rss/articles/CBMidkFVX3lxTFByeGctZW5PY1JGNjZpcVlSMHVwS09zSkF3M0JnUldOVHUxR2tEeC1qbUl3cVAtblRROG9adWp2SUp6cXJvc25DSkhkUnpfdm1UYkdKSGhuNWtDVmt4dmJfUUlZSHBsRVlvbkp0Ni1FMFJ6UHBWTmc?oc=5,Goldman Sachs,selling,tech,
ca2492d76f3a0242,jpm_data,2026-07-18,2026-09-25,finance.biggo.com,"Goldman Sachs: Tech Selloff Nears End But Lacks Catalyst; SOX Enters Bear Market, SpaceX Loses Over $1 Trillion in Market Cap in a Month",https://news.google.com/rss/articles/CBMidkFVX3lxTE5GYWZrWmZWT0Q0WWp3UTFoZkt1UW1HVkhDV2h3SmxGVFV3M3VGX1BYUDQzS1V4dUlOZ1Azd0x2NHUxaGFCaG16U2laXzg0NHR5XzdZNVNNeTNYZjZUcmFiZjJIUFNTQ09rSFNqQzNvNDNuYkVsOGc?oc=5,Goldman Sachs,,tech,
e5e123493a911111,jpm_data,2026-07-20,2026-09-25,finance.biggo.com,"Dual Strait Crisis in the Middle East: Hormuz Traffic Hits Zero Amid Bab el-Mandeb Blockade Threat, Brent Crude Surges Past $90",https://news.google.com/rss/articles/CBMidkFVX3lxTE5KdURhVUgyOGk4d09LYTJ2aFVONEhpTk9zQ0hlYl9RbG16MDJOM1pnZ09VSUtDelVtSkdkN2Nsa3JxYWhhTGFRcnRzTmVVMHExemRUNmtEZnVhczJWWUg0d1FMN2VXWkJDeGZjUEROclhNXzROSHc?oc=5,,,,
4b6568a24cc4c32c,pb_data,2026-07-29,2026-09-25,Livemint,Goldman Says Japan’s AI Stock Trade ‘Not Broken’ After Rout,https://news.google.com/rss/articles/CBMirgFBVV95cUxPalNCdndLeVhuRF9aVjU3dFVtakJBSGVPZ1VDdE5hNDdUUG9hbXpjRDNnbmFWdkpSUGpNZjdvNnhYU1cxSlBScGVaUlJKQnc0eWYybjhzNHlxeVZ0RVZFclByYm1JLUxOeDRiNHBJVkFxV2lsZUo5dUNqZ2lBLU0zeUpkdC1hbzNHb0pXUC1zOURLeDh1bm9iX2Fpc1hiRkNMVkplZFFTUXRYQUp2QVHSAbMBQVVfeXFMT09jMkU0cjFYQThWWDVSdm5OOTlmYzlPSzhQdlNRRUszZVk3RmNnNWl1cTRYOV9SOW96SFNsSXFfN0lCR0FYU2ZVZ1ZRRlJkeXlsVXgzLXQ5b3U3blROSjBaOTlRdnRScmdieXlwQi1ITVBuaXhTWmpuUlp6M2ZGY3NFbDFoOWVocDhSVXMtRmRFck0yeG85MTNKVFotd1c3ajZrcDE5U0lKeWVUR3h1VUROTG8?oc=5,Goldman Sachs,,tech;asia,
e574396446117beb,pb_leverage,2026-07-28,2026-09-25,Securities Finance Times,"Leverage terms and margin constraints push prime brokerage competition, says report",https://news.google.com/rss/articles/CBMinwFBVV95cUxNYmNDT0d1Y2RlbGhwaWpTZUViQm9kRVBKemRZZTJMMy1Ic3BTM3JJNE5lX0JzemZHRGhjSk5JYzd1V0E2VXZRY0FxSkx2MURTZnB1Q3hTbEg1eWRmeXFoRjBWWXE5Mk84NVREYlRLTGp6Vmp0U0psT1c3ZnlvQS1EeVV5d2tQV25fMWNfSVNudjRqSjhESHExX3Roczc3c1E?oc=5,,,leverage,
b37fd001d1de2c93,pb_leverage,2026-07-31,2026-09-25,Pulse 2.0,Citadel Reportedly Buys Most Of Situational’s Stock Holdings After AI Share Rout,https://news.google.com/rss/articles/CBMioAFBVV95cUxPbTFUNHhic3lNUnJsbVdYVV8wLTdGWF9fYjZnQlAteWVSVVc0VUUtdnN2R3BaQzFDSXFqTDlmM04wWmFnNWktM091a1hkZE9rZl9fLTVTQjRyczNheWUzdk5vTWFoUFQtbFN2VXJjTE5paWU5SlM1RjNoQW50YUdLZXA3MHl6cGF3dFV2M1lzMVZ6TEdtd2hQdE5aSzZMZFdP0gGmAUFVX3lxTFByTGRQZzF6TzdyMXNSWVBpUG9sSjhUdXk0Y0JSZV9XNHdmM1JhMk9MVzRMOFN1MXl0d3dWR2hEa3hxUE02T3NqOVhSUHVDQ0pQRVVHaTlDcTRPTVVLMTBtaHF6a0o4c1BRUG5Wci1JVDJMZXdGcXU3T2xkQ1RjVHUtOWF0UHVJeWxwcE9GS0c5T3Z5RjNRNTlpSDVubkFpYmRwWnk5eEE?oc=5,,,tech,
bbcee7d6bca5e9d5,pb_leverage,2026-07-30,2026-09-25,The Globe and Mail,"Citadel buys most of hedge fund Situational’s stock holdings after AI share rout, sources say",https://news.google.com/rss/articles/CBMioAFBVV95cUxOZzF4Mm5hSFFheVBNVklZWFZlN05qSGZmdkJiTFRDZ2NpcUZFekFxVlVLek9pbjE4NGJEZ0ozQUNvUzZPNm5ibEtvMTh2ZV9VUHVueTFWV0FDR2p4ekRiNk9uWnJXd2NPWDZPSk5KT0RpZDFodTFHQnFEUlcyaTBpQTAtbjM4LUpEM0g5alNuNWRnYTRJVkNZell1Qi0xaEk0?oc=5,,,tech,
9789e623ce1caf98,pb_leverage,2026-07-29,2026-09-25,news.sbs.co.kr,Bank of England Probes AI Stock Investing Amid Financial Risk Concerns,https://news.google.com/rss/articles/CBMibkFVX3lxTE9Qa0pIUk0xNkJVaE9nbFh1eDVfRTE4R0Roakg2RmZKb2N0U0VhSFR5VEd2d3E2TFVYS3JCVGxGUGktV012UEsyZEktakVxRERrMUMta3VtN2xaSWVjRzB2ZnJJeGloVWlPbW1Bc2pn0gFmQVVfeXFMTWJTNmNlNF9aQlpTeEdyYVhPR3NSUEFtSHl5c095V05qSlUwYTQ0SDkydEVIUlFDSXRTZ3M3MnBiclN4eEhoQmp0dllBUGZsU1FCT0tJajc0TzdzN2htQk5GZHVrbHlR?oc=5,,,tech,
09d59a5e187d355f,jpm_data,2026-07-28,2026-09-25,Financial Times,Hedge funds face demands to stump up collateral as AI stocks tumble,https://news.google.com/rss/articles/CBMihAFBVV95cUxNb2xIb09rcmR4VE9fcjR3RTJOTkNyMTA3TmtmUElobkNTam9TR1A1OXZHcTBsbkxfR3ViN00tdVFnaWhFZEo4QjJkd2VrMDdEbW9BMmNBN1lHZUlrbkRtTmFXUmF2SHVTaDlzVDIza1Fubjg0b2tacG81MXJNV3NlMG9RMk8?oc=5,,,tech,
e6a805c2781f6bf5,jpm_data,2026-07-30,2026-09-25,finance.biggo.com,"Bank of England Probes Hedge Fund Concentration in SK Hynix, TSMC Amid Fears of Another Archegos",https://news.google.com/rss/articles/CBMidkFVX3lxTE5ZVmotbm1PZXdLd1pVZE1EQUhMU2RmV05ETHFKNjA0b0xmR09hNnhWSXFMUC13aUVpaXhTaUpMeFB0TXhmeV9jbmJPWmxEeFRyM3hYS2NZYjd6anNyRGFCSGw1MXF5UWN0SW5NQUgzblV1RUdTRmc?oc=5,,,,
dc30b3900e858558,jpm_data,2026-07-28,2026-09-25,MarketBeat,Vertiv (NYSE:VRT) Shares Down 6.5% - Here's What Happened,https://news.google.com/rss/articles/CBMipgFBVV95cUxQd3d1T2d2T2VNRVFTMnhMOUR4elF5Z0h3ZFBKb1Y1R2hDakp1TExYd2ZNQkxBdWJmRl9WeVBGSWdZWDhOREtvNG1BQkpuM1I3ck9zcDBfQU85X2pKM2JIWTNiTkw0NW9YeUUzWHdvWE1mZ3ZwQTZjenZ6QjNWd0NBNG1zRUlTZmZfT3ZBWVNzaVpLS29DX2kyakkxYkZrUmt3dm5LTDNB?oc=5,,,,
6d8e549db0d023de,jpm_data,2026-07-30,2026-09-25,Financial Times,NYSE owner to buy bond platform MarketAxess in $5.7bn deal,https://news.google.com/rss/articles/CBMihAFBVV95cUxOMGdrREx4SlE0NHJPVFpKY2hkOHpkbUFGTlVBNWxqQlV0WGVWekdUVVY2UFNtR0EyX3RKYWhwU0oyT29zWmxpOW1HYXNNLWNmc3VJUG9WRXdDUURrVGVWa19BeG4zek03dzhILU1RQ25FWlZQYWdQSWwwVDBHVDhEMnp1WG0?oc=5,,buying,,
3a3cbcc1d6b50cfb,jpm_data,2026-07-28,2026-09-25,MarketBeat,WPP (NYSE:WPP) Stock Price Up 7.3% - Should You Buy?,https://news.google.com/rss/articles/CBMinwFBVV95cUxNVlN5SmdLRE93a2VKOEZnMGlDQ0tOVjJBZXN6akN0bzd0THBKbmJQYTlLNDRKOVJmbXJURDlycVhCVEhCS0ZFWEZYT2I4VVRtbVlicWdXdUw0Q3BoUU1yOXZuNVdnVE1tMEJhV1YtcjVBNWtHLWFMbDFEME8ycWp3Z2dGNU1OSUFRQ2lDdXV3emc3MEZyaVVjbUpJRWxWM0k?oc=5,,buying,,
76a6c0f7f2f2a63d,jpm_data,2026-07-28,2026-09-25,Financial Times,Fifa puts the World Cup up for sale,https://news.google.com/rss/articles/CBMihAFBVV95cUxOWTRScUVtbjJseTY3SXUzbzMyMDRUSnctWTFmSWtpdDJENXRuV25xaXNMWGlhbFFfdHl6UkNOZ0lPTHlfbzRFUENkc2xRcDdTRXd5a3N1SS1VQW02N3NhVnJVVGl6bXRjSC1UeFFVTnIyOHJQYncxVzI2eHZxMzNwOUcxV3Y?oc=5,,,,
89ab62159b2f79bf,pb_data,2026-08-03,2026-09-25,Seeking Alpha,"AM Markets Need to Know: Oil falls, hedge funds dump tech, and more (SP500:)",https://news.google.com/rss/articles/CBMipAFBVV95cUxQcExNcVdLQThSZVAwTU10Rnl1M1dqSzdGQmlFRmdqaXJ4T3pLSTJYcUR5dnd0MU5GSXMtcUNCdzNnNHBnbU42UWFCUTl1MzBDR0dVbkI1WjQ3NVlxamxfUTFfYUE4NmFSWGl4aGQ5bzBreHJzNmhidjhuZFVMQzg5bzJjSks1WXdfaGYwVUFaMGkyTUU5SnRQTkFWNV93RE5LOTlLZg?oc=5,,selling,tech,
9e5585539a6ae32b,pb_data,2026-08-05,2026-09-25,Briefs Finance,Tech's $3.5 Trillion Four-Day Jump Boosts Nasdaq 100,https://news.google.com/rss/articles/CBMihgFBVV95cUxOaENCeS1SWmswaFk3Q2pYNDljTVg5bzZmb1VuZWkwN1ZUVDcxb1VXU0o2TmNCcUxrQkNacmJjOEFORktmYmdOSmhHSVlfSURaU2R0ekwwV2VHdDlwM0NBSk5qdEFoUWlpczVHR18yalBOR3Y0dW1Qa19EWGVrMjBmMGJvWnhSUQ?oc=5,,,tech,
2cef273cde228ba2,pb_data,2026-08-05,2026-09-25,The Edge Malaysia,Tech melt-up drives US$3.5 tril Nasdaq 100 gain in four days,https://news.google.com/rss/articles/CBMiUEFVX3lxTE9PNE5WQTBXOVRKV0ptcU8yOE5jUzA3ejM4YURfVDRNSTNBQThVT29rNWdwSWpnLVRfYWRiOERGOTluRkpZMFpNNTdzd21ONlJi?oc=5,,,tech,
4bbfadf35c6ce592,trend_monitor,2026-08-02,2026-09-25,finance.biggo.com,Jordi Visser Says $1.7 Trillion Backlog Signals AI Stock Bottom,https://news.google.com/rss/articles/CBMiW0FVX3lxTE5wejBtNHdocWhOMVdzWUtYcENxTmhBSEpoZTZPN0JGdGM4S3lIU3pBVzhfNGhKZ24tSkYxcnRkZjZLelpicDJHSTIxQUV1YUN3THNiR3ZmUElzdU0?oc=5,,,tech,
d70a8d00f8df1c17,pb_leverage,2026-08-05,2026-09-25,Bloomberg.com,JPMorgan CEO Dimon Says Leverage in Market Is ‘Pretty High’,https://news.google.com/rss/articles/CBMirAFBVV95cUxOeDJCYUk2czBSTk0xR3I5RWhDX0RkRzRxSW1qZldhQUxfckY2WG1uVGVhU0Z2MnFtM0NvMS1IdmVKeDExc0xESzZkQVZ6cXdQT05hMUhmTDU5Qng1T08yV1pyT3NKeE93NEl2MldkSXB3MjRNZVp6MFdLNFRWSU1sUWZBQjRaM1UydGlHODRCU3pzNWFkZjBmY1JFc0pQRURJZmgycndtYW9oa1d3?oc=5,JPMorgan,,leverage,
d174b464c07fe614,pb_leverage,2026-08-06,2026-09-25,simplywall.st,Morgan Stanley Stock And High Leverage Risks Investors Should Watch,https://news.google.com/rss/articles/CBMi2wFBVV95cUxPZG50NE9zTEhqUDVPQlhCeHBUODJiTXp4c1dpTVlwRTduLW5wbDBVckFNdDNMS2ZMWUJwc2NYLUw3akh1Wl9ieWVwOEdqY1laRjh6ekpqNjFiMTdPcDFXUm9IRnBXVEFjQ2tiUlU1RWo1V0xnVWNZcFZYOWg5eEFIY0tPdzRhMUdlZ0gtQ3d2QkVzMG8yNmI2RXlMalcwSmVlSkItOHZYOXlPQ0YteG80eEpQY254Nnk3QTdWTUw0QTFIR3I5MFp3VDlTWnFMM04zSk9ORnFJZEltcnfSAeABQVVfeXFMTXRuQnBIRHUyalJ2RmZmS2FsZTREaTNmUHFlNWY5M0lsWlFlQ3pmUWd3TVlzMXEyX0dmNFNDRmZWcjdXLWhUUGpPXzhVMGpGMlozZ1B4R3k3eEk1SkhFZGN2S3o4WTZWWkpzR0hGY2l5VTdTUDVtTXdQWGhVVHZnM3I2dWVUSVV2RHIyandidGg4QjNVV1FmaVdkSnRQek1hY1RiVDg2YWpILVFPZFVLVk1vX3JackthZjZrVkUtcFo2cUt2TTllQlZoeGFkRlZYRjh5d2luaWRmblRsNUlXVmY?oc=5,Morgan Stanley,,leverage,
d01a7691d92cfefd,pb_leverage,2026-08-05,2026-09-25,New York Post,Situational Awareness’ prime brokers poised to keep backing Leopold Aschenbrenner in wake of selloff: sources,https://news.google.com/rss/articles/CBMi4AFBVV95cUxNR0NQbkdrR2RXU1pNSC1hN2tUa3pESG1zOWwtWFZDSldfM2tIWEt2VU91Z05FeVcyd2N0UXJVUGVJMGRZRU41cVg1VU9lY3BtVmdaVVFqWUZzTXUzWTk5MklYRF9hM0JXODJWSGRJRG9hOUYxV1ZHZ2podDFVZ01XcXAzRDNRRWdETWJIMkc0TUVTc0VDMzA2c2R2cDloMEtURDB1OVd1VGRNdUZ4Vm5PZ25Nbkk4UFpKN1dHSG9keTViWTRuQ3JtUG83UHpvMzNQUWFSNEc3TEJZNUxETzFzWg?oc=5,,,,
135115f364838f8d,pb_leverage,2026-08-02,2026-09-25,Bitget,Goldman Sachs Trading Desk Records Largest Net Buying Since November 2020 Following Largest Hedge Fund Deleveraging in History,https://news.google.com/rss/articles/CBMiXkFVX3lxTE5HLWxLR2NZdXZSeW0xLUdWTW1QUWxERUxtRTFLdWxlSmpXbXVWSVBqSS1LZXJZcjk2eFVrYk9KeXozbUNETW1ZRlBWTDhfbVVDWS1qbzNPQ1pkbnphOGfSAWNBVV95cUxORXNrUTgtaFdIU1hHT1JFbVNCcDVvWDBsdVZCYmtROUR0VXRPZ2ZQMUlOVjFtckN0c243Z0kxX3cydGszZFkyQXRpNnNVWE5rOEhXVlhlcWRYR1ZkZmVUczRnYVk?oc=5,Goldman Sachs,buying,,
6f466d8953e4dc93,pb_leverage,2026-08-02,2026-09-25,富途牛牛,"Following the largest deleveraging wave in hedge fund history, Goldman Sachs' trading desk recorded its largest net buying since November 2020.",https://news.google.com/rss/articles/CBMirwFBVV95cUxOa2JzVDJrb05wNUU1WnB0aDdkcUd4Q3V3TnhTZlZTbFBhMWpOWFB3dnBSLTZnYUxLVlE1R2RVRzdDMTd1eTRHb1hnUEpKanBQX1d0dGhQSFlBMjE3bzJZQlBXbDFmb2ZuRnBxUEFMYzJEUnlmZzU5emNQUWk3Z19fUFFXT1ZpSkgtQ1B1ZDRkQ3E3ZXVwdDlJN0VmUUVUZ1hseHM2Vk5tRlMxNkdudXVR?oc=5,Goldman Sachs,buying,,
07239d1b00340f6f,pb_leverage,2026-08-06,2026-09-25,CNBC TV18,"JPMorgan CEO Jamie Dimon says leverage in market is 'pretty high', shares insights on US Fed, AI and more",https://news.google.com/rss/articles/CBMi4gFBVV95cUxQT1dGNlJoSzlrR3UxZmJuelVySEdTdDYxemtYeHNmVW15d1EyY0Jsay0tcEgtZDZWNTJWdDZnTEhGbHRzVlNLOHZBeE9QNWNrd0xDdVBzbUs3Ui1ZTk1RRmFTLWpJQkY5VGVkM1dwUHloUW9zbnRieC1taW94Um9jN0Q3UzgtTjB2YXJIY1QzZjUtaHY4ZzlVb0FFaTdKZ2ZmT1Y5c2NxeDRWNldLelZLdnd2eUtyWWMya3VHU1Y3SmtsZU40eDFWeFh5Y2JtNlAyM3hiQXRwdkp5cEhleUctNl9n0gHnAUFVX3lxTE0tVkFYVExOalhwM3NlYTd6c3Y5cEFhZVV4Q1ZsTTNzczNPSnc3cm0wSnZ3WnJ3TWxrSzM1dUtMcTdkbU5nRTVZVGFkOUlvUGhfT2U1ZlRRajFWdmp0MWNoQTg0TkZRU1l3VnowbW05WmkzS21UdVJSVTZSX25TQlhfdHJrVk0zSWFsSmdGdy1rVnprdGJBNTVFeVBXUm5DVjZoSzQ3ZnpfZ2M4d2VYbmptdmlvZjdldHlxaUpxSHpPTllKbmlnT2cwT2lzVEdITHQyZzdvQkVoTXVzZm11dHpxRU4wSk1VOA?oc=5,JPMorgan,,leverage;tech,
ea8741f291e7f47e,pb_leverage,2026-07-31,2026-09-25,NST Online,"Citadel buys most of Situational's stock holdings after AI share rout, sources say",https://news.google.com/rss/articles/CBMiugFBVV95cUxNU3ZZUnc2TXVMTnl3NTVOT2h2ekdUb0JZOHJKU2EybmVpVEtTZkxudExXZnItNEtESEpPc1ppLWF5VTlBUFlfRGVvV0NzZXlHdl9CLWRGZVJfN0pYMzQ3UWR6S1pxOTltUzVfam0yTnJTNGo1bzNLcDd0d1Q4OXlmNmZGQS0xQmJHQVBiRlhNSXdLTmRudXhSVXFoR05OMlFMMFd1SjNCUEVTMW1NWU1LU0N5U1dxc3lacmc?oc=5,,,tech,
e15c0315672bcc8e,jpm_data,2026-08-03,2026-09-25,Moomoo,"Is the Korean stock market's ""washout"" nearly over? Several Wall Street investment banks believe the market may have already bottomed out.",https://news.google.com/rss/articles/CBMinwFBVV95cUxPcU9oQzk0S3h3UUdNdkdwT0lRRFk0clNDMTdoWGxaa0h0cjhad0o1bGtpX2YzX251dEJOTjRDcUE0Qy0zcjQzRS0xWVVEeXcyWkxOYk45MXNqSVZxYVZ5VDgtNDF3bUJqNjRYZUp6c3pndFNXdV9Ccl9NVzZvTHJWWDQ4WE11M0dfdlJZOU1Lc1RsSERVRW01eTZXdjlOSVE?oc=5,,,asia;sectors,
ebebba3df98bb06e,jpm_data,2026-08-03,2026-09-25,Межа. Новини України.,Iran War Revives Oil Refining as Fuel Disruptions Lift Margins,https://news.google.com/rss/articles/CBMiY0FVX3lxTE1Da0QzUWFUbl83Z1lWZkRJRDN3b05Kc0ZnR0M2OE5PVHU4VmZydkh3N0lqMjN2WENqU2dTTnZnSGZPUFlPWXVLV2xHMmhhVkp3dkIwMzIzN2FHMEhmMzZWeVZlWQ?oc=5,,,,
2ad1bb502e71bbb4,jpm_data,2026-08-03,2026-09-25,MarketBeat,Nokia (NYSE:NOK) Shares Up 2.3% - Here's Why,https://news.google.com/rss/articles/CBMilAFBVV95cUxPc3VuTFZVU0JWbzVjX0dvTXdpSzBrbVJSbjF2RDZ5MEs2WVNwbndTM0NZV1dIbkhuSW9nTXFqSHUxX3dFS0pQY0xlbld3b0FVSXlyQkJKN09lN2cyVlQ1WGplc19VWmpOU2FIWWotQmlPUTBNd2Q4dTgzS0VMXzRBS3NDQWtXaXA2WlJ5cWpHenNGTllF?oc=5,,,,
3ac6cde204fb21db,jpm_data,2026-08-05,2026-09-25,富途牛牛,U.S. tech stocks stage a major rally! Earnings season reignites AI optimism as Nasdaq-100 market cap surges by $3.5 trillion in four days,https://news.google.com/rss/articles/CBMiowFBVV95cUxNaHdBSTBKSzNGeTJLb1pGMmlvWWVxeERLTFVHeFI2cmZCN000b0duZHBQdWxOYzM5ek54R1kwaFFaLUt6bVNWUjlEc1FpZHByY29sUS0xV0lZVmgwcFlrS0lsak1zT0E1eUN6b2RRY2VPUXk5NXgwSlVPdmtqSlRNU3U4dV8tblE1ZG00eGlLVHBOQ016OTFmLUhaMHgwRVhDdXE0?oc=5,,,tech,
d02ec4a9ce04b631,jpm_data,2026-08-04,2026-09-25,bworldonline.com,"Big investors think it might be time to buy in South Korea, bet on chipmakers",https://news.google.com/rss/articles/CBMi0gFBVV95cUxOeFNKakNDS3RjLTlUVFc2d0NiQVRqM0hvZUR4VUMtMjJJNnhQZS15enh1bHo1YzZ2YkJwX2FVbG5PRWlFMWtJRlQtUGhydnNxV2RrVDFJUHJhclhGelRGblFIdkRTdzRvVjFlazEyTW9ZZjhnQ3NGa0pnUkNycGNfTS12cV9jZE50UlhDSHlTVERhZkotRDJHa1hFQzR6dHc3LUVCMlJFR211ekxZUFk5ZE5TazgyZF92enZDRDZpdUlQZGRyUzlLbFFER05fRElvTHc?oc=5,,buying,asia,
417d0ccd8077e714,pb_leverage,2026-08-14,2026-09-25,CNBC,AI’s infrastructure boom is getting more leveraged — and harder to track,https://news.google.com/rss/articles/CBMif0FVX3lxTE0xdURYc09ib3VQcWFfZEFWblJBZ1hmelBmZWxsWXJidXUweGNoeF9qeWxWSjV3UHRkMVJzNzVCYlROY09hUDZjWVhhYVFzU3daYW9UUUNGcWd5bFlKUXFXRTItMS0xNjlSNXNsel9IaDRpVVFYZnBaZTlld3c3Y0XSAYQBQVVfeXFMUE15aWZacXpmUnRVenYxc2VCM1QxWXl6QnlidEdUTGQ3U01YOERwRENrcUNycUl3d2QzLUhUeER0Y1ZNeXNwbjMtLWJIYkxZQXNPV2h1ejZJeW04NGZHZW5LRTF2N1FseE5iWjBWNGRfOU1QR2ZtaDFsdDF2Ym1rU2ZIei0z?oc=5,,,tech,
fec081943a69cfd3,pb_leverage,2026-08-07,2026-09-25,매일경제,"JPMorgan Chase CEO Jamie Dimon, dubbed the ""emperor of Wall Street,"" warned that the so-called ""leve..",https://news.google.com/rss/articles/CBMiUkFVX3lxTE1aRDlvc3VfNXY5eEtfa1pocVBZMFEydXI4ajJwbFJwT3dQajZ2Y3RMaFQxMUdsNVVIeVoxcVFWV2JPNWlpOGxmcXNLSzl5RHN2Q2c?oc=5,JPMorgan,buying,,
24a178432c51e163,jpm_data,2026-08-08,2026-09-25,MarketBeat,"Empowered Funds LLC Sells 1,211 Shares of First Citizens BancShares, Inc. $FCNCA",https://news.google.com/rss/articles/CBMi0wFBVV95cUxNOTZGalBqdXNZRDNiSkRPeV9fSHFuSlFVWVRsR1dxZFhqWnJYYjRPZnQwYTBwTU9xQkYzRHFONnhZMDAxTGYwM1l5Vl9QTTZycHhEeER2enR6Y184Smg2azEyOFZBeUIwZ3ZYY2tlTlBCaXNYQkloQktLeU5jclVpSDdqWUVkZFVRVUFWaXdsS2pOMFRMQTNPV3ByN3cyU0liRmpGQl9VWkdYc2w5ZW1BXzF3bWRBbmhlUndOcmFMNmJkRUlkdDI1MU5TSjFhMFNsTVUw?oc=5,,,,
39b0eff4c3032965,jpm_data,2026-08-10,2026-09-25,The Cryptonomist,Bitcoin Active Addresses Drop to Lowest Since 2018,https://news.google.com/rss/articles/CBMiekFVX3lxTE9TZ0NQR2lfNGVpZ05mcDhhOFZXeXQ3aHRLRkxIVkdySVRONlRWRzhDTTJZaXhCOElnNUNKWUdXZjBhdkJkZlM0Q2M1MHlRRmppdDIzNzBMdGNJaWt4MTRJVDk2SlV5NkJucjRfbzBMckljUlRycmpEU29R?oc=5,,,,yes
b48e371e1788cd9e,trend_monitor,2026-08-21,2026-09-25,MarketWatch,Hedge funds are doubling down on megacap tech stocks after summer volatility triggers massive portfolio cleanup,https://news.google.com/rss/articles/CBMi5gFBVV95cUxQNENkVHdPdTRUMzZrXzFhVmxxU1o1b3hyM1BlRlB0cW9lZDRULUgzalFibWR0M3ZHSzQtT2QxZldkODh3RWt0ZGtTa2RjbHI5QXJ1SU40NDVTUmRXMFRkRVR1WThaaG1hSjNmdWZiWTNIc2Q0WkUtNFVyZ01IMlRoMmZybF9TNnVlODJpcGs4OXJPUTU4UzhEZEcyV0dtUVVKS21RT2ZpcE10dThQczg2eFJKZ1pDVk1MbHB3RDBTMm1PMjcyM1FKc0h1ZTd3bzRUT1ltTnlmdmlXTmMzR2hkdmR5OUdEZw?oc=5,,,tech,
e698278ffb6b8e14,pb_leverage,2026-08-17,2026-09-25,WSJ,Exclusive | How Wall Street Sussed Out That Situational Awareness Was on the Ropes,https://news.google.com/rss/articles/CBMiuAFBVV95cUxPa1hCVEt5RHVYVVlROWEwMWp0dW1jZTVNTU9EakN1cGtkSHl3VEhkUUxaVXdxUmUyNU1VUVEyb3VGU2Z1bk5pUTB6UWtHRFk2OFFucjJqc1FEUXlZN21ienlfZzlGQjdaLVZjeGVHdlB3SjZIY1RqeW50Tk9JVktNN3YwNHFfTXFzZW9haVpKRVdXMV95QkNqVmx0R2pBYUhReGY5MDlPRUxIVE1xck5Zd0VRSjh1Vlpm?oc=5,,,,
092311e6c6eb1137,pb_leverage,2026-08-23,2026-09-25,Adam Tooze | Substack,Chartbook 469: The risk of unwind - The US Treasury market in the era of the hedge fund-profit dollar.,https://news.google.com/rss/articles/CBMic0FVX3lxTE5jNk5fMEg4RXZVSzQ1dGJpd2RLaWc5aUhnUVBQN1VRSmVILXRHT0FFVXY1Z3JkLWRMYV8xcGNrMXBBZEZnQ1kzNVd1OWo0N1RCdlVwemM3c1hsYWNlNGl3MmdpV0FQV05WTVNKakd3MTc1WkU?oc=5,,selling,,
c2bcc75a15c0dfa1,pb_leverage,2026-08-25,2026-09-25,Tech Times,"SEC Probes Goldman, JPMorgan Over Conflicting Roles in AI Fund Near-Collapse",https://news.google.com/rss/articles/CBMixgFBVV95cUxPZ0ZPY2tWZzJGbkcxQ2pmNGFNQnYtWXdYTTBqSFpPc0FkRnNaLURsT0o0Wkx1YkpPRXFKcXhjLXAyQXZjSlNMYU5mQnl3RnY0My0wMTBobnlxZm1NUnhmbnNJRmFIY2tmUHA1Z2kzUDViOF9mWVFPLW1KZTJwSFY5bkJsSkJhaE1yekdnTzlzb1V0TUVpTEhuOU9LYXpWS3FURXZHYlJyODFwcFAwRTEwOW1fN1BRRG9TY2VlSTJZNmdMS25yR2c?oc=5,Goldman Sachs;JPMorgan,,tech,
babc86e77b911960,jpm_data,2026-08-25,2026-09-25,Yahoo Finance,US investigates trades made by ‘golden child’ of AI’s hedge fund,https://news.google.com/rss/articles/CBMioAFBVV95cUxONHJuaDBPR21laktNQ050NklmVXU5U3BjbDhyWG9zeUdLQ0N2N2JiRG1QeWVwNVVpVWd3Qm5SUU5QWFlEVThFeHhFNHdGV0ROOHJmdDRhQ3YxQmFfczNjWTNFdjRDTlFzUHdNbGJTOXJMNXMtZm9IVmpNZ19YN0p5N05XMWtWM19EZXc5ZzllVUx6dlNiUXNYWHlXS2Q3NFNO?oc=5,,,tech,
00a73e2509f1fe2f,jpm_data,2026-08-27,2026-09-25,Financial Times,Jane Street’s growing pains,https://news.google.com/rss/articles/CBMihAFBVV95cUxNd1pLUjE5ay15NjFhYTRocGdxM3pzRUUtN1k0ZF9EZU8zVllDZml6YlJwbnI4dmw3OGg0TVdEVkZJbnBKN1JGcTlHUE1mYUZDODVubGwtc3ZvTnVwZEI4MWItd1UteHo0d05TRlJUQUcwU20yZ0xwa3BUM040YjE5U3pHZjM?oc=5,,,,
8a85e5e81d327967,jpm_data,2026-08-27,2026-09-25,MarketBeat,"Sanctuary Advisors LLC Buys Shares of 45,996 CenterPoint Energy, Inc. $CNP",https://news.google.com/rss/articles/CBMiywFBVV95cUxOT0R2RVdpSUJDc1Q5aWRPY2lmMXhUMFNCRjFNTVpBOVE5NzdUTzZpV0VpZEVoc2lzMTJSLVZUMldYRTRlRFJiR0I0UlEwVlhxWkZrSTZhcDJtUVladFBLeTZ6c0t6RVVaUVg0OVZJRWlXQTdiUWViOTlHa3YxRnUtOE1UcG9DUWQxeHBLX0lRSHM2dVhCeklDV1p1U1hFTXc4UEtlWVdCR1BXR2hiS0pxczQ1S2E4cUpLeXhiV05VMnZIWDZhcGExZHV1bw?oc=5,,,sectors,
6821785d182a67f9,jpm_data,2026-08-27,2026-09-25,MarketBeat,"Canada Pension Plan Investment Board Invests $173.64 Million in Ormat Technologies, Inc. $ORA",https://news.google.com/rss/articles/CBMi4wFBVV95cUxPR2ZQSU1oTnN4WmtHcUVxNHhVUHhNbzhRcnlGZnV5RTJhNlJuV3ZFRGZfbzZObnYwMEh3bmVVcUR3M1pQN2E0WVFOMTlBYUpub3VVQU1GNEhVS0Q3ZS1RZGt3UWNRcVBHOElwSUpydDZRbnY5VVFDV0FFbnJpYlYtVVY1dU10SEVSRURrVHUza0NuUUE2ZXFCM3p0YlNFb3gwbDdSN01GOEJkV2IyUHR3WjdQVGFTQTRJZl93R3p4WVhySkNjQkNJX0xSLXViSFFLV2xCcWVzTzFuRjRjT29YZHQzdw?oc=5,,,,
12b91a34b00e6d00,jpm_data,2026-08-27,2026-09-25,MarketBeat,"Hsbc Holdings PLC Invests $74.69 Million in Essex Property Trust, Inc. $ESS",https://news.google.com/rss/articles/CBMiywFBVV95cUxPbmdLRGhkbVFnU0h4QUZxd2JvLWRTMTZhYmtjR0l4Q0IxLUlpVW9xUHBJTkk3cEZFR05zakRuSU0wUVhOaWZYQ291ZEhya1VNRFQ5OEZOa0F0TUFPYjhJbTYwYVVCTXdlUUxoN21oQWtBRTNLMnRyZnR6RnI0NnZnRTBYbE1PcjZKcWhxT3pfY0lBTXEwNTBrcnRPdEV5ZDJOMG1EdHplWTdTRzFvalJaWDhuSzB2RmpkTzd4TzBRNmdNZGtRcDBQVmkyMA?oc=5,,,,
a11541d5ecc785be,jpm_data,2026-08-27,2026-09-25,MarketBeat,"Algert Global LLC Purchases 240,490 Shares of Talos Energy Inc. $TALO",https://news.google.com/rss/articles/CBMixgFBVV95cUxOUzF5Q2xhNF9sVG1QQWphb2RpQXRyN2hvSjZVZ0F1YkZsWV9QeV82SWVYSXJPX29NWUR4ZDFCelFGS2JJdHluQlY1bktwRzNUc24xY3plbFRReFFfdDJUeFhrNWRfMjF3cE95YWdOUkMyZ1JSdW1pa1Z5eTQxWnVBNEJGakQ4VFNha1VMNV9fQWFvdUlnMEozUkFXZ2hDc25DclpicmFYRVE1cm1VamE2MkprbEJlTFRKS1JTTWhUOG5acEFweUE?oc=5,,,sectors,
739cc8f5ccccbdf4,jpm_data,2026-08-27,2026-09-25,MarketBeat,"Quantbot Technologies LP Takes Position in Delek US Holdings, Inc. $DK",https://news.google.com/rss/articles/CBMixwFBVV95cUxPMkp6cHdBMGxRbVpkVGU2UUJEbGo5TEFqcDJYR21QZGx1cEo3Z2NuV0o0ZTZqUF9yajFUdEdXTms0Q0lYbVpGSGI3RFpnWWN4azJkWDFWNXJIZ3RmS0d0TGVGTk85M3BTTm9nR2RMYVlUbnZtZFZRRC1VRWZOY01sWGRMbG03anJKLUU5eVBpQ19LY0RYTVllLUJqVUdvYlI3UHdsNmgzcklPaGY1M3BDdjJSOWk2TndzdnVndE1keE40U2JzN2ZB?oc=5,,,,
5ae374679936f7ad,jpm_data,2026-08-28,2026-09-25,MarketBeat,"36,178,149 Shares in The Goodyear Tire & Rubber Company $GT Acquired by BlackRock Inc.",https://news.google.com/rss/articles/CBMi2AFBVV95cUxOX29NdFlsTnBmWFE2cy15YVBSMWJCa2szLTNlcUpoRkhRTFpiczc3MktjLWVTdllFeU9fZFJVMGpCOHV0SDlraXVrOFl1eVAxNWFoMWFYTnlyX2dPUC0tWmVWaTA3VFFRZHVheTQxM3dXSkJDLVB6cjBQUzU3VjJpZldDdEUwODgyblNrZF9Xd1BwM1k3UXdqcEktM1Vwd3RDcUxoMDBZdUVJc2pyeUdwRHkzc256MTN4c3FhUmFUcDdqbVp4MUFWekxVN3RXUS1MMGFxZW5mOXg?oc=5,,,,
20ead230b345a228,trend_monitor,2026-09-02,2026-09-25,24/7 Wall St.,Goldman Sachs Says Hedge Funds and Mutual Funds Love These 4 Dividend-Paying Financials,https://news.google.com/rss/articles/CBMiuAFBVV95cUxPa1Y4MXcycVBwMXhiZExKdER6bHhndUZ5Z2piVWh2Q0F2d2pvVGxaX0ZqVWtRTGphSFc3TG5RX1dxTF82NWJBQnhUZ244VEFhUnNuWm9uN20zdlpISVRfemMxYTZZbHFfY21teURzU3BLc3VmXzlzcnFXVk1CLTVZdk9JNGVKTlFTcUwzR29yenJhMmtSODg5TTR4bjE4QzJscmhCR3N4Xy0yMmpyT29qNldxNXo2MGk1?oc=5,Goldman Sachs,,sectors,
a89dfbe79c458820,trend_monitor,2026-09-03,2026-09-25,eu.36kr.com,Healthcare Overtakes AI to Become Hedge Funds' Largest Holding,https://news.google.com/rss/articles/CBMiU0FVX3lxTFBHUGtZOUxuS3ZMaFpZRVU0bEkwd2ZYS19KLTREX1d5RFl4bGlYYW1UY2h2ZjFWNXNEQUF0T295eVB5R0JYNFpUWVZleVE0akEweTVR?oc=5,,,tech;sectors,
efdfb4000d2ec457,jpm_data,2026-09-01,2026-09-25,MarketBeat,Calamos Advisors LLC Lowers Stock Holdings in JPMorgan Chase & Co. $JPM,https://news.google.com/rss/articles/CBMixwFBVV95cUxPUWw3VEpDb0F2ZnpLOEtsVl9OVTdwUXowVmtnNEpvN3F3MDRIaUUxZ2YyTjFQbDhBR3gwY1dwbzltSmlSUUZDY09OcUtMTDZuMkUydW5rMVhKeDl6WVJBRnF0QzZGU3F0NHRaejhMbkhJNUpnX25kLU42eWtoX3lGdjNRS2dlajdqdW5ZWmpDc3gzbWpSaG1Ha1g0c29qRUVZdkFhYXQ0NW5ROTZYVlpTOE8zZm9FbkxlZU9aYkxDYUtGbHNSVXFJ?oc=5,JPMorgan,buying,,
4708a5c6e28cbcf2,jpm_data,2026-09-04,2026-09-25,MarketBeat,"Empowered Funds LLC Makes New Investment in CenterPoint Energy, Inc. $CNP",https://news.google.com/rss/articles/CBMiywFBVV95cUxOOHoxQ3RMTXpDb1RmOXh2bnQ1RkVFcFR0S0VwTGt2cWZGZ19mX0d2OGFLaXdoT1BqQnpWMHNFNWJFM2h0aDVNVE9jRHR4aEhILUptSTVlc29CUkxJNHg3d2FzeFN0am5Fc0Q1LTNWNG1xTmw5YXNmTTRpQ2dKaXNVUnJzeVl5bGlDTXB4R3lrWkljdldjekJDekdtV0RESDlOTExxdkp2V0Q3TEFHaDQtV0gxazg0eDFadVBJZWtJc09iSzlPV2tIdEdEUQ?oc=5,,,sectors,
2929297aeb89049d,jpm_data,2026-08-29,2026-09-25,MarketBeat,Man Group plc Makes New Investment in SLM Corporation $SLM,https://news.google.com/rss/articles/CBMiugFBVV95cUxObHpfT1B4aVBOVGVtVkdyeXhjZ2xjZ1FTeVBlbHJoeGpZRHZaMHZXQnJJT1I2bktySWhuZXlfNGhvV25WUlU2aHNuVUlDcEJnZ0pOUTAyellWNFlIY1NaM1Y3YVJVT1J0NHh4RzFrUkJLOUZWaGZNMWxBeFRPb3ZFaE1VNFV1bDdfdU91VFFSWG1VMmtmQkNzM01vcm8zdFNvMExIeGoyZVRYMFFEZkNvMkw1Y0lPSm1kdnc?oc=5,,,,
bcfd779fdb4d7b6e,jpm_data,2026-09-02,2026-09-25,MarketBeat,Sanmina Corporation $SANM is Lone Peak Global Investors LLC's 9th Largest Position,https://news.google.com/rss/articles/CBMi2AFBVV95cUxQVWNaNmlfOEttUWVuZDhicnUyam5GZ1ZlazZPeUREeUJ6eGZBejcwdFFDNm5XM0NBdExUcjRPclZxXzk1bWRUanhkYXFydzgzeTBSamF5cDUyLWp3LTBOcUNSNjlZTy14d1ZaYlFzVHJCMFViSGp4N1BVSmI2YUZoVlRsRm5HN2tHbnYtNWRjc3EwU0FmVUVDQnhiOEpPbjZGeEVDSkJSSzNUSzBRQUVidTd0U1RFd3JCenhOZEgyc004NnBBa250RGVVUlE5VmNxUmhydG16ZmI?oc=5,,,,
649b03976f8747a1,jpm_data,2026-09-02,2026-09-25,MarketBeat,"Legal & General Group Plc Buys Shares of 242,049 Cinemark Holdings Inc $CNK",https://news.google.com/rss/articles/CBMizAFBVV95cUxQbHA2UmpYZkFPNXRTV0tfLTdRVmNzX3hsOGdSalBZYXZPdWFWQzJxVkU5ZmNHNEhQMGdHbFlMdkpvNGl5VGkzVGhoMFFncXcwT1c5RkgyZkRVbEVoYzE2Q0lLZnZPd2Zic1J2RWdaTF96eGJwRE9wT0M4aDB0T3dFS0FuYk1DT3RrWE1BVHp0QXNCMjNxMVZvRERfelFJUjZTbUw0ZVAwNUZPMFh0cXk1MGpxWXNNNzBiWC1fRFIyVUotdEFObFdMaWZrdUc?oc=5,,,,
49f2c0a557364aa7,jpm_data,2026-09-04,2026-09-25,MarketBeat,Public Employees Retirement System of Ohio Acquires New Holdings in Sanmina Corporation $SANM,https://news.google.com/rss/articles/CBMi6AFBVV95cUxNemNqRHVaZVQ0NEtweG1nMUVEV2NCZWxmdE5jQTRSVzFqQVhtcDR5Y0t0ZGozZzlZYno5OEtab01EejBtYW1Mc0ZidUdkLWpncTZISE5YZGxtN0RCNDRPNVVocnJpY0NoMHkzZmdndXEtMHkxS182emJEMGxiT0VxVjd3ZGZ2dVh4RjhvRGFCeTA2QlVTd2IzSVZMUElkWXRBXzUtNl8tMGxkLXhZWXlFcG9Qa0Y1ZUtsNUREU0RSbUFySzYxWTBUNHAtVm1BZnh2Q29EbmhHRVJuejRfb01kd2pMalNPM0tq?oc=5,,,,
a9cb3f67e7ee26f8,jpm_data,2026-08-29,2026-09-25,MarketBeat,Jefferies Financial Group Inc. Purchases New Stake in Sanmina Corporation $SANM,https://news.google.com/rss/articles/CBMi1AFBVV95cUxNeE1WVWtXbHA4UTVBT0N4RGNqazBBUUItd2xRSDJPdUh1VzVrV3A4cDNJTFVsUDI1VDFLNkxKaFpfRHkxNmdGMXJUM0Q1bjFaYlhLbnFDOGFPNDUyaElKZGJqSkUxS3dGalNMc0lTbzdHb2pyMVp1SUpMeHAyTHMtYjZ0Sk1GWGxoY3gyTzE5VjNQLVNTN2Y5RW42eWVRNWhhdkhaVzM0eDRaWDhMT3NlTFcxUmRZYUtxcUpnZEg0Wm5TLThQQ0hlcnVlazBfMDZfUFlKdA?oc=5,,,,
1bdd4569dc133992,jpm_data,2026-08-31,2026-09-25,MarketBeat,Empowered Funds LLC Makes New $6.85 Million Investment in The Goodyear Tire & Rubber Company $GT,https://news.google.com/rss/articles/CBMi5wFBVV95cUxOVHMtbEVBWHYwZlFlcFNoOHEtN2E1MXFzTUFsNE9jTHRGQVN6dVBMbWVDZUJDUTRkUFVnNDBPbExhbU9Bem9MaHEzanpzUHF0OWN4V0JvNGctR1FQZzUtdjFBY3RJRGhvVWFkNFAwOUZpSm5DeVBFaF8yRzNiNXljT2ZyN0NWZDZCTXB1MXZZUW1EWmVLMGlJZklvaWNuQzBKY29jdWI3ejZLRF9INlQxZFU2Q0dCTDI5LU15OHlGQ3hQa1pJcjZBek5XaC1hTE9YNkhTRXIwN0NWcjE4ZzlJSE5vcjU2OGc?oc=5,,,,
afa47d6a1cbb17d3,jpm_data,2026-08-29,2026-09-25,MarketBeat,"Bank of America Corp DE Has $4.78 Million Position in Sweetgreen, Inc. $SG",https://news.google.com/rss/articles/CBMiygFBVV95cUxOT3JsUWdQSXhGQzhuQmF5REFjdVlzTy01d3h1OUtVSk96UDYzMDhXZzV2OEttZ2x3WUowUHhfWFpRYzBzUXduS1RxcVB1cnNOc3dTbURZVDFldl95cFdJRVZ2U3k4eEhDc0hsYVRQUG0yQzNpNWV6NVlKYUlYRFUtQ0owQ2tsa3RySVdvYWZJeHNKQTNJX3RWUWc4SDZFUmJsMUU3OEdQNE10RkJ3T0V0MjJZRU5TT0x5akkzMjRDSFhxWFhNTHQ3RUVn?oc=5,Bank of America,,,
19e689697c36e61c,jpm_data,2026-08-30,2026-09-25,MarketBeat,The Manufacturers Life Insurance Company Invests $9.24 Million in Sanmina Corporation $SANM,https://news.google.com/rss/articles/CBMi4wFBVV95cUxQZVQtcnZvSEVlbFhlbzBPN2VHZU45UWU2ZE5sbGJzUVpWX0N0T3ZOQVVCRzc5WmFjNE9ubzZucHpydzIxSktuUURZcW53Wl82d2xwdVJpZ05feFFEVWpYQWw5emp5bVRYUmZOMFZzSVJRU1pBMWdSOENWNnFELXkxNzE2b3k0cHR5UXM3NEtIWVZUWXVDcGRSbjJZWElxQ2xUMmtIYTJ3S1pfWURnM003elpka28za3lyRW81TkFXbFp0NU4zZFBVaGo5MXpibFQ5S3A3a2VudF92NTRySHhVU0dQWQ?oc=5,,,,
0dba8e069d01e166,jpm_data,2026-09-04,2026-09-25,MarketBeat,"AXQ Capital LP Takes Position in HCA Healthcare, Inc. $HCA",https://news.google.com/rss/articles/CBMitwFBVV95cUxOY2d3b0lucmNweDVNVWNDOTBqdDVhMXBiT1FteTZ5dm9xNTgtcTVOUlRzbEx3a0ZSSUlLM1IyNUdJaWEzSTE1ZDlIUHdqbEdVamVKQXVfUEZhWEY1bTIzakhJd0EyeUtTZXVwcktkSzNhaU13RFdGdlEyQUZ4blphSFcwVDdnVnJXN005SDFkeE9lQnQ2Ry1TNGotRnh1MWxSQXI2QXNSTkdrcldNSEVsVDA3dC1qV0k?oc=5,,,sectors,
aca009491944e7e4,jpm_data,2026-08-31,2026-09-25,MarketBeat,"175,400 Shares in Cinemark Holdings Inc $CNK Purchased by Canada Pension Plan Investment Board",https://news.google.com/rss/articles/CBMi6AFBVV95cUxPdUIySW5Ed1hhR2dtRDAxLXQzMThBS0NjcmM4WHh1alFmT2NUM1V3V3pEUW9xeC1CMGZ2bzRCOHNhdnVheXVSVHN0YVBZU2Q4c2JZSlJhVUlrYm4wYXBEdWV2SWRZWkVyRDBoQnlSY2pFRFlyNUdFazFkeHFndHBiYjVBeHY1WkdEOEhGOXVEWUcxYmVkSVJoSy1PbE1WQmlkV3U2dlBGTGU3Mml2Q1lmY0xXNEZFTXlLNUxGWnpHOHE3TzU5YXkySWFCbV9KaUFOTlBpbURHR2E2ZkFzUkcyNVowVGtlN3Nl?oc=5,,,,
c058b1ded8e30a2d,jpm_data,2026-09-04,2026-09-25,MarketBeat,"Nykredit A S Buys Shares of 132,498 3M Company $MMM",https://news.google.com/rss/articles/CBMirwFBVV95cUxOc01NMWlFM1lEa2szX25JOUZ0aURZU2hDYlhNNDJYaWFkZ3V0NlhpYU4zN1VhVHBEYS05Vi1UN2pWTUpWemllX2RCbl91S0kyODA4ZjFZLUNsdGktQVRVaWhaQ0V1cjZQR2JMZ0NfdnNYV01HZEhINWU0S3Q1V2s4Si1mNUJJSFoyY3cxcktraUlNTjd3Z2lGUlNBVFdfQkx6VzhPaFJIUmpiUWp3SDBB?oc=5,,,,
56fc387ef876d946,jpm_data,2026-09-01,2026-09-25,MarketBeat,Ancora Advisors LLC Cuts Stock Position in PACCAR Inc. $PCAR,https://news.google.com/rss/articles/CBMiuwFBVV95cUxPZW1FaWtHVm1fOUFWSXc1T1gtXzdjX3hMczAxQXkxV3VucTQ0UW5oZFhKOXdMdVZLYVVfM3dPRTZuUEdfQ1dLZzh4OVZSWklCRFZteUl4bFhFQ1Rod3ZnMDBXSlpkQ2wyai1VcWRseFd6b29nMmpwVHROR0l2eVNSamtwS2R2dUdubEF1NEhwa1ZyWk9MdWJEUGxUVllJbDlPMklSYVF1bDdIZ2hZc1J2YlVVREhJcnpQejdR?oc=5,,selling,,
ebd78a1dbd4056af,pb_data,2026-09-08,2026-09-25,tradingview.com,"Goldman Spots Breakout Signal for Micron, SanDisk Stocks",https://news.google.com/rss/articles/CBMitgFBVV95cUxPYUhVT01DMWVnOVBFSEx1bVJBd3RwVGF5eF9fWHBEby1LQWVoajUtQkZ2NTg5MTJqNHJOdVNzYlhGVjR4OEVaaEpHVWxRYU9xR3h6SDJ5WjJQbHQ4WTZ0UXl3ZkhrcmNLVWhwdm9fRk4wOEtTbkp6NFlfSE1FMGJLODlsalZMekpjOFYxX015UGtSRGpWMENRQ29sS1pHRGxzLWhKczlLNGx0ZVNRT0paMHE4bDlYUQ?oc=5,Goldman Sachs,,,
9a88bde9f46a1905,pb_leverage,2026-09-11,2026-09-25,Yahoo Finance,JPMorgan cuts off lending to Aschenbrenner’s AI fund after historic losses - FT,https://news.google.com/rss/articles/CBMiqAFBVV95cUxNeW9uVmFfSndkSlRtUFpkZE80WUw1Vnh3aWFJQ2Q0ckdPTE94UWFYeUI3U2NxbnNPSU9HYjVUYnJhSHJPaGEweEc2SXhLeVVWUjBjSi1yUEh3SjhBSG16d3o3NFVDLVFDSWt4aUxRcUZVbDJQR0RPMU54MUlDRWJ3a0tmNEdNcWMtUDdWeXJ5ZEdWakNyaGJYWnEwNVd6T1BOc3hiZFI1bE8?oc=5,JPMorgan,selling,tech,
24f7dff0e23b7bc3,pb_leverage,2026-09-08,2026-09-25,finance.biggo.com,"Goldman Sachs Flags Early Breakout in Micron, SanDisk as AI Memory Demand Climbs",https://news.google.com/rss/articles/CBMidkFVX3lxTFBpaENrZ2VvTUFOVHN3Z0dYVmNtZXJxQlJqU3pQR1RDTldHTExUNDBoYjFrRmJRcnlhaVpEWElUSjZYbVdmRk5MOEpHc1Y2ZzFXUVpYOFVNeC0tWmFjR0prTE4tcEtYeFU1WDBraG5FRTJNWjZyYWc?oc=5,Goldman Sachs,,tech,
ebd78a1dbd4056af,pb_leverage,2026-09-08,2026-09-25,Yahoo Finance,"Goldman Spots Breakout Signal for Micron, SanDisk Stocks",https://news.google.com/rss/articles/CBMiowFBVV95cUxQYzk4UnBwVGV0Tm1kczZlQUh6dUJmd2hSRFk0VTQ2RkF2bEJGVkJiMlZ5NGtYZDJhQWkxRGJSYXJhaUZzNjl2WlcyYzRObTZOZXNtX0J4a3QyYUxzbm51QmRmQ3FIMEM1S2hNcDNadVdjcXBzLWoyaW50SVdQTndsMldCUUExSDZYUGxVUmd4NU1MRWVMX0ljSFFDSmpTang2QW5j?oc=5,Goldman Sachs,,,
973a79d1d4528b83,pb_leverage,2026-09-08,2026-09-25,Yahoo Finance,Micron and Sandisk Soar as Goldman Sees New Memory Stock Rally,https://news.google.com/rss/articles/CBMingFBVV95cUxOSGI0SnFOMHlJcHo4bDN2QjNUbXJFYW5feFBZMm1faE15ZjlPTzhTWXc4eWFuejBhZ0dkS05raWgxOW5aS2t6STNJcUp3RnRLcXd2eV9IUkxSVk1LaXFJWlFDSkFrUVFkSTFvMVcySWw0SE5QM3lLZ2RFTFNMOVRTeWlpLU1aVnROSWRjbFRMTVp6Y2FOVHI3ZDJhR1hLZw?oc=5,Goldman Sachs,,,
3b8b8a1ff10d0064,pb_leverage,2026-09-09,2026-09-25,Invezz,Memory prices could jump 60%: why Micron and SanDisk are breaking out again,https://news.google.com/rss/articles/CBMiuwFBVV95cUxQRXVGeG9oNHYxWldodlZqTTEyY2lFenlmNHBmMElnVURFYU1sZHczSFc3WGVBUUFwLUdPNW1DcHJUNFFHVUVQMjM1Um5GZWdSTFN0LVctbldTNDNjbC15cXRjN3g4elh1SlhxWHItTUZBcExCVlZhcm9BYWM5TlV3VnVQVFJRX2dJLVZ6dzlOeDM1aXp0bjZMekZma01oSV9WeXJIM0x3Ujhsa2E5NkdMQ1lvdFNZc0EtYmFZ?oc=5,,,,
00eb647725eb2719,pb_leverage,2026-09-10,2026-09-25,Invezz,"Why are Micron, SanDisk, SK Hynix and other memory stocks falling?",https://news.google.com/rss/articles/CBMipAFBVV95cUxNTGt2RlNfVnE3TjZOZ3hmZ2oxWVJYSm9CNWtmd3JFMS1NT0hMOUIyS3J3cnhQR0R4TG5ka2t2aHFNRUFFYm5wRlJ1a21ZTWR2ZFVEV3UwcTZ5eXBQbklrekxIX05aSVUyUVJnQXpPc0lTaXFic0VzMkh5cXBfb3FraHQ0TXZkOUVzYmpXaFF0ekhzQS1lWWZTaFJyRkZKSzFPdmdfNA?oc=5,,,,
1315a9a78b0fd04f,jpm_data,2026-09-10,2026-09-25,MarketBeat,Antero Resources Corporation $AR Shares Acquired by Hsbc Holdings PLC,https://news.google.com/rss/articles/CBMiyAFBVV95cUxONF9rLUg0SFdZWWpiTjNNcDlMczVNZC1zNWJpbHUybFo5ai1DRHlXVnpraERwazBmS0c2bHk1cUhJdTNxVjNHckhEZ3E0QlBSSm9hV05neHRJOUI5cVZsN1Q3cU9EdE1LUTRVZ2dXb3Rwcl9WLUw1RkZlYUdCc2lsM0FBcERWSXA3SjBPZTJ0bzVRYWtGb1ZxcTIwOEl3Ymd0cVZia0ZJd2tvNV9wZVUybm1Weksxa3hQN2pGb05OWGlXYWxHWDZzdA?oc=5,,,,
044c1e8e725f7a7a,jpm_data,2026-09-10,2026-09-25,MarketBeat,JPMorgan Chase & Co. $JPM Shares Sold by Clearstead Trust LLC,https://news.google.com/rss/articles/CBMiugFBVV95cUxObThiYkU1NFJDUUg4dk9Kc3l0OThVRVVJMnBPNjVCSTNPZnk3YlUzZmdWbVd3dVk5U0tLaTZpcFdVaHJkMndxeTVWbW05R3ZxQ3dtdENWWEtZZWRnZ1ptUWdPY0dSUm9XS3dDZVpFMkFqQmxuMDZtX1l5c0tjekRvdWRESmtaYWhKR2Z5clBqNzAwZjlfME1ZamR2V214SVFqd0k5UWtUV01Jb01WbWtsZjZJY0FZcDNvY0E?oc=5,JPMorgan,mixed,,
dd37f65e5ba09fc3,jpm_data,2026-09-10,2026-09-25,MarketBeat,"WINTON GROUP Ltd Has $10.43 Million Stock Position in EPAM Systems, Inc. $EPAM",https://news.google.com/rss/articles/CBMizwFBVV95cUxQbHlWWEpjQTNXc1RPc2dNRW5GcVhVSWdkdFc4MjZvRG16cEFaZUhUZUNmNUcyUUU0STc3bmdvZDRPa3k5ZWlaSS11Ukw1eFFqNWEzOUtnLW1sMGhzc1ZxczF2QTlUNGNBemt6V1JmWl9nWDE5NlJMekcxdExRX1dkelZCdXd0bUlqYnpZWDFZNXVVdDZFUXFQMUlhLTZ1ZnlmX1JFZmdhVUQ0a3d4Qnk4dUZBcHkwcnVwVzZ6NlJwWW5QUFlWYmE2ZEIwUzFPQjg?oc=5,,,,
209f711537fb165f,jpm_data,2026-09-09,2026-09-25,MarketBeat,NIO (NYSE:NIO) Shares Down 2.8% - Here's Why,https://news.google.com/rss/articles/CBMingFBVV95cUxPNXBvYy1ZY1B4TS1sSUpRSzJuMWc4Z2hWdlJwUlJhOWtsQ09Cd2loLXJiLWx4RXVpTVhoWHh5NmZobkhRbDNxVTRQaHFxRHVnQ1dWMnd4alpERHZDdjZhc21xaUJOS3ZsbnF4eG5IaTlJcTZCTk9iR2hweE9HNzFod1NoblZwR0NFc1VTQXM0bVZwT3JBUlJiS0VkZWU2dw?oc=5,,,,
a1ea3ec1cf8f7790,jpm_data,2026-09-11,2026-09-25,MarketBeat,SolarEdge Technologies (NASDAQ:SEDG) Price Target Raised to $44.00 at JPMorgan Chase & Co.,https://news.google.com/rss/articles/CBMi3gFBVV95cUxOWkhoMlp6V1liQ0RYVkNVeXNsTWJrc1Rjd2dfQi1wUE05Y3NLVFVKTnpCZmE4anlGZUlJcjY4MWJaSVNMejlwTVBPZDZud1BNandJZUJFd29iRDMzOWpCSEVxVVExYTBvOFhnWFBydXBxUVFwdVVaazBHMmpaamhOeDMyT1JfUDdnano0dFg4TXhxWTY1NTAyNEFfOFBtMzNFZE54NHJ3aTYzb3VVX2wtT0VaVmlrOGE4dkxRTk91YlBxY2tpY2MwWTVoQW5qX0ZmUEptVEJaemEwMjBHTVE?oc=5,JPMorgan,buying,,
0e9afa2e0e98768b,jpm_data,2026-09-09,2026-09-25,MarketBeat,"Kinsale Capital Group Inc. Acquires 6,075 Shares of JPMorgan Chase & Co. $JPM",https://news.google.com/rss/articles/CBMizAFBVV95cUxPQWpZLTZSX3RzS28tZ2NJV0xEWmo4bC0zWW1HZEd1T2Z4UHpuUHJ2MlZuY0pkR0JpNFRycWVNSW5lT1BrLXZSaUtXRUVlbk1Zd0t2eWxDYzNZNzU2dHQzY2hRYUJYUU1BOGphOFJ1Qnp4TXJnUlVSbE5wbk1FbkpJRHRRcnAxT3RsQmxvdWEwNVJKaTltSk96Mjk4OUVjempiWFV1RUVnbmo1N0hOYXhYdHAwcFhDLVNtZ0h5MTBIcmVjRXBaRHY4TXFXZXk?oc=5,JPMorgan,buying,,
553e74c4e61e4ee8,jpm_data,2026-09-10,2026-09-25,MarketBeat,Mitsubishi UFJ Trust & Banking Corp Raises Stock Position in JPMorgan Chase & Co. $JPM,https://news.google.com/rss/articles/CBMi2AFBVV95cUxQblp3cVJOMERaNENkTnpiR1NuYUJVM0xCelpyX05iSnV2VmlJNHh2bHBYUmdZVEp0bmwtLUFQemI4SzVNVWpZVnU0elBmWEVnaUVMcVZ1dTd0Y3BIcVBuVlBmU1FjUXc4ZF9xaUJpVTZLQlQ5RDVfbEFLSzF5ZzNlUHp6UFp4UHg0aWg0QnRXaVFYTjYycjRreG1pd19hUjlKWGwwX2lWNEFhRmhBRUQxM3RrZ0RPYlJZQTBVenRQVWVXUlEzQUpLU0ZDQXg5NlZkNW9NYlpDWFM?oc=5,JPMorgan,buying,,
58f76f3693befeda,jpm_data,2026-09-09,2026-09-25,MarketBeat,Weil Company Inc. Reduces Position in JPMorgan Chase & Co. $JPM,https://news.google.com/rss/articles/CBMiuwFBVV95cUxPUXpDU3ZSQUxudHN1bFJVUzlwdzZ2Yy02dXRwMzlnU2h5Yk5YQlNCeWlCSEJRWVYwTjgxQl9pTVBSWnFZR1duMjh0S2VDWE9LTERlR0RfekRGS0xOX3BDbzJZaFQ3blRZNzRWWW14Q2N4bW43Z2ZTdE5DVXVPSTJTQUI3cUVWNWxYUmo1dEVXaDBwU2JaeTViRUtMU3dwbmhrc2E2UXdSWHVFS004MWUwV3JHYXJCZlNCUjJj?oc=5,JPMorgan,buying,,
258633721b3eadfc,jpm_data,2026-09-10,2026-09-25,MarketBeat,Stonebridge Capital Management Inc. Takes Position in International Business Machines Corporation $IBM,https://news.google.com/rss/articles/CBMi8wFBVV95cUxNdWd2SWRxWVdueEdaYlMzUHFub0tJZVBzMUZ2M1NrY0VqZkVtX3BWRGFURlU3SVRubzlEMk5JSk9ZLTRVUzBtcmtqMEw1eWJfZ2RhU21zYmlhVVJtejlUS1hMRXBmUXJvejZicTRFYWtfNFc2UzNmZ3doa1BVUldVdVBmY3NJZUp4bk9CTnFzUmsyZHV3dlBmQkJtM2pEWFU2Nm9UNHI1ZmtWVEozT1pqN0k4TWtyRDVZZV9sdE1JWkVvNndVMFRTbTNqQTMxaFFRaUVOYWs2ZzJNVkhkcXZPeW9ER21iWW94OFA4MlZCalpYSUE?oc=5,,,,
bc8345ac917560cd,jpm_data,2026-09-10,2026-09-25,MarketBeat,JPMorgan Chase & Co. Has Lowered Expectations for Vipshop (NYSE:VIPS) Stock Price,https://news.google.com/rss/articles/CBMi1AFBVV95cUxOQmdpaGM3SDFsLWNlZ2dXV284OVlaaWVhYWhFSFJoamVKUXVkT21DUFRBaFNvT1Y2bUdWMWlFUU16RUZXX2I2T3F3RkJNYkFqMnZBSmlsa3JBT2Z1cmM4TWQwSDZWWXU3aTFjTUgtQmptU3FsRndOTHNzSVFEVDY2MzNPTGdLV3dDX3ZzeTEwTEx1Q3pqYVU5alg5ZFItY3l0TGZETFhNY1JNYTV6SDUyaEhsQndfOTlqeEdaampCSDU2bzUtNUpJUXJoMnpiTWtPOWlkNA?oc=5,JPMorgan,buying,,
3bb28f437f56d2a8,jpm_data,2026-09-10,2026-09-25,MarketBeat,JPMorgan Chase & Co. Reiterates Neutral Rating for United Rentals (NYSE:URI),https://news.google.com/rss/articles/CBMizgFBVV95cUxPZjFOSGZHNHVfS2JFazZpRzBnOWhaempzRFdqMUJrcFVkOU9YT041MkR0eGRnLTdDOS1vUG50aFZ5bXctN0hIdHhLYjdYRjl0OUx3Uk5IeHQ0Mk9ya2RVSWtwYjBodmtSWmdVbUFkbXdhdTRhTUlCcjRfanV1aXZOWnVNZm0zNlpPUVhkeFVIZlN1UmJCVndtV1Fjc2trWVZELWswaXlvb2h5MF91Mnpjeld2VllfT3M2alVWQTVqejJrODhIZzBZeEtvUVhQZw?oc=5,JPMorgan,buying,,
03a9bf83126d62dd,jpm_data,2026-09-05,2026-09-25,MarketBeat,"UBS AM a distinct business unit of UBS ASSET MANAGEMENT AMERICAS LLC Buys 24,407 Shares of Ormat Technologies, Inc. $ORA",https://news.google.com/rss/articles/CBMiiAJBVV95cUxQRFBaenlpTkxVUEFVazlPdWk5bXk1UU04VGdMaFROdXgtT1ExV2JRUHpEMTlLNGZkblZWNEJROUlIdlF3TEdVNE4xT3R2ZmRkM0JUMDVNa2ZWcVVTWm9VZF9jeWxET19JRThFMzRiM1dOTjMzbkxrak8zYUtvcnBpY0hybm9ZdHNFN0paV0ZWYUVpUC1oaThOa3JaQ19GSWZOdll0SlQtNzY0eXFmblNfZWxrY19Lb2Jja1d2UDJZX1RuZzYyOHhKYmw2UkJjalVnNTBIVVcyeXY2Uk12M0dEd3JZdmx2RHZZZURjYUlEanQzSWltSUE2MUI0TEZmTDkzSW5rTmtMOEU?oc=5,UBS,,,
2ecf0a2d1e4f7bd9,jpm_data,2026-09-11,2026-09-25,MarketBeat,Hsbc Holdings PLC Makes New Investment in Openlane $OPLN,https://news.google.com/rss/articles/CBMitwFBVV95cUxQVUZZaG1odlExZVVOUG5yMV92UVpkRWRmck5fYzVSOHVTVnlMdW15M0VINm8yZEozQXZnRXFUNlR3c0hyaUNmVnR2V0Q1ZmhUcHRUdkdxeDE5MGNWSndfME9nbEc3aHFza1FIZlh2VkRLVGNnR0xSeHBsT1V5OE4yNklTcUFPc2FEMFhaWVNLSWEzckxfQnYxNWVZakNaU1R4UmIyRHNhVkV1YlhQMDVkTTJWWThNc0E?oc=5,,,,
4866619fea20cd3a,jpm_data,2026-09-08,2026-09-25,MarketBeat,"Saudi Central Bank Acquires 6,502 Shares of NetApp, Inc. $NTAP",https://news.google.com/rss/articles/CBMiuwFBVV95cUxNUWl3VVU5QXhaWkNQYlhiRllDbjdncXVHbzlfeEpGM1V2UzJFSV9hTE1BdGJ4SkVVMXM3X2FaVHFNWUZHNlZRNVpxVmltNmVzaENsZy1NTFo4N2F1bUR5UEpHUGFPbnhmWDhVRGlIcDB1VGZhbDNpdGxqZGllZWlBZ2pGQkxJeFdxLVB6SFRrS3VKSkd2bEtBYm5aRTUzNkFFMmJVSlZLSkw4eEM4TzNlaUZPcXB4UG40enNJ?oc=5,,,,
4a3947431e52141a,jpm_data,2026-09-11,2026-09-25,MarketBeat,Ameritas Advisory Services LLC Purchases New Holdings in Energy Transfer LP $ET,https://news.google.com/rss/articles/CBMi1gFBVV95cUxPUVZaY19oa3o2eC1ZNm9uMmkzM0E3WXdUTlFOdEt6enlZQlJuWVJfb2N2U3B5c3lnNU9vbmRFSHNicnpZejk3blJ6UVZrMFFYMHloTU1PVk43SmJEeEtnV0RTRGZCSUZLOXlzblRWOTlqZ2x2Q19BSE5NUFpFVnpram02QmRpNWNQUFctSjhDQzRwdVhwbHRtQU5jc0lYcUJLZ3oxSFRSXzJ5RktJRHdrUW9ZOXBmYlBGc2FfUE05Q1ZaZGlGR3hMUENaUnFEazZzOTdKLWRB?oc=5,,,sectors,
85d9e0d12b548168,jpm_data,2026-09-11,2026-09-25,MarketBeat,News Corporation $NWSA Shares Bought by Engineers Gate Manager LP,https://news.google.com/rss/articles/CBMiwwFBVV95cUxOUE5yUG93cG9NVDNMeUtqdksxTTcxbnF6c1dOUUcxa3BzRXRoU19mdWVlT2tXMHlYejFtVnFsM1BJM1pzSW85NVJkQnN2RUhucXNuVUhuYU1IN09UZGUzNWlWU2NuZjJqbm41Y2gwWXJ5T1c0TV9mX3U4ZkRwWWI4bmVkQmlHRkxqbG01NUw4NWN6Y0lxUHJhYzdOQnQ3MXJWMk1uZXl6NHVtS1B6alUtaVppeUJjcEZxNlpCMHJ4cmVzRDg?oc=5,,buying,,
10cff2a5563ea8f7,jpm_data,2026-09-05,2026-09-25,MarketBeat,"Wellington Management Group LLP Acquires 4,197,157 Shares of Suzano S.A. Sponsored ADR $SUZ",https://news.google.com/rss/articles/CBMi4AFBVV95cUxOaE5acjAyc2Z0WVhVQXA3WlZDa1R6c3ZESVg0YTM1MnRKc2FEVDhZZVlWbDdibU9MU3ZCd0pzTmNwUnpTak9DOWxxUjktRGFOX05zMDhQaE53OVRUSnhEV0x5ZkFhX0cwQ2hCc2NZS2lEZGFIelY3UW8yS2lZSVJ6QVpyeC1wMWcwUjVkMjltckFXTDhXWEJrUTBoVW16aU1UNnAycGNIZ0lWRlJ2b1oxX0diT0UzTWhVU3BFYkNXTjNjTklTSHRFdnh3NGM3T2ozbVVad2NBSzhiS2xfb0dIZg?oc=5,,,,
71d70130adc8430e,jpm_data,2026-09-10,2026-09-25,MarketBeat,"3,590 Shares in International Business Machines Corporation $IBM Acquired by Magnolia Capital Advisors LLC",https://news.google.com/rss/articles/CBMi-AFBVV95cUxPdTFZUEFOMHNnbHhtYXBvR01aTlVrZk5NLTViNlNoSS1IajFsbFhjVF9aZm9sX25Eelp3bFpEcWFOVmlLRkNmTlFsR3lwOTJpN216NlhJRnE5SXlUalRMbHhEeEF3ZEpwczZaTGlyNHN6NjNfNEI4TWhGajYwU1cxYTJmQktCZXhGeXVQclJueDRYUE1EX2ZoVENXTVdrNDBVS2gzbGo4ODFRUHd3YW9TYkVsLWNKZjBjd2V3T0V0dEFONkVDbEY4Mk5jMk9VRFdscS0yNjI0MFlFdkJEanFGX3MwRjRKSWdyZ2w1bnZJVXhQa0ozRnJYRg?oc=5,,,,
38660769ced160ac,jpm_data,2026-09-11,2026-09-25,MarketBeat,Sanmina (NASDAQ:SANM) Trading 7.1% Higher - Here's Why,https://news.google.com/rss/articles/CBMiqwFBVV95cUxOaXRCXzhqMmpmNzE0QjZBTzJCd2d4ZmZ0eUpUWjFxVTBCNzhDOWUxSmlKcV9NZllMUDBYWkhybEtDdEpsbEw5cjVsdnhScjhkdWh1MGJnQmZoaWVCRzF4aVBSVjR2MVZETFg2S1FGU0hBamtONm9kUDZjOXlqanRPVnN0RGZPZms1Q1oyTl91QnNfdVlyU29SdFM1T3YtdmktUDFYNkdJdXRQQjg?oc=5,,,,
61e9ae4d9db42be0,jpm_data,2026-09-07,2026-09-25,MarketBeat,"Bank of New York Mellon Corp Invests $2.78 Million in Olema Pharmaceuticals, Inc. $OLMA",https://news.google.com/rss/articles/CBMi2wFBVV95cUxOMURYeGFUblVya2ZnTVdKa0pSZlllTEczcG9PTkQ5VkVzRzNRa0xyRzZIbnlMYldFZ2xYNDR6UzlLMURiX3A1RDA3UjlMb3Rwd2lySmx2dXAyUFRvdWoyQktCdjdLaE5iaWxVVFYwUVhVenEtT19fTHoxNzFGTnlfeGt2ai01VG1VcnZJYWpzakx2UWJENTE5dWc1SzNLSk4xSVpZVGxaWEo1TGFrVVctY2lLeFpraUk0TWdKejZJaEZPQ2d2cXhUUWJuRTI2bVplcUdOMzZvYW1yTFE?oc=5,,,,
aeb385bf6cdc1fd3,pb_data,2026-09-14,2026-09-25,finance.biggo.com,Hedge Funds Just Went Heavy on Tech Stocks—Right as the Nasdaq's Key Support Gave Way,https://news.google.com/rss/articles/CBMidkFVX3lxTFBRcGZHb19lbzF5cktGcmlUSUstNWN5U1FZQjQ5X05oWFZmX2ozUVBTLUctd1VRNWtBcFRIaUs0TTMybjVQSkFoZmtVcXJhWkJDS0lCbHdJbld0bVhVYnZVX1NNMU9rckI0cDBaQV9UQTRPb1BveUE?oc=5,,,tech,
c09a6bc9cd7772c6,pb_data,2026-09-14,2026-09-25,Moomoo,"Hedge funds have just rebuilt their long positions in technology stocks, yet key support levels for the Nasdaq are already beginning to weaken.",https://news.google.com/rss/articles/CBMiqgFBVV95cUxONzBEZ0JrTXNjR1Y0NmMzY1Z4djQwSWNzTC1qR0VjYTlyR0RnM1ZXV0E4YWktcndzbjc2a0x4VF9nMndjazhrQ1U2bW9HZERqcnMyRGN4MTFqMUUyVkJITk1KSUlZbnpWMWZLWEl2dWMxbDhoVF9FcVlaMEtnY0FKRTY0VDVscG5NSEhzS0hDNW9iNU1LcVRNUnpMOGdwa0M2QkRnNUhpYVg5Zw?oc=5,,,tech,
0e201985c5df9824,pb_leverage,2026-09-14,2026-09-25,Banking Exchange,JPMorgan Cuts Lending to AI-Focused Hedge Fund After Losses,https://news.google.com/rss/articles/CBMisgFBVV95cUxQdDZFMUxQcnZDWlZtZ1hjTWJlcE12cDFDOE5RQU1rTTIxalBEdWxvaU1mRG52Z2hOUGpKRXB4RFVXRnBkbXlfRzdwQ1ZOekVnRHhsV1hXTGdVUzNHVEhvU1FrUkg1YVBSX0hBVzdLTGVYRnl0NjFHbDNON2REVHpUYjVjUlZqblJDVVRxSzJ5SXNTd2s1XzJvMlJQS0duN2NTLTB0aWNzNE9kdnd0amtYQ05B?oc=5,JPMorgan,selling,tech,
d9a9a9e3afb104f4,jpm_data,2026-09-15,2026-09-25,MarketBeat,Dave (NASDAQ:DAVE) Now Covered by Analysts at JPMorgan Chase & Co.,https://news.google.com/rss/articles/CBMiwAFBVV95cUxPT2dUZkNQaE13T3Vkc1hlamxSMnhUM094U2pHSWJSQ0h3ZWlJeXdwQU1oaGd5S1BpNmY2ajdfbEs3S1JFclFDdm1LYmpwRXQ4aGE4RWhxZDdoZU56MVR2eXBHMW5QSDJIM29Gb0lsUmNZUGthRTNhdXJwM2RONUtiQlBzbzlQUzM1eEJGYUo3M2w3dzU5UUhNODYtM2xoclNjZllPVVBCSUdoYlF4aDh4cHhaSGVBNFQ2SWVFLWoxQWg?oc=5,JPMorgan,buying,,
12b81050a658d1cc,jpm_data,2026-09-13,2026-09-25,MarketBeat,Trust Co. of Vermont Buys New Position in JPMorgan Chase & Co. $JPM,https://news.google.com/rss/articles/CBMiwAFBVV95cUxQZjc1VEFhV1k3WE5pNkNaZllmclZBSHQwNXJiLWt5OUxLQ3dGdVNsR2Q1dnhVWl8xLXN0b0ZFVVg3UmZDMEZSdWhqXzFpX1pKODdGYmZtVU1KdW43clA3Y2FiajdlYjhsX3FqNHEtYXg4Z3pVR20tV2VsY1NEd2tvRmhma0RsNHJCNGFCc01DbEJYVC1VOTJPNnlOdHZhQVZYSWhFN2lQdUNxcWhiU3BlVjM4cGQyQ3dEZkJDTmpoUFE?oc=5,JPMorgan,buying,,
2142421dcdedd714,jpm_data,2026-09-16,2026-09-25,MarketBeat,JPMorgan Chase & Co. $JPM Shares Purchased by Vise Technologies Inc.,https://news.google.com/rss/articles/CBMiwgFBVV95cUxNb2xGZzdrRXhWTlp0eDk1N2dCaXFKVEVRZWpoVjNQekhSYXdhNDZlUlpmR29LMEdzdUU2NGduZDJSQ0YzdnVHbnNlTTQ2Sm53ZWd0Q0ZTRHExTnpwZzNUUUNxa0R5RGUwX3dQV25INUtROEpaQjhJZUtyOGRCbldMZVJRb3A2WXJZU29OZDlnSmUxTWtRYjU5NXZmS3RfbDNfSnpOMDZEVGxYeGp2M01tbGZZMVQ0SzdEeWhXRkhvNkI4dw?oc=5,JPMorgan,buying,,
d0d3c7e1708e25b5,jpm_data,2026-09-17,2026-09-25,MarketBeat,Ceredex Value Advisors LLC Trims Position in JPMorgan Chase & Co. $JPM,https://news.google.com/rss/articles/CBMixgFBVV95cUxPaXVlY1pEZktnTkFvNWg2UFJUVHhQTl9SMnRMUzJiMXNKX2pGWnF4d1VZT05qOGllZDdWVVoxbUROVEFYY0duWGJybU5mZ192WmdWRUJkTHJOYTdtU1Q1ZDZ0U3FrUm1rMTB4U3JEZ3FPZ3hhcEdsWm94UXdvNjd1NU1zUmE4LWhqTFZpa3kwUko2RkdPTGJ4UzMweUprcjh6b0E2ckt5dlpXcUJ6RG9zUUF4Wm1kbVdzXzdrdTIxdG9nbWw3YVE?oc=5,JPMorgan,buying,,
74c10fe8a1591871,jpm_data,2026-09-13,2026-09-25,MarketBeat,JPMorgan Chase & Co. $JPM Shares Acquired by Mitsubishi UFJ Asset Management Co. Ltd.,https://news.google.com/rss/articles/CBMi1wFBVV95cUxQVXJZelJybE0tVTlGYlA1dFRJT0F6ZVN1ajVOOHhpSGF6R21Va3pRUHo1TjVGNUpNVkE3T29YaUJqN1h0LUF5QnpyVXZKZGJyR1loRDZXWTVqYkJ1MHduU1ZJNldOQ01pZlJoMVN1ZnphdEpZQm9TZmlla0Exa3dIcFRDZThfNEJKaGhCR1RWcXhDQURvTFlzOHBxN1ZSUjdGNmZhQ3JFTGRYbzZuamkwUlNHeVowTVBkSm1vdnQtdnlDc2tRamN4dTg1cHA5dWUzU1dQeUViRQ?oc=5,JPMorgan,buying,,
34c96f64e3aa5510,jpm_data,2026-09-15,2026-09-25,MarketBeat,Lear (NYSE:LEA) Given Neutral Rating at JPMorgan Chase & Co.,https://news.google.com/rss/articles/CBMiuAFBVV95cUxPcEZhbTYwYWVVUUNodlBTOFFCV29DN0FteWVHVU81OE1rbnNTZXVFbDNxWWhob2paZmFnWmdSWEo2MnZNVkVpTlVOUjV0bFg2SERQZTJkdUE0d2xZdzV0SHJDUTNCV21DQURPRXJ5Wkg5d1dKT3BXV05ZMEZlMXNLU3N2TnZuM3NVYkhGMFlPa1hLYWZCcmhTMW9ZUDNSUmw4el9ZbWxOZzhuWndHUldZemtpTFI5RVlU?oc=5,JPMorgan,buying,,
e5176f90d3c9b05f,jpm_data,2026-09-12,2026-09-25,MarketBeat,JPMorgan Chase & Co. $JPM Shares Purchased by Trivium Point Advisory LLC,https://news.google.com/rss/articles/CBMiyAFBVV95cUxNTHE3MnU2aGpfcFBVcmlpNE1DTF9KZjRxakRpdkVaZWlUYnpBTi11N21NUEE2X2hvZ3h1dmYxNkRKUTZmaGFEZ182TE85c1hhV3ZzR0dleVNuZ3JSLUd0R1lRU01IMFNHRWpUR29tS0MwOXBFb3loY1MwcmpaZTdoSEN6UnhGTnp6S0VIYm1YS2FVaXZYM3ZMNjN5c1VXUlhJRUxBWmJNNlRIRGtQN3h5Rmt1YVROREg5RFhvcmdTTE1mcUZYQ0NOUQ?oc=5,JPMorgan,buying,,
875e4d8f95998daa,jpm_data,2026-09-16,2026-09-25,MarketBeat,JPMorgan Chase & Co. $JPM Shares Purchased by Advisors Capital Management LLC,https://news.google.com/rss/articles/CBMizwFBVV95cUxNQmw0bkt5bVZqQTBRdS1VM2RjdTJQclBtQzlJNDc2RE5rbUptdUM3QURSYmlmdzZja09kQm9IYm9oWlZKZEtGZTQzbWJPcFIzZjVVb2dBdmNPRkFSZmhCVTQxclM4d2VpVmR5MUl1UWV3WEVVUXYzSDBiV3p4QXpuZk96QlBfdVYxeHhPVEJTdVQzMTJYQ0p5Z1hKMDZwbnpqUlloVEM3Q2p2eVNULU5udzJmTmI4UVpSSmZyRzlpWTZDVGVlMzdQTnNtSEtENHM?oc=5,JPMorgan,buying,,
b3ce4704054f88c7,jpm_data,2026-09-15,2026-09-25,MarketBeat,Stevens Capital Partners Boosts Stock Position in JPMorgan Chase & Co. $JPM,https://news.google.com/rss/articles/CBMizAFBVV95cUxQTXNIYkNUY1o0SFJzNHVkOHhBMEw4NFRDNTlldlVhTkhsWkdzNFg0c2NTYTRJYUMwMGdPMGVRTklsSjBiOGlOZFM0dXRWZTRoVlBpcm0zMlh6bnFUcnNTdHk5QzY5bnZHT3ZmX2lSdmtMSzZ0OGo1MER5V3NCTXlkVzdxb04waHd2bDRHdXl2QndBWHN2cGdrNDgxS0EzYkhFUFdQbFdhY19mTnREQ1pwV3Jra1V5X3dRMEpVNVpUa2RNSGVBaFZUQXA3WGw?oc=5,JPMorgan,buying,,
57983bfe10a4826e,jpm_data,2026-09-16,2026-09-25,MarketBeat,"OVERSEA CHINESE BANKING Corp Ltd Buys 9,149 Shares of JPMorgan Chase & Co. $JPM",https://news.google.com/rss/articles/CBMi0AFBVV95cUxPRmtFMlYtamN0V1BCWF9mV185c0NvMFZfM2w0d255RjU0YWh4RTUySEU0di1SRGdnWnRPZXZYTG84dGtJRzJ5d2x4RG1acVh4TENuSm0tYlBoTy1EREtfYTVoNk5lR0twVWRseE8zcnhGcFFCbnMtUldGNEgxMnJwNWQ3YjIxZDl4NzFfcDVTYVJkaTlIU2gwNUthNk9GZUtob1BkTjNmZEpyalVVQUl4LTNZYS1RYW55RG1Ib1pVVUltaGEwZUZkb0RIYmlKS014?oc=5,JPMorgan,buying,asia,
fd3138c7533b6cc8,jpm_data,2026-09-15,2026-09-25,MarketBeat,"Engineers Gate Manager LP Acquires Shares of 14,864 FedEx Freight Hldg Co $FDXF",https://news.google.com/rss/articles/CBMi1AFBVV95cUxNNkZmOUE5Vmtvcjh4RGxNbmh0WnBnN2pJWWJISlVzUm1CLWl4cnNlZERMS05Jbjc1TExJTm5Dbl95RUdLMzdMNl9qQlA5aDBYbzZBQ3Q1RDhuRTFwWTJFY18zRkhvQUZFOVg1UnB1b2E4cXBhTHl4VkZKLTl0MnJzUVpwOEhqcDgwcFBQeG9mY19GS25zT1VGUmVEYVk0aEhQQ0lGOExyYndNc0xEYzlLVXhScldXRXZxa3NZMnlZSVlldjEtTXJ4OUUtTmRiVTlSSFJzaQ?oc=5,,,,
a86275fc9ae4aa87,jpm_data,2026-09-13,2026-09-25,MarketBeat,Oak Barrel Wealth Advisory LLC Invests $1.92 Million in JPMorgan Chase & Co. $JPM,https://news.google.com/rss/articles/CBMi0gFBVV95cUxOcklUckRGc0JBdmxjV1c0RzVtV2drZm04NHZ6bS0zd0J2RHVwT2l4M2laNGZTN3B6MWg1dDNORHRvdTVzamR0emRtTW0tLUZDVjNlS2dpdDYwd090VjZMaGR0ajY0YkNhaVZib1JLNVNFYkhwOWE2VTRDWmU0bnZEU08xX09COG8zS2lTbXIyZENncWFKWHhPUnZoZGlNaEdzb2FJRFhyT1drcFBZWlRfeV8ya3V5YTZhV0JrV1Z6THlXNHQ3UEtERUhLVHZKWGdEY3c?oc=5,JPMorgan,buying,,
5e8d7db9d46732d9,jpm_data,2026-09-16,2026-09-25,MarketBeat,"Grupo Aval Acciones y Valores (NYSE:AVAL) Given ""Underweight"" Rating at JPMorgan Chase & Co.",https://news.google.com/rss/articles/CBMi4AFBVV95cUxOX2FsVXZacGNiYUp0VlVUWVA0ejR2eHdxYVRDSFZVZzQtcDFKa195MGNaNDF6bmJjaHhQTW44b1BMSG0tcU00dUFoVkYxdGlpVlZOaHN0dmNkRlZLYXktWVZxZkdFRG9Wd2d3U2J0VGo4bnNfbVZDbFc2Z1prTy0yMDV4aTdDTnduR2U5VHdkaUotZ2Z3RGhSZzBvbUVGeTlWZWRiTllKRWNPcklPbjExb3IxaTE4aWc0MmVhSFFHeXV3R3NPRTdRRDUyWkJJMHVJOVJxTnpVTm1CeFZxMzJoQQ?oc=5,JPMorgan,buying,,
90fc90017e475843,jpm_data,2026-09-13,2026-09-25,MarketBeat,"Danske Bank A S Increases Stock Holdings in Meta Platforms, Inc. $META",https://news.google.com/rss/articles/CBMixwFBVV95cUxNVjVOcmU1aFFYN2M4LWV1cHMwQ3QzM1NrMkZfcW5lNEd3a3FtQ0t2UXcwTjlScm1UaU9ENFNqbm1jZVJJa1JIUzNvc1lua3ZRYVprVzB6YTZuNE5zZlZZc1AxcHlmeTNYTTZLQS1lUnNHWTNBSGhSckgwQjFJb0FUY2NMQkNTaG53a2ExZkVOZWM5bTZ5ZVZmZF92eEFmR2Znd1JDQW1VMWkwSVZweHhFVG9jN25JeXRPUUY3QWFUT2YtSGhfSXFJ?oc=5,,,,
9f081a4ff523fe45,jpm_data,2026-09-15,2026-09-25,MarketBeat,Danske Bank A S Increases Stock Position in JPMorgan Chase & Co. $JPM,https://news.google.com/rss/articles/CBMixAFBVV95cUxQMWdtaDl6UXctTm5BaXFsMWoyUGJMb1RwUFo5RWQtcTVlaDlrUmJBOFpqWlNlODRobTVRLW0tSXFGcHM1aDdMWnFQU3RoTzVBUHJiSURlQzE2Tm5tWXNQRjZ5eHVkVXQxNl84Nno0TXNVUXJwYkJxanRvbWVYQ3JDTWpWR2k4bG1qRUhadmJPQ3A5S1RTejhTSlI4X1Rma0otZGJYeWN1OWh6OEgzdW9Od3V2eHV2Q1Z6UEpraUV5dG1nejlT?oc=5,JPMorgan,buying,,
e8b52db5ad11c40b,jpm_data,2026-09-12,2026-09-25,MarketBeat,"Wellington Management Group LLP Invests $1.08 Million in SK Telecom Co., Ltd. $SKM",https://news.google.com/rss/articles/CBMi0wFBVV95cUxPcEZNa0Z4bFhZN1JrNWVSM0NZUVd3SkZmbl9Gamg2YmZmSS04c0dzbHVmSU9MS1dOM0ZBcS1BalpNOHVpOTNwNkRrVmVWZ0lhNmxfaURjcVlqSnBEWGIyWGFVV0dGZ1draEQtWUtjSjhScWxoa2tndEhqNUFDeEpkUEE0WGFUUHdCWE9tQ0V3eUpEZEwxU0tPcG5JMEljTnVUeUVicUpIRVU4czlrMEhPY21IckdFX3lRTl9YQTAtdEVYSjA3Qm5FX1o4MUNTNUlvWnlz?oc=5,,,,
54da8a22f98048ec,jpm_data,2026-09-12,2026-09-25,MarketBeat,"Tapestry, Inc. $TPR Shares Purchased by NewEdge Advisors LLC",https://news.google.com/rss/articles/CBMiugFBVV95cUxQTU9scW4wVFI5OVl2eldnVUliSEVreU02VnZCbExWSEZYTlI2cFotQ2FPSjlvSDlZR2dra0l6RnpqLURYWk1HWnBMeENyUEg3UUlDcldmMUp0Y3c5RmJFeFJlLW1yLXZOYTlSUm5oWXBxWmJzWDhVcS03N2tlY0psM0FqSkgyc2ZjaDZ6ZU1XVzRzVTk3WjBoODZkYlZrZ3NubmVVQ2NJWjI3Ui1KNEh2eGQwVUtMUHd3MGc?oc=5,,,,
dcbb39405a5c9322,jpm_data,2026-09-17,2026-09-25,MarketBeat,"Transdigm Group (NYSE:TDG) Price Target Lowered to $1,415.00 at JPMorgan Chase & Co.",https://news.google.com/rss/articles/CBMi1AFBVV95cUxPZ2VyTHBLWU1mTjU2eV9wRnB1cnVfZER3TlBpRVRUNlpuT2hiMTVKMXRVeVFPTmNOUGt4a1M2VU9na1Z1WFMxTzJKQk5FWEZKSVU4N2hLbEdGVUhuTVFIWGJXSXpBUnczUDY1VVZBYzVJM1JZVnhQRlhFZEZVa2d1TGU0dE5JZGYtWERoTGdfYkVxcDVrLUJERGxpTURCeEJCMFVOU0dXa0x0N1BOaDNUYW9aQm9fMXNQMG5MeFZDV3duNU1LV0NndFM2QTlKcUNaUHhSRQ?oc=5,JPMorgan,buying,,
26634f062249e1da,jpm_data,2026-09-11,2026-09-25,MarketBeat,RH (NYSE:RH) Price Target Cut to $190.00 by Analysts at JPMorgan Chase & Co.,https://news.google.com/rss/articles/CBMiywFBVV95cUxPM2NqY0xfYmh4d1gwdS1BdzBRQnBSaW5ZdDhlNUk4MTg5R2hIMXBnaXB6UjZvVzNNQ2dSaTkzUUkyNkFMN2xFSFpVYVZyOGRFYUd1U2RXN3JMQnZBbmZkUUNNd3RmeHJiekZEQmExMVVMTU5UZjN0bjBldktkQ2ltUlNNTVhJT1lfZ2R3eWRTLU5tUEhvaF9teFBGa19fZkp2cXl0ekNoTXEtLXVnUkd5QmF3QXNVZWZTaWVkaFNOdkVJXy1tNlhZRUlrWQ?oc=5,JPMorgan,mixed,,
d3f520326329d340,jpm_data,2026-09-12,2026-09-25,MarketBeat,Tidal Investments LLC Reduces Stake in Sanmina Corporation $SANM,https://news.google.com/rss/articles/CBMiwgFBVV95cUxOdWJGTGxfMGJ5TjJNRi1neUwxdkQ4bDI1R3lQU0FZZzZuV1FKTmxuTFZMbmZyV0cybGlkUzZLWUdnY0JQbzRiMDlzWm9pQmF2cE1qcThJcHBIbnUwZldpcjU3bjNmTzZ2dllhc2otTU1pa2I1TWxPTzZjWVMzUWlGdk5kTThNbVREZ2NfTjl5TVNkSDRIOTdsRG1adGs5N0NCRUpINFoyMzhyYXdUQTJHSl95akNZMjl4QVlGZ2lrMUpfUQ?oc=5,,,,
7c8c7ed6b6065e19,jpm_data,2026-09-13,2026-09-25,MarketBeat,"Meta Platforms, Inc. $META Shares Sold by Empirical Asset Management LLC",https://news.google.com/rss/articles/CBMiygFBVV95cUxPTkpNRG5HYlRpS2xZMkh5QS0yN2JtU0tseTZrNUNGMHdZeC1td0FQVEM0LUlfNlZSc2NGUDlEa0RZTUs1OGNWMFZPdEhybFUwVm8xbWxhcUlvdjhhYnotRjdQZ3VRNVRpWnRhNGozc3RDem1KMTRhVUxuZ21rb3d5ZGJaZURjRFJFdWtfcHRpemF2aHNvYVpRaGttUmdNUko0aVAxRW1MTVdOUmZoS3g0ZHpMTExuNV9CMEhTRS1rQnlNWVFqZFVQT3dn?oc=5,,selling,,
cf46214d61f9ed56,jpm_data,2026-09-14,2026-09-25,MarketBeat,Patria Investments (NYSE:PAX) Reaches New 52-Week Low - What's Next?,https://news.google.com/rss/articles/CBMiygFBVV95cUxOaFZGZkE2TVVqSHdlS1dXd1c4WGVYWldmODJpUVhIQm1FaVh5eVJmSzVDSFRTRUx4QmRES1pKOV9TX2tIeWp1eFkwWHBEQ1ZFQmZ1alMyRFRtQzdNMTZXc1pPbWhlMEE0WThZcTdZRl94YnFPdExfQ3dxZ2xIZWhCNkZOcmlIWlN2STg0OUNnNFE1b0U4VDM0VnNKV1NWTkppN09JSlIweXkyWHZ1eGV3UWdXLVVTaTc1OWMwcWNRdmdhejMxT1ByaUd3?oc=5,,,,
e34ef0d94efe5a9d,jpm_data,2026-09-12,2026-09-25,MarketBeat,International Business Machines Corporation $IBM Shares Acquired by Capital Advisors Inc. OK,https://news.google.com/rss/articles/CBMi5gFBVV95cUxPWl9wX2d4NVRNWl9YSFJKbTVVajNGaTRJUlVVWjJlelFxOEU0R1RnUXZ4RDdIczFBdnNucTVObUxMV1p4SnBNaXNfRW1sU0x4cEt6VFZqWm9rSG9kT2RfX0hCUm1FSWlQb3BhNzRfTkhQT3VUXzNQQzJ5SV9qVTUxMm13ZzM5WlZ1VWJaeDdJdGdQT2xpSDNDcTk1bUYzaHM2ZnpMT0hXeXVuWllyTGQxOExJbS1aWkNVRWFjVUVPMU42SDlORng4S3pFNkhTQU1KR2hvSUJQeXk1cVJsQ1JYZWcwRk5Sdw?oc=5,,,,
0e66bcc9a781b6a8,jpm_data,2026-09-12,2026-09-25,MarketBeat,"9,500 Shares in Sphere Entertainment Co. $SPHR Purchased by VIRGINIA RETIREMENT SYSTEMS ET Al",https://news.google.com/rss/articles/CBMi5gFBVV95cUxPMmZDMVFua3hSelV3ZlEwVF9oSjBBM0VxekNxaGVFcjY4UnQ2eUpsMDhBa1dNakxpYm1RbUpzMG1lRVN6MmRWdU1kZ1RSSkdSS09JOFhPRHhqZFVyTW45U1pvNTRSTXAySVBxOGJDRTc3YlFRb0Z0RHR1bEtlU0FrdDlxdHpPMklxTkNFcEh4dUFac0R4YS1IMXhmY0VsMVNoekVIUDg3NFlUc1lSbjJYSWd3QVlIeWs1OTM1aVZsQW1yelVtWHVtYndGc1lQWEhyMngzSmJqNU96aGo4N2g1TXlyMnp6dw?oc=5,,,,
cdc026115945f1ff,jpm_data,2026-09-15,2026-09-25,MarketBeat,Apollo Global Management Inc. $APO Holdings Lifted by NewEdge Advisors LLC,https://news.google.com/rss/articles/CBMizgFBVV95cUxQT1p0bmItLTI0Wms0aDdLbmhkRHJLV2tJMWtobkxXRURVRzVfTzhORTZJUGl1QmkyX0hnQzNDMFdkQVB5SnlpeUxrYm1LSVBVUG1PaFdkM0lMUFp6NmtCekE4em1tTlNNcWM1QkdEb0U3VVdPQjFvV1NSbENVbThFN3c3VWpLUEtVUGt1SldHdk9ZS0ktUnBRRWFSTUplTDdLZzhOTTdza0Rxa1B4WXRIWmsyYndWX0FLbjlXLVRCRC1pdDBTRkpYeG9VeG51QQ?oc=5,,,,
01227b962cb9bdf1,jpm_data,2026-09-12,2026-09-25,MarketBeat,"The Manufacturers Life Insurance Company Buys 10,134 Shares of American Express Company $AXP",https://news.google.com/rss/articles/CBMi5gFBVV95cUxPRXFhZ1hGb3kxOEYxY2l6bmYydmozNTVuRWhhWTloS3pmemdKNEV0TjdpUG9QdHpZUVIxNW40aTRtQjk3SFZjbkxFbjktcl95SHZwMVVNOUg3UFcxdE1TaFR4ZS1qYVdBbXlLQWRLQ2V4UEJKOFFLeE01ZF9pMmExemVkeUlkX0Zoc2tndjEzVjVNMlhBbkVYWWpDNUQ4eDlHZ3puRE92UDU4bUR5NVo1N3U4dFFvVVpoRWZFaVpyTFNfRTRnWTdHSXZ0NGxjTERvZUpQQlptRkVkcy1RTzBrWXZYZWFGQQ?oc=5,,,,
47dbbc2399332338,pb_leverage,2026-09-21,2026-09-25,Financial Times,Fed and BoE step up scrutiny of bank exposure to trading firms after Jane Street loss,https://news.google.com/rss/articles/CBMihAFBVV95cUxOZ3otVXhYMVhIaTl4dHZJLXlIbVZmV3ZMZ0RQM2RTU0ZKTlpIZ3VfaEtlSF9RTU5NUy1yUEJpLWdXcFdmeWVseWhGQVJ0VnZ5LXVVa1VIN2hjVDk2dmVJVWw5MHMwemhCTTZOeUhoUjBCWEdsWHFQaTZzRWE3TnBpYlItbG8?oc=5,,,,
a9f61ac685654838,pb_leverage,2026-09-21,2026-09-25,finance.biggo.com,Fed and Bank of England Question Global Banks on Trading Firm Exposure After Jane Street's $15 Billion Loss,https://news.google.com/rss/articles/CBMidkFVX3lxTE8wV191M0V2SlhNU3Y0SUJCQk1pQklwWkpxY0w4NlFadGxYNFV0Sk5BRXU3a0cxMUstZmdheDdVSlhYXzZuNk50Z29vX3RFRVdsMTFwZEtkd2oyVFFJa0VRTG9QQ19raDExZnVRZkM3Z2FNWWItMHc?oc=5,,,sectors,
185d7af73ff10f39,pb_leverage,2026-09-21,2026-09-25,Investing.com,"Fed, BoE probe bank exposure to trading firms after Jane Street loss - report",https://news.google.com/rss/articles/CBMi0wFBVV95cUxQLVRZN3pDOHpmSTdrTXAtLTl2cDlxYllGdTlWdXRDYXhYdXFKLTJ2dTdkRzVtNmhNdXoxa09hLWM3VW9OZVBaUFhvZm9HYmdCd2d0MEktUlA3WEZwOW5VU2w4NlA2d1ZJRjlnZnBXZm1BNi00T0RvcFdBbXJrX3JkaDhPNVlnZjh0Z2lma3FSN3RJUEo4azN5czExdmV2WjI3SlBSTXRrVDVfZy1OSmxfcTkxMWVrVm1Sa2VpcVBEdDQwQjF1cUVTQVNyVUJJQS1oSW0w?oc=5,,,,
5810d65eb257e7a2,pb_leverage,2026-09-18,2026-09-25,The Dark Side Of The Boom,"Goldman PB: The Crowded Trade Is Rotating Into Analog Semis, Materials and Defense",https://news.google.com/rss/articles/CBMijAFBVV95cUxQdTlCRXQ0ZTluLWRBUnhVWDRiMTY5dUZjNFI1X0lzUG1PbzZZWEpfb3pNUUpPUHB6QWFaZ0o3bEs4SDJ2QzdEc0JSaU93eWFXUW9xbkRxZ2I1cVo3TTJMdWlBZnBxQ3hQSjZfSFEtMzRRSW1Oc0VTNE5PckRJbDNCejdWX1JTRkFnM3NLWg?oc=5,Goldman Sachs,,crowding;sectors,
aaa2742bc2ea201b,jpm_data,2026-09-21,2026-09-25,InvestmentNews,"US debt crisis nears tipping point, watchdog warns Congress",https://news.google.com/rss/articles/CBMitwFBVV95cUxQMGl5Z2JpZUlCeFE0djhkVWVVZFVucjI2LTBoUk1leTVZWDF2UnI4NFNiSGJSOUIxQ2RkYkFpM1NueW92WndKZmZGYjU0UFprcHY3V2oxSC1YZVZjbU0wYkFEUW1sSVNab2xUU2tleFFsMVp2dzFwOGJPOG5BdW9uZ2NaOVE2ZkdtUUJZcnBDZ0R6UnFDbTJZbU13a3E4U0d1R0RVSjk4M0FvYUtZREYtbnFIYnMyTzg?oc=5,,,,
909f30b7eafeee3d,jpm_data,2026-09-24,2026-09-25,MarketBeat,"Regency Centers (NASDAQ:REG) Upgraded by JPMorgan Chase & Co. to ""Overweight"" Rating",https://news.google.com/rss/articles/CBMi1gFBVV95cUxPbXhlQ0lXVXFEMGgtMFZJeFZqYmlzem1OTU0yOG9VdnE5RTUzMDJSN3AzSG54cHMyNVVrMzhTbzNZN2hBNmtrLURFYlJpT2owRGJpbVNOZmpLRmRzdy1MRzk2VWpzR2doOFByU0RfVHdfaS1aaVpxSGRSZ0JadFh0bXRBcnhoVlJYTGJ6N3hKRHlJSTdfY21MZTJYSU4zWnMzanI0OUFqNVV6R1RXc1pFTXdFZHVzZFJNVF9nQkZvYldtRHJnbTZRa1hUSF9NcDhwYU1wcl93?oc=5,JPMorgan,buying,,
1ddf3ab3153af4dd,jpm_data,2026-09-23,2026-09-25,MarketBeat,TotalEnergies (NYSE:TTE) Stock Rating Lowered by JPMorgan Chase & Co.,https://news.google.com/rss/articles/CBMixAFBVV95cUxNSHYteGNHemhIa3pQVEJwMzRJSWFBWWtMRmJSUjlNRDRWLVhjalZ2bFVDRlhHbUJKV0RGdjkyd3VYUTZwcER6ek44V1RTWnNoLTNpclRWR1JrTERQVElWLVh1cU1uTVhTS0RrZE1VRnRtd3ZzRXBGSFluUGhLM2xoQkdYbzNmSDMxWlR2ZF9ueHJIUUVDZlJrdXlwSDR0bGRISXNibC15T1BXQUhEM19qYlhPaTJyWEd4TDN0RnhhTDZiNmtf?oc=5,JPMorgan,buying,,
d0c942cd68f97313,jpm_data,2026-09-24,2026-09-25,MarketBeat,Welltower (NYSE:WELL) Rating Increased to Overweight at JPMorgan Chase & Co.,https://news.google.com/rss/articles/CBMizgFBVV95cUxOelQ5aG5la1ZuSUwzbm0yMS1GMUNSc0ZJQ1ZYM2pXaUQzc0RKU1BiZ3c3U3pLb0ZYc2lzOGoyRVlpWmloZEJZUEl3bkFLdm9PTUQ1NUpnc1FkOVlES3lObEFDNVpXeEc1aUNEOTVjZWJ5T1RReGJEU2JkN3RqRVhMZmd3RzA2WTU4RnNRWDBxU2t0V2pSanJjUkttNVI0NE5hTXE5anZPSnFjcncwdS1KVXcyV3UwVU5FMjJnbnFsOEVUU1Y3dnU1SklBcjV3Zw?oc=5,JPMorgan,buying,,
b682554c3df621bf,jpm_data,2026-09-24,2026-09-25,MarketBeat,Mufg Securities Americas Inc. Boosts Stake in JPMorgan Chase & Co. $JPM,https://news.google.com/rss/articles/CBMixgFBVV95cUxOX3Fud2syZExwZGJVOUsxX3BPWjhxOUMxTWNZdUlXTkhlSngyVzJSZl9VSnBwQm9WRVZwcWdPYlQzQUM5V0hCWk1JUkRsaE92bjNsNWZFd3dZall0b1lFRzJmZklTRFVFelM5VUo1V2RqTDQ2MFAtOUE5clIzbWRkaXl2b2R3UFRJdEtJWVhkOTk4cUJmNUQ2WWtPX0xKcm5UWkNZOUhPSHZjcVE0UWF5a0s2dWphM1d2Wl9jbG9fT1FERTE0MEE?oc=5,JPMorgan,buying,,
c7f5ef093eddca59,jpm_data,2026-09-24,2026-09-25,MarketBeat,Norwegian Cruise Line (NYSE:NCLH) Price Target Cut to $13.00 by Analysts at JPMorgan Chase & Co.,https://news.google.com/rss/articles/CBMi5gFBVV95cUxPSURGQTloQlNSblR3SDdPbXRWdW1YaHdFVFF5VkMzVy02OTZZRXpfX01mV2p2X29Ib2QxUDVTdHd5RmV3ZVVoZUZZWU5HYWtNcDJBSVJRWElzQm1fLUM2TWNacU04cmhJQXhYWUlPMm9nNkNnMXhLbXhzNmdOMkFHSjdwZ1FZVnM1RklKY2trVFQ4WllEaFJKMFFIS2xjT2JnOXZZVXRueVBuaVZ1OFluQi1VWXJITkhDNkl3WVJLcHpzRkRDMTI0c2xjSmR1RVBoSVFGbXlFR0x3a0U2Wk1VNUhvR0Z1QQ?oc=5,JPMorgan,mixed,,
5a29c0b260e265f7,jpm_data,2026-09-24,2026-09-25,MarketBeat,Anheuser-Busch InBev SA/NV (NYSE:BUD) Given Buy Rating at JPMorgan Chase & Co.,https://news.google.com/rss/articles/CBMizwFBVV95cUxPSVp0Ti1EelF6LW1xX0V1QjBvamQzWEVXemExY243UDdWVjRrcElSQmVzY0F2U3QwYmxfVFRYR2pUbHJONFZTQjFXODNWLVdWR2ZFVWxqZ0ZWRFVqZHJwT3QyNGZUOEdiME1NdDVNYUZFenV5UEZDY3pncUZHR2dqN0t1aGpBV3BTcHV5X09sWGNYMFNPYTIyVDRuaUF3dW1IYzhOZFhTZmwtc3RncWk0eU5kaldIMmRlUEdNdEVNNFNWOEhiY3NzSGxaWkxOeEU?oc=5,JPMorgan,buying,,
756b0584f1f41b0e,jpm_data,2026-09-24,2026-09-25,MarketBeat,VICI Properties' (VICI) Neutral Rating Reiterated at JPMorgan Chase & Co.,https://news.google.com/rss/articles/CBMiyAFBVV95cUxOT0gtMk96NzUwRE1hdGs2b1RQWDZJZVF4cGY4LXRSM3FEQm5mTWoyNWZlRm9UWGJ3YjU4VFIyemF1WmR3VW15VjJHRmdBcmtPbEpCUE9IVjUzT19kUmJpcm9QeEhBZlBUSU4wX1JSVHBaRVNxM0JFRy1qTC1lN0c3dXdpV1l6RUdRQVUwUEM5QzE3WWkxZ0kwckpKMEEwWXVhMFd6cVFVbkg5WHQ5MGJvQ2JaLVMzWEZnbFBwSnNIRDB0aThyMENsVA?oc=5,JPMorgan,buying,,
bd101e0db3e69032,jpm_data,2026-09-23,2026-09-25,MarketBeat,United Capital Financial Advisors LLC Raises Stock Position in JPMorgan Chase & Co. $JPM,https://news.google.com/rss/articles/CBMi3gFBVV95cUxOZTNwSWI2R2FIV05aWVA0WUo2LXBWTlBWY2ZJQ3Z4UW9BendPclZsUEtwU0tYVFpDengxQ21MRWo1LXBsUTM0bDZ5dFhpQVhrY0p4TDY0d0VPVTJicmt3NnZIQnJiQVVJY09LR0lyOXRRUFA5bFQyRHppMlNXV0NIaGE4WUptTl8tYWFNME5DN1ZOa05rRzg4cWNKaUtfV2Mtel9yQ2x1ZG1adGxlQjBUZ0xtNlFJV3lqM1NULU9PeHRuLUE1RTV6ckZINUtHdXZORTNkQ1pMc0Z2UWN2M0E?oc=5,JPMorgan,buying,,
51943a60837632ce,jpm_data,2026-09-23,2026-09-25,MarketBeat,Equitable Holdings Inc. Cuts Stock Position in JPMorgan Chase & Co. $JPM,https://news.google.com/rss/articles/CBMixwFBVV95cUxNTFdFbUhnWE1aQ3lfY3d1QTUzS2RraFBwNklVRnowYllCRlN3MzlEajRRS0ZOOVR3RXFkVTNNNzE4Z3Fmb29OOTAxYWEwOXZDUWZvajctOXZHcDlYb1ByNDdYSWtJSFNzVHdtaFBBSE81VkMtR09IaUtNTmJuZnhBNlFxdkoxcGlWZkVqVkhlUmdkRXFid2d1dTB6c2JoeWptOFZKMTFhTXEyYmU5MUxGNkxhSnFEOURaNUxfZFFVN2FVV0RZY0JJ?oc=5,JPMorgan,mixed,,
072bfb2ea722433a,jpm_data,2026-09-19,2026-09-25,MarketBeat,JPMorgan Chase & Co. $JPM Stock Holdings Boosted by Davis Asset Management L.P.,https://news.google.com/rss/articles/CBMizwFBVV95cUxQdGk5VGtEcEM2eTFBcEJseEtXU3NhR1JyelJiRmV4MmxWbDFNWGZiOUFuX281TS1KZ2prNEhWcDlfR3NnTmRvWGdtMk4xc19hRnZuenlmZzFQdXZGWmlPXzZXZVlnN0R4Z0JKTGtVNEVQMVRPc1RNNkc3R3VkSXFLUWxUU3RpUFlJOFhJdTNxTVhfcGxYRUJMTmlwcW1mR1prSUVkZ1ZLM1VKdjhUNkRMZnFraUNKak96UEN1dXdIamQ4R2tjbkYtUC1PWHVudDA?oc=5,JPMorgan,buying,,
69fb281c041863b5,jpm_data,2026-09-21,2026-09-25,MarketBeat,Polar Asset Management Partners Inc. Invests $1.65 Million in JPMorgan Chase & Co. $JPM,https://news.google.com/rss/articles/CBMi2AFBVV95cUxPVGlWR2dfM3E3VlVNOGdqejlwVS1Edy1Oc0g3Vlg5bkhPQU9WZkQzdlNMMlBlUVdzamFoS0JhZGUwZVBIeGtCbVowWWItelgzYmpyaEJOQ202OE82MnBTd2hodC00RWozdXlUMDhYNVl0bjgxeTUwajVaSmVvM08yUHY5TnFQYk1aZkljMXNVTjRzSEdnZ3Y3bjgxYmZzdmNuVHhuNzNhMzBGRHlpMXZIcWhjdXhnekVkYllMYjJES2VHcGlaeS00anVpUy1MVkdTRG9Cd0ZTQUc?oc=5,JPMorgan,buying,,
de3ccf6ad53b14ff,jpm_data,2026-09-22,2026-09-25,MarketBeat,"5,300 Shares in JPMorgan Chase & Co. $JPM Bought by Bamco Inc. NY",https://news.google.com/rss/articles/CBMivAFBVV95cUxNS0ZpWjY0R0VOdkE4YWphTUxqZ2ttcUc2NlVnUEpNVjFwNzk5SFRibjRwRkZkRmZzTDZ5M3VpekFWVnNpdXZ2dGYtbnFoeE9TcXgzUXBZbTZRMnAzekhRYjVlZW5YQ0lwbm1qV0F1V1lfUjFUQlZickNMckcwYU1GbXVJU0ZBNDFkR05DUWxldnluRDcwWDhNb0JfZnpWNmlBM1NBMU9NWVpnMGNIRWtsVkNQSGxoRVdtTmhTQw?oc=5,JPMorgan,buying,,
d8ddd9dc90b92c08,jpm_data,2026-09-24,2026-09-25,MarketBeat,Nissay Asset Management Corp Japan Grows Stake in JPMorgan Chase & Co. $JPM,https://news.google.com/rss/articles/CBMizAFBVV95cUxOaHJrTW53eDFNeE8xdHdHOHVHVE5ZUnRZVWlPYmdzd0kwUW51bnNEOGRzVmpNb2huMk9scUtKc2U0TFo5d1dOd1FPdUUzSFpzOXBROF9sbEJVR3lKM1o5blFwakNHLVZuSld0akltN3M1RGM2ZjA5Z2pYLVFvOUZJbjBVc25sMXJOSVdFOVRoOXFHRlJ3cEJhRlFaVmFiOG1qb0xWay1Pc29RMDNFUGtwelBRLVVuX21TYWw5b0h4Nm45SnNPOHFIdXBOdDc?oc=5,JPMorgan,buying,asia,
3f8b10f54ca37eac,jpm_data,2026-09-24,2026-09-25,MarketBeat,Lombard Odier Asset Management Europe Ltd Takes $2.15 Million Position in JPMorgan Chase & Co. $JPM,https://news.google.com/rss/articles/CBMi6gFBVV95cUxOLWZxYlVlVm5UT1UwRTRTdVpXdnROM3lrQllUN1VyS2FzWW5fRmh3bGx3czNWM0FmbzItT09PS2Y4TUN0Z010dGhrRUs3Y21BMm4ybXFxYjIxOEdOWXZoVk1JcnR3ZGtOblUzU0EwN3dHRXNKQVpON1lfdE52S2FJaGk0UjgzMk9FV0owRW40V2tDY2FHSTlGRHlGOS1GbkpDaGJOM01wTXdxQzB4dWRMTjc1S1VhZHhCOHdVcVZwbHNaaHBTeVo3bF9JdE5ORlBrRXZ3VzFHQ0ZfSkFhMFJXNG9vZWVCMlk3eVE?oc=5,JPMorgan,buying,,
23eb7cb72bfe728c,jpm_data,2026-09-21,2026-09-25,MarketBeat,"Sone Capital Management LLC Buys 18,471 Shares of JPMorgan Chase & Co. $JPM",https://news.google.com/rss/articles/CBMiywFBVV95cUxNMm5qRlUxSHdSQzlKMmRraGhkN05qNzE2eW5IMnhZcnZ5bzZYb2NUMklBMWItQ3dyNmVOamZpQm4yUTB2WG9PX2MzclFGNUlFS2lTYmw1aGs4dHRkMldUNVcxVzVwRDNNU3poaTluSS02bmgyTThQX2UwcnNwSHhiLTBzRGhSUlNfTFhaZlNxYm9NTDJrR2M3UnA5eWJzZ2lpY3NUanlySy1JSmstOTJGSUNfR0NkREtJTGFWRkxLX3h3WExsaWV5VWxMYw?oc=5,JPMorgan,buying,,
cb9f34173a2dea56,jpm_data,2026-09-19,2026-09-25,MarketBeat,JPMorgan Chase & Co. $JPM Holdings Raised by Elevation Point Wealth Partners LLC,https://news.google.com/rss/articles/CBMi0wFBVV95cUxPbzR2alFMRXd3WVd3cHhWR2liNi1acVgxUUtra0VOdTdnTFZxaE1SSmpEaGNUOXp3UU1pa1NyNVZ2aUJrZmljTTczNG9YRkZxbTd6YWJmNGRyVTNCTkNKQjFOSEJ0M2YxLXh4ZDhPaG8wekkxWGRBQ2R6NTZzY2hwSXJzRjVrbG9MUFNWTVBWUURFVUNoNGJnWVJ2OS1kWXk4ZF95QVZyd2d5aW4xWUkyeDhIWllaUy1BWDhVS29HT21oVV91LXQ3LXpGZU5wYXNycldF?oc=5,JPMorgan,buying,,
248f8704474cc559,jpm_data,2026-09-21,2026-09-25,MarketBeat,JPMorgan Chase & Co. $JPM Shares Sold by Palisade Capital Management LP,https://news.google.com/rss/articles/CBMixwFBVV95cUxNdDFNazFDdVZRazJjdGF2MFJfaVA3Q3JoOVp1OUxtN2F1ZTdMOUlQdjMwTHItckdHSGxsSExEXzd6Q1YyYW4tYUdlYnVBaG5TY1REQ3NTSV82UHF5TXc2YnlEa0dGdFBUamM1amxOQ0xSbDZabFZ1SDdOQjR1MVlpVUF2ZGFNbTFST0ktMEhnOENyNFJTeEFYZ3hKem42SjNIeHdrem5rNl9YRWpHbkREUjFNVW9ka28xRjBxX25fWDBwbUJlWmtN?oc=5,JPMorgan,mixed,,
9875bed7bc2360b6,jpm_data,2026-09-18,2026-09-25,MarketBeat,William Blair Investment Management LLC Lowers Stock Holdings in JPMorgan Chase & Co. $JPM,https://news.google.com/rss/articles/CBMi4AFBVV95cUxNc3dqcXFERXFFUXFnNnplS09QSVBjbFIwdU1vRVQ1d3NpYWlmajY3QWptcURVRmprZVlfX1luOEl4YnBjODc3c3kyTjF6RHVqM3BQSDhVbWN1ZDlib1lhTlV4b1U0VDVPR0VjWWVxYVBMVmU4aS1CMWFYcEE4LUpubW5mMnNudFhlTUVLemRwbmE3M0FBZ2JWeC1OMkh4YktrQngzTVAzTk5xNzh2a3pDRVZvMnB0ZmEzUTlnNkdxTVB6dXp0Y2MtcVhIMjdRUXlidGZMaUZEMWd0aVIyaUpnSA?oc=5,JPMorgan,buying,,
1796483128b923bb,jpm_data,2026-09-21,2026-09-25,MarketBeat,JPMorgan Chase & Co. Lowers Noah (NYSE:NOAH) Price Target to $9.70,https://news.google.com/rss/articles/CBMivgFBVV95cUxOcXVWVlVXVWJkeGYtcXoyVElfc0hPakhkaEVHWU91NE9EYVpmVzFYTnJVOXNIeVRfcDRiNkRleTZ4Zk5DWS11Mk5WWERGakJVdlNjR3Y3dlNtLWVGaUxhS1NwSjVfTWtiUnJ1azBrSGtiNk5vYkQ2aDNMdmplVEJaNl9tZ1BEc0x1S1ZoU1pqVHlUTGszeFRTdHdNSkFNajFLdjZ0R3lFamZjcXB2dW1HaUxYQUxDWk92U2ljSGZ3?oc=5,JPMorgan,buying,,
8cd794c43b3f3c68,jpm_data,2026-09-21,2026-09-25,MarketBeat,"Quantitative Investment Management LLC Buys Shares of 53,263 JPMorgan Chase & Co. $JPM",https://news.google.com/rss/articles/CBMi2gFBVV95cUxPYnhNd1Q2UnJsWWlWczVOX0Y3MUJrUmFOeFNvaHlRNnFndFBKMkNGNTJmeUlFY0lVMEp6bDQyMERJRHRpOU5rd2RhMFBYU0x0bzd6TXBYQzFlM1hqbUMxSDg5UlhIanFQdkF1YTJJNnZCalV0TVg5TnlBVE5Gb1NTdjN5YjZ2bXZkd3owaVpZOXB2bUkyaHBuczMzcmlqakQ3WkdyS2U1NkREQkI5anpoaEpGYTNZN2NtTzMyYnhmbnJxQ0FxV0pNUHBFSDRGd2xrVm5MLUotRjVYZw?oc=5,JPMorgan,buying,,
a92a432500c091ab,jpm_data,2026-09-21,2026-09-25,MarketBeat,"The Manufacturers Life Insurance Company Sells 40,705 Shares of JPMorgan Chase & Co. $JPM",https://news.google.com/rss/articles/CBMi3gFBVV95cUxPUkZfU0U2eU1pWE91c09pXzVMaFh2d1ZCX1dQVjRVZHZNRWxYdnduR1lIMFFPT3pWZ2hYQzRZV3NKV0h3ZF9INzVCS0wxRzRDb1dteGNISl82NGtZVE95OUdId1dOazRvTUVHYnAtc01TZVlXTFVTYkxxRzNSQS1TN210Mm8yZWdNdnlZa083Q3RhcDBnZlE4NTd5RDhYMThlMUpXZW5oLWpWWkxyMnBTb25KYjVhUFVhY1lpOExxdHBtbW80aHRtbVVtNjgybTVmTHE2R2tuc0VwbXFoalE?oc=5,JPMorgan,buying,,
33c36ed9aa9de9e2,jpm_data,2026-09-18,2026-09-25,MarketBeat,"EP Wealth Advisors LLC Acquires 66,424 Shares of JPMorgan Chase & Co. $JPM",https://news.google.com/rss/articles/CBMiygFBVV95cUxQejFhRjlnYUc1b1JocGFWamxTM1ZNQ2s2V3JaMnNwWVZSWkFBUU5qa2xiREtCVWdjci1qUXFlTlNzYjNVOEhQc3c0UE5YYzdKYTdzejZBNTlQRGJvWFhVS3VkeUhuT2VnNjZQZ2pjUGU0RWpQaDJiSHpsYk1YN0NucGRBNzlSWWNnNXZjXzVkUWloTndQVEVDRTMzQ3lFWFN0TWhEd29XcmFybTZwMjRFT0EwdHdTdENRZUZTNUwwWlpjREMxeHRKSjZB?oc=5,JPMorgan,buying,,
0a95868a9079a859,jpm_data,2026-09-21,2026-09-25,MarketBeat,Primecap Management Co. CA Has $1.11 Billion Stock Position in JPMorgan Chase & Co. $JPM,https://news.google.com/rss/articles/CBMi2gFBVV95cUxQVjdVc21YUjFTemRQc25feFdscmg5NU02SmhuUnlneDU0V3BDNUhzeUpvc2FKXzZrb1paWV9weG5xbEllbkMtZmwwTDJOOGNpQ3NrNVB0NnBJNWZjRGMyWFFLRS0yRDVaN3ctallwMEg1T01YQnpkakl0V1hjUW5QWWZubXowVGJRTWlGNklZZXRwb2EwYTg0UHdlY0lPVUxGUU9nM21NSjUwRDdpbGJqbUM2Z0ZLX2dTcHlNZ21oZHNiV2dRVkxjZWs5eDZSdzRsaUg5MlRRVGx2dw?oc=5,JPMorgan,buying,,
c2333b3ad6f201b3,jpm_data,2026-09-18,2026-09-25,MarketBeat,"Tyson Foods (NYSE:TSN) Raised to ""Overweight"" at JPMorgan Chase & Co.",https://news.google.com/rss/articles/CBMiwgFBVV95cUxNTzEyYkxlTDdVbWRKX1FiVG5yOEpDSnRGZm43NFpDRXoyUlJHMXA0MEdWcER2YWVvMnMzQjJzX3R2ZW9SSjlPOXFqeVdZV1JEM3AwV0NRMUdjeUc0OTYxRGo3Z09oQnpaRlNTVFk1WVRRUGJEQnZiOUdVX0NpeE8yVE1veFUxa0JSc0RTV3JKRWM2NXRSQjBMVl9KdGItd0dJMnZVVm5PejlDZjJRWVp6bDhSSTgxd0Z5YVVLUy1adGZYQQ?oc=5,JPMorgan,buying,,
b5ff1fe1fbfe8f19,jpm_data,2026-09-21,2026-09-25,MarketBeat,"Scholar Rock (NASDAQ:SRRK) Stock Price Expected to Rise, JPMorgan Chase & Co. Analyst Says",https://news.google.com/rss/articles/CBMi3wFBVV95cUxOdlFlZlhHQkRJNUQ5Ymd0Tlg1RjVGSlZ5REdaVGFIRlFzb3ZvdjE0U21kRHJ3OEFIaUtwUDZWSnBjTlc1ZThISnc1blNrR0duRHVFLVQzb1lTMFU0TWVYSDhIOWU3RHJCU0NfTWdqbkh1UUd4VmpLMU1ibVRhNlpYRXFJTExtY1prR1RMX1N1SGh2V1A3bHdNelRldzk5QmJwbndUcG5qWE5sSU1PQzJFV0VDSG9vZk1WaWhVRnpwOFpvbVlncUlLSjlmZllXU3ltUmlfcG9OTFk0OGw0VDJr?oc=5,JPMorgan,buying,,
