Date,Open,High,Low,Close,Volume
2021-08-16,2.437,2.442,2.418,2.4206,51487817
2021-08-17,2.406,2.408,2.375,2.384,60385623
2021-08-18,2.391,2.4126,2.382,2.407,41421215
2021-08-19,2.371,2.3806,2.352,2.3606,67155893
2021-08-20,2.3546,2.369,2.3364,2.367,57616376
2021-08-23,2.388,2.396,2.3724,2.389,54261176
2021-08-24,2.398,2.4006,2.3644,2.377,42397386
2021-08-25,2.38,2.3896,2.3694,2.385,35972174
2021-08-26,2.378,2.386,2.359,2.3654,59028240
2021-08-27,2.36,2.38,2.3544,2.378,33837275
2021-08-30,2.3826,2.384,2.362,2.372,24413406
2021-08-31,2.372,2.4015,2.3625,2.3945,60466632
2021-09-01,2.41,2.4385,2.4,2.4195,83578757
2021-09-02,2.4285,2.4285,2.4015,2.408,35653060
2021-09-03,2.404,2.4155,2.378,2.3875,54666105
2021-09-06,2.394,2.4075,2.388,2.403,36244828
2021-09-07,2.402,2.4095,2.3755,2.3805,42326125
2021-09-08,2.3705,2.378,2.3385,2.366,59636808
2021-09-09,2.346,2.378,2.332,2.367,59427025
2021-09-10,2.376,2.3875,2.338,2.347,48764688
2021-09-13,2.356,2.398,2.3545,2.3935,74352365
2021-09-14,2.394,2.409,2.369,2.3855,75755850
2021-09-15,2.381,2.394,2.3655,2.3775,50436807
2021-09-16,2.3875,2.4165,2.381,2.4115,56532195
2021-09-17,2.42,2.429,2.379,2.3825,84741873
2021-09-20,2.34,2.343,2.273,2.301,125002097
2021-09-21,2.3135,2.348,2.309,2.3185,65199856
2021-09-22,2.34,2.3675,2.34,2.367,70014424
2021-09-23,2.388,2.432,2.3865,2.43,97885785
2021-09-24,2.4175,2.441,2.4085,2.4245,70604278
2021-09-27,2.44,2.483,2.4365,2.48,131876074
2021-09-28,2.484,2.5015,2.428,2.434,107955502
2021-09-29,2.451,2.462,2.43,2.455,55774679
2021-09-30,2.4745,2.479,2.442,2.4605,77856211
2021-10-01,2.42,2.456,2.4015,2.444,90993340
2021-10-04,2.4405,2.4575,2.42,2.425,56066143
2021-10-05,2.434,2.5055,2.4255,2.5015,165173751
2021-10-06,2.491,2.4995,2.4505,2.475,151625901
2021-10-07,2.496,2.527,2.4805,2.513,126788017
2021-10-08,2.512,2.527,2.5075,2.519,74042888
2021-10-11,2.523,2.5315,2.4915,2.497,71545746
2021-10-12,2.473,2.517,2.4635,2.5115,61884458
2021-10-13,2.5105,2.5225,2.486,2.5,74891234
2021-10-14,2.502,2.5255,2.4965,2.524,102628027
2021-10-15,2.54,2.5925,2.532,2.573,184571248
2021-10-18,2.52,2.525,2.478,2.49,131241490
2021-10-19,2.489,2.4965,2.4515,2.457,83129913
2021-10-20,2.45,2.4785,2.444,2.4655,54219203
2021-10-21,2.455,2.4625,2.442,2.4455,50689792
2021-10-22,2.4495,2.4605,2.4425,2.4515,48715696
2021-10-25,2.4615,2.483,2.4555,2.47,61272587
2021-10-26,2.47,2.4855,2.4625,2.4815,55352011
2021-10-27,2.476,2.4795,2.4505,2.4555,55150906
2021-10-28,2.4475,2.4545,2.4255,2.4415,57698585
2021-10-29,2.438,2.4535,2.416,2.453,50320077
2021-11-01,2.46,2.517,2.46,2.4985,77455628
2021-11-02,2.495,2.516,2.4905,2.5125,62309487
2021-11-03,2.517,2.519,2.4845,2.497,74316278
2021-11-04,2.5165,2.518,2.441,2.451,118240894
2021-11-05,2.4655,2.4995,2.4515,2.482,81048241
2021-11-08,2.4835,2.513,2.4775,2.4955,67363975
2021-11-09,2.4865,2.4925,2.4705,2.472,49782584
2021-11-10,2.4795,2.493,2.464,2.475,50183991
2021-11-11,2.477,2.491,2.463,2.4725,36908081
2021-11-12,2.47,2.4735,2.455,2.472,39553995
2021-11-15,2.462,2.488,2.458,2.4845,40834569
2021-11-16,2.49,2.494,2.4735,2.486,47421252
2021-11-17,2.48,2.4885,2.474,2.478,44834563
2021-11-18,2.4815,2.496,2.46,2.466,60538090
2021-11-19,2.475,2.4815,2.36,2.3855,142187213
2021-11-22,2.3395,2.341,2.306,2.328,104411805
2021-11-23,2.3185,2.3375,2.2965,2.302,71580865
2021-11-24,2.305,2.322,2.287,2.305,69055351
2021-11-25,2.311,2.3155,2.283,2.2873,45674458
2021-11-26,2.2,2.212,2.1615,2.165,182031748
2021-11-29,2.193,2.203,2.132,2.146,113748921
2021-11-30,2.105,2.1505,2.083,2.117,135788283
2021-12-01,2.132,2.18,2.1315,2.168,84347175
2021-12-02,2.145,2.162,2.1255,2.148,80251247
2021-12-03,2.1695,2.175,2.1255,2.141,70020840
2021-12-06,2.1615,2.218,2.1595,2.2145,60215261
2021-12-07,2.2305,2.269,2.223,2.259,74411809
2021-12-08,2.25,2.267,2.2255,2.236,51544620
2021-12-09,2.238,2.2555,2.2155,2.2255,65474333
2021-12-10,2.2215,2.2385,2.204,2.211,50769462
2021-12-13,2.218,2.248,2.2,2.205,56710679
2021-12-14,2.2135,2.2385,2.211,2.228,74282188
2021-12-15,2.2305,2.239,2.2035,2.2103,60513269
2021-12-16,2.2305,2.262,2.22,2.243,72511409
2021-12-17,2.228,2.238,2.183,2.2075,98587188
2021-12-20,2.16,2.193,2.127,2.185,72605315
2021-12-21,2.2035,2.23,2.181,2.227,47135229
2021-12-22,2.2295,2.2415,2.215,2.2335,43014355
2021-12-23,2.24,2.255,2.2305,2.2485,41588031
2021-12-27,2.25,2.2685,2.2435,2.2635,33227670
2021-12-28,2.2635,2.292,2.263,2.2865,48414472
2021-12-29,2.288,2.292,2.2615,2.274,43365633
2021-12-30,2.2785,2.2835,2.27,2.275,40655882
2022-01-03,2.2875,2.3475,2.284,2.345,96025315
2022-01-04,2.355,2.404,2.3405,2.3885,106614489
2022-01-05,2.3995,2.425,2.391,2.4185,93692312
2022-01-06,2.3935,2.4465,2.382,2.425,95824613
2022-01-07,2.443,2.461,2.4295,2.4505,103298358
2022-01-10,2.469,2.482,2.4595,2.4725,104354168
2022-01-11,2.475,2.4845,2.4545,2.4785,75651755
2022-01-12,2.5,2.5435,2.489,2.5383,156727038
2022-01-13,2.538,2.559,2.521,2.5565,99342797
2022-01-14,2.542,2.573,2.5205,2.5665,111495356
2022-01-17,2.58,2.5895,2.565,2.5775,72534491
2022-01-18,2.5655,2.5845,2.533,2.5795,97380808
2022-01-19,2.5645,2.5695,2.5235,2.5305,108972164
2022-01-20,2.525,2.55,2.5195,2.55,86002066
2022-01-21,2.553,2.5885,2.52,2.5485,163530199
2022-01-24,2.54,2.5595,2.4465,2.465,116704905
2022-01-25,2.49,2.5,2.4475,2.489,85938812
2022-01-26,2.5035,2.573,2.496,2.5605,120863949
2022-01-27,2.54,2.6365,2.536,2.6055,146333545
2022-01-28,2.608,2.611,2.553,2.599,112580395
2022-01-31,2.67,2.675,2.593,2.6095,130712840
2022-02-01,2.636,2.6695,2.632,2.6645,124055181
2022-02-02,2.686,2.741,2.6765,2.71,179112595
2022-02-03,2.7055,2.7225,2.6665,2.721,162568243
2022-02-04,2.7785,2.785,2.6455,2.6675,207700470
2022-02-07,2.695,2.7205,2.632,2.7155,126454236
2022-02-08,2.72,2.771,2.7195,2.768,153343534
2022-02-09,2.78,2.8465,2.757,2.837,196525796
2022-02-10,2.849,2.918,2.844,2.915,218160567
2022-02-11,2.8765,2.893,2.821,2.846,165414939
2022-02-14,2.76,2.773,2.6755,2.7605,209540750
2022-02-15,2.7655,2.8545,2.7535,2.8365,155845238
2022-02-16,2.859,2.869,2.77,2.7885,121094671
2022-02-17,2.78,2.7855,2.719,2.731,103886678
2022-02-18,2.7335,2.7765,2.713,2.7235,98533472
2022-02-21,2.741,2.7525,2.6455,2.667,93293371
2022-02-22,2.601,2.704,2.588,2.6595,155109047
2022-02-23,2.6725,2.705,2.606,2.618,91744288
2022-02-24,2.4945,2.5285,2.346,2.4165,293379832
2022-02-25,2.426,2.498,2.3385,2.472,217707094
2022-02-28,2.354,2.375,2.2545,2.3085,231962781
2022-03-01,2.29,2.3375,2.11,2.11,272433962
2022-03-02,2.11,2.1595,2.022,2.147,267212968
2022-03-03,2.1505,2.174,2.0775,2.093,156094970
2022-03-04,2.06,2.0625,1.9014,1.9032,275501638
2022-03-07,1.87,1.915,1.65,1.8412,326927742
2022-03-08,1.8122,1.9664,1.8108,1.88,257812411
2022-03-09,1.9586,2.07,1.9426,2.0575,287770154
2022-03-10,2.1,2.106,1.909,1.9196,268201061
2022-03-11,1.9214,2.02,1.852,1.922,218187106
2022-03-14,1.972,2.0185,1.9386,1.9922,147202927
2022-03-15,1.965,2.0375,1.9338,2.011,142191512
2022-03-16,2.08,2.1665,2.0625,2.1483,257415326
2022-03-17,2.1605,2.1735,2.0175,2.0695,174068015
2022-03-18,2.078,2.096,2.027,2.068,139095893
2022-03-21,2.077,2.121,2.065,2.072,101746272
2022-03-22,2.0815,2.12,2.075,2.102,97477787
2022-03-23,2.1135,2.1185,2.0365,2.0475,121328147
2022-03-24,2.05,2.06,2.0235,2.032,89559743
2022-03-25,2.03,2.044,2.0005,2.037,89122605
2022-03-28,2.035,2.1145,2.035,2.059,109432653
2022-03-29,2.084,2.1883,2.077,2.165,189024893
2022-03-30,2.15,2.158,2.11,2.1225,107172008
2022-03-31,2.132,2.145,2.078,2.0905,77841231
2022-04-01,2.094,2.1195,2.07,2.1025,86603907
2022-04-04,2.1015,2.104,2.061,2.1,88943783
2022-04-05,2.081,2.093,2.0355,2.041,96783370
2022-04-06,2.037,2.0575,1.9522,1.9818,148209440
2022-04-07,1.989,2.032,1.9582,1.962,85492196
2022-04-08,1.99,2.019,1.968,1.9826,103011595
2022-04-11,1.9908,1.998,1.9566,1.9786,78899043
2022-04-12,1.9428,1.9674,1.9162,1.9372,113651864
2022-04-13,1.94,1.9548,1.9244,1.9416,73358020
2022-04-14,2.008,2.008,1.9544,1.9726,92733078
2022-04-19,1.97,1.9812,1.9426,1.9686,73049174
2022-04-20,1.972,2.047,1.967,2.0255,97385013
2022-04-21,2.0285,2.0445,2.011,2.0265,63186497
2022-04-22,1.9982,2.014,1.966,1.9804,95469192
2022-04-25,1.9492,1.9764,1.93,1.9452,85123218
2022-04-26,1.96,1.9674,1.911,1.917,82550807
2022-04-27,1.92,1.928,1.8768,1.9142,137092793
2022-04-28,1.94,1.965,1.9038,1.926,79263372
2022-04-29,1.9412,1.9624,1.9198,1.9448,97640225
2022-05-02,1.9362,1.948,1.896,1.9182,80000325
2022-05-03,1.9398,1.9748,1.9318,1.965,86869370
2022-05-04,1.9654,1.9722,1.9238,1.926,64658140
2022-05-05,1.97,1.9944,1.9178,1.9232,125209363
2022-05-06,1.92,1.94,1.8466,1.874,179906153
2022-05-09,1.8724,1.8788,1.833,1.8334,122362688
2022-05-10,1.8556,1.9008,1.8486,1.865,131776200
2022-05-11,1.88,1.9554,1.8576,1.9468,135841068
2022-05-12,1.902,1.9812,1.8898,1.9758,126244626
2022-05-13,1.975,1.9812,1.962,1.9704,87265173
2022-05-16,1.964,1.978,1.94,1.9482,78491667
2022-05-17,1.97,2.021,1.9586,1.9944,124111536
2022-05-18,1.998,2.004,1.975,1.9856,103354629
2022-05-19,1.966,1.988,1.9486,1.9854,99385967
2022-05-20,2,2.023,1.9706,1.9754,115372385
2022-05-23,1.935,1.9748,1.9268,1.973,114691978
2022-05-24,1.954,2.0056,1.9466,1.9812,130672037
2022-05-25,1.999,2.035,1.9794,2.031,118706683
2022-05-26,2.033,2.0586,2.0194,2.0576,82809843
2022-05-27,2.053,2.062,2.025,2.0514,82915425
2022-05-30,2.055,2.0816,2.046,2.059,86161219
2022-05-31,2.0464,2.057,2.013,2.0286,92563173
2022-06-01,2.048,2.0546,1.998,2.001,79659742
2022-06-02,2.016,2.0176,1.9808,1.9944,43054768
2022-06-03,2.01,2.011,1.9582,1.972,80192465
2022-06-06,1.9888,2.041,1.982,2.0356,81197308
2022-06-07,2.027,2.03,1.9886,2.0024,71882598
2022-06-08,2.001,2.006,1.9782,1.991,75881139
2022-06-09,1.98,2.018,1.9604,1.972,101116678
2022-06-10,1.95,1.954,1.8054,1.8162,248604446
2022-06-13,1.7634,1.767,1.728,1.7538,187498545
2022-06-14,1.7906,1.8076,1.7438,1.7794,125718206
2022-06-15,1.8314,1.9034,1.789,1.8562,183265075
2022-06-16,1.847,1.847,1.7708,1.7954,140875596
2022-06-17,1.7926,1.891,1.7926,1.8158,183724951
2022-06-20,1.8082,1.8812,1.808,1.8746,115513335
2022-06-21,1.89,1.934,1.8756,1.8804,130801924
2022-06-22,1.8532,1.9114,1.844,1.8874,121425894
2022-06-23,1.8838,1.9018,1.8282,1.8414,160172323
2022-06-24,1.8514,1.892,1.8352,1.8856,123889291
2022-06-27,1.94,1.955,1.888,1.8976,153361883
2022-06-28,1.9048,1.9358,1.9,1.9008,119058717
2022-06-29,1.878,1.8978,1.8658,1.8712,89615242
2022-06-30,1.842,1.846,1.7596,1.7878,191632990
2022-07-01,1.7598,1.7934,1.7386,1.7626,145249154
2022-07-04,1.7734,1.7734,1.7024,1.727,154575686
2022-07-05,1.7358,1.7526,1.668,1.6708,148776059
2022-07-06,1.6986,1.7134,1.6582,1.6804,137970259
2022-07-07,1.7032,1.7498,1.6866,1.7468,123467806
2022-07-08,1.7456,1.777,1.7232,1.7676,115118431
2022-07-11,1.7384,1.7664,1.7188,1.736,107729922
2022-07-12,1.71,1.7202,1.662,1.7074,167558984
2022-07-13,1.6944,1.7134,1.6774,1.701,118527002
2022-07-14,1.6668,1.6726,1.6058,1.6162,180321391
2022-07-15,1.6094,1.6628,1.588,1.6374,179416959
2022-07-18,1.6612,1.7046,1.6398,1.676,155888885
2022-07-19,1.6698,1.7764,1.6638,1.7732,154778580
2022-07-20,1.7854,1.8136,1.7014,1.7042,191360856
2022-07-21,1.653,1.6996,1.5842,1.663,304504629
2022-07-22,1.6626,1.69,1.644,1.6596,172013154
2022-07-25,1.659,1.7016,1.657,1.6848,108135935
2022-07-26,1.6906,1.6906,1.65,1.661,106098100
2022-07-27,1.6708,1.6856,1.6468,1.6752,133013972
2022-07-28,1.695,1.7312,1.6932,1.7124,129463584
2022-07-29,1.736,1.7556,1.7172,1.7196,175136018
2022-08-01,1.7364,1.7766,1.729,1.7534,115899568
2022-08-02,1.75,1.7686,1.7322,1.7554,103976157
2022-08-03,1.7566,1.7764,1.7506,1.7716,94897964
2022-08-04,1.7802,1.794,1.7636,1.78,114666943
2022-08-05,1.7802,1.8246,1.7802,1.8142,101394530
2022-08-08,1.818,1.8326,1.791,1.8188,83084889
2022-08-09,1.8102,1.833,1.8074,1.8138,68422868
2022-08-10,1.8132,1.8354,1.8086,1.834,89351671
2022-08-11,1.8522,1.8522,1.829,1.84,82155719
2022-08-12,1.841,1.859,1.841,1.8528,87610595
2022-08-16,1.853,1.8648,1.8298,1.8512,86531745
2022-08-17,1.8584,1.8676,1.822,1.8264,105827577
2022-08-18,1.8232,1.8432,1.8232,1.832,79187184
2022-08-19,1.8224,1.823,1.7662,1.7718,122472861
2022-08-22,1.7512,1.757,1.7,1.7098,118900482
2022-08-23,1.7062,1.7632,1.7042,1.7502,119281295
2022-08-24,1.737,1.765,1.7288,1.7638,95507811
2022-08-25,1.777,1.779,1.729,1.7422,150220710
2022-08-26,1.7444,1.7546,1.6832,1.6878,143345418
2022-08-29,1.67,1.7046,1.66,1.697,94833257
2022-08-30,1.7066,1.7612,1.7056,1.7278,124624096
2022-08-31,1.742,1.7548,1.7124,1.7232,103121402
2022-09-01,1.7114,1.7158,1.6856,1.6952,110933065
2022-09-02,1.7088,1.7424,1.7018,1.7392,115166077
2022-09-05,1.697,1.7024,1.6728,1.6994,100568905
2022-09-06,1.697,1.7212,1.6888,1.7048,92177900
2022-09-07,1.6806,1.706,1.6806,1.7016,103707150
2022-09-08,1.719,1.753,1.6896,1.7374,151670427
2022-09-09,1.755,1.8386,1.754,1.8298,167335589
2022-09-12,1.852,1.9064,1.8484,1.8966,149206466
2022-09-13,1.8938,1.9258,1.8734,1.8828,104073041
2022-09-14,1.869,1.9148,1.86,1.8984,97288783
2022-09-15,1.9048,1.938,1.8958,1.9204,135911623
2022-09-16,1.898,1.925,1.8674,1.9178,131001177
2022-09-19,1.9038,1.9244,1.875,1.9144,65542552
2022-09-20,1.9194,1.939,1.8468,1.8494,122729525
2022-09-21,1.8246,1.8528,1.8114,1.8324,103548666
2022-09-22,1.8124,1.8908,1.794,1.8526,118143235
2022-09-23,1.869,1.869,1.7644,1.7674,124629757
2022-09-26,1.7604,1.8158,1.757,1.7714,113888502
2022-09-27,1.7904,1.7948,1.7284,1.7358,136114159
2022-09-28,1.707,1.7256,1.681,1.7064,177255311
2022-09-29,1.7,1.7044,1.635,1.6518,156512960
2022-09-30,1.678,1.705,1.6634,1.6978,143036501
2022-10-03,1.6638,1.737,1.6638,1.73,103744611
2022-10-04,1.77,1.793,1.7528,1.7858,93871275
2022-10-05,1.776,1.7828,1.7164,1.7378,97494637
2022-10-06,1.7638,1.7638,1.7064,1.719,94159178
2022-10-07,1.7016,1.7356,1.699,1.7096,95260722
2022-10-10,1.694,1.725,1.6926,1.7082,69636324
2022-10-11,1.6956,1.7064,1.6586,1.697,103632646
2022-10-12,1.696,1.697,1.654,1.6788,72451643
2022-10-13,1.6704,1.7192,1.6574,1.7056,100520561
2022-10-14,1.7346,1.7556,1.7126,1.7198,120594846
2022-10-17,1.722,1.7432,1.7088,1.7408,84205614
2022-10-18,1.7646,1.8236,1.7622,1.7996,126851966
2022-10-19,1.8074,1.8282,1.792,1.7954,73100601
2022-10-20,1.784,1.8348,1.775,1.8246,68146931
2022-10-21,1.8064,1.8346,1.7932,1.8278,76546710
2022-10-24,1.84,1.87,1.823,1.855,85910018
2022-10-25,1.8704,1.872,1.824,1.8594,98846837
2022-10-26,1.8642,1.8794,1.84,1.8714,80446763
2022-10-27,1.8624,1.9056,1.8378,1.9038,139589722
2022-10-28,1.89,1.9086,1.8684,1.902,85668774
2022-10-31,1.9108,1.9378,1.9056,1.9318,102707022
2022-11-01,1.925,1.9698,1.925,1.9402,99090634
2022-11-02,1.9596,1.9618,1.93,1.9518,86170428
2022-11-03,1.9296,1.97,1.9254,1.968,81402112
2022-11-04,1.985,2.0736,1.964,2.0558,231745509
2022-11-07,2.06,2.1336,2.0554,2.1306,170195521
2022-11-08,2.128,2.157,2.1234,2.152,113610910
2022-11-09,2.134,2.18,2.1254,2.1566,116805855
2022-11-10,2.142,2.208,2.141,2.1804,135631197
2022-11-11,2.182,2.188,2.157,2.164,112203499
2022-11-14,2.173,2.1956,2.158,2.189,81768768
2022-11-15,2.194,2.205,2.1584,2.1856,97513696
2022-11-16,2.181,2.1986,2.179,2.1916,79945805
2022-11-17,2.2106,2.2106,2.1464,2.174,112073060
2022-11-18,2.2026,2.2176,2.1784,2.21,141543298
2022-11-21,2.1726,2.196,2.1364,2.1426,120352156
2022-11-22,2.146,2.174,2.139,2.164,68156063
2022-11-23,2.162,2.169,2.129,2.15,74129049
2022-11-24,2.153,2.1646,2.1424,2.1594,53493712
2022-11-25,2.1586,2.173,2.147,2.153,45349038
2022-11-28,2.149,2.149,2.116,2.122,71002288
2022-11-29,2.131,2.1416,2.088,2.1346,80397691
2022-11-30,2.146,2.164,2.116,2.131,70298974
2022-12-01,2.1346,2.1396,2.078,2.088,103035533
2022-12-02,2.072,2.0996,2.069,2.0906,69646418
2022-12-05,2.096,2.107,2.0764,2.084,51721076
2022-12-06,2.0736,2.082,2.0604,2.0736,68496111
2022-12-07,2.057,2.0846,2.0424,2.061,62329073
2022-12-08,2.0726,2.075,2.045,2.0554,36456591
2022-12-09,2.069,2.08,2.03,2.061,76822247
2022-12-12,2.05,2.0826,2.05,2.069,57050370
2022-12-13,2.088,2.1146,2.0674,2.097,91482087
2022-12-14,2.1,2.104,2.076,2.089,57535876
2022-12-15,2.0746,2.0836,1.997,2.001,133225374
2022-12-16,2.009,2.045,1.996,2.043,157519131
2022-12-19,2.0476,2.0656,2.0304,2.0376,64619573
2022-12-20,2.0166,2.081,2.0054,2.0794,89690291
2022-12-21,2.0874,2.108,2.061,2.1034,82311072
2022-12-22,2.1074,2.118,2.0764,2.083,55116529
2022-12-23,2.09,2.102,2.082,2.09,51178062
2022-12-27,2.11,2.1116,2.078,2.084,35721057
2022-12-28,2.0736,2.093,2.0734,2.081,33743313
2022-12-29,2.078,2.109,2.067,2.1086,57456447
2022-12-30,2.0994,2.1016,2.0804,2.082,37103063
2023-01-02,2.1194,2.1386,2.09,2.12,74307015
2023-01-03,2.115,2.177,2.1124,2.1714,138837730
2023-01-04,2.18,2.2336,2.1754,2.2266,150488975
2023-01-05,2.2204,2.232,2.2044,2.207,81816175
2023-01-06,2.2256,2.239,2.2184,2.2336,100654278
2023-01-09,2.24,2.2476,2.2214,2.234,99441187
2023-01-10,2.2296,2.2486,2.219,2.246,95444168
2023-01-11,2.2626,2.266,2.235,2.256,111183580
2023-01-12,2.2656,2.2896,2.2614,2.284,112905075
2023-01-13,2.29,2.304,2.262,2.283,105754837
2023-01-16,2.299,2.31,2.273,2.2796,84121250
2023-01-17,2.292,2.2956,2.233,2.253,119673239
2023-01-18,2.266,2.28,2.241,2.2444,92856989
2023-01-19,2.2176,2.2476,2.2014,2.222,101092313
2023-01-20,2.2416,2.2536,2.1524,2.175,166910820
2023-01-23,2.179,2.2546,2.179,2.2396,134056860
2023-01-24,2.244,2.2906,2.234,2.2856,107754140
2023-01-25,2.2924,2.3026,2.2754,2.2986,116799053
2023-01-26,2.31,2.348,2.304,2.3454,143063490
2023-01-27,2.3486,2.3596,2.3314,2.354,106127982
2023-01-30,2.3454,2.361,2.324,2.341,114195799
2023-01-31,2.378,2.423,2.359,2.417,237058586
2023-02-01,2.41,2.4706,2.4074,2.4576,202772790
2023-02-02,2.4696,2.4786,2.405,2.458,176821288
2023-02-03,2.46,2.485,2.329,2.38,334083835
2023-02-06,2.37,2.4596,2.3664,2.44,179711910
2023-02-07,2.46,2.5,2.438,2.4664,195983114
2023-02-08,2.486,2.497,2.462,2.475,125411551
2023-02-09,2.4876,2.5216,2.481,2.504,158367769
2023-02-10,2.5,2.5046,2.4504,2.471,142624842
2023-02-13,2.4796,2.5096,2.4654,2.505,129159655
2023-02-14,2.508,2.522,2.497,2.5126,116353744
2023-02-15,2.5,2.5126,2.469,2.491,124830743
2023-02-16,2.5,2.557,2.5,2.552,186126870
2023-02-17,2.54,2.5816,2.5234,2.565,149439965
2023-02-20,2.5896,2.5896,2.5514,2.557,116101115
2023-02-21,2.546,2.5696,2.501,2.56,144921138
2023-02-22,2.5576,2.5576,2.4644,2.4864,178903801
2023-02-23,2.481,2.525,2.47,2.5196,106286670
2023-02-24,2.519,2.5356,2.4914,2.506,107868631
2023-02-27,2.503,2.56,2.498,2.5366,109769990
2023-02-28,2.52,2.5986,2.514,2.576,165436146
2023-03-01,2.584,2.584,2.528,2.536,139793538
2023-03-02,2.521,2.557,2.503,2.547,106925754
2023-03-03,2.557,2.5774,2.55,2.575,107515366
2023-03-06,2.58,2.603,2.573,2.593,103409869
2023-03-07,2.597,2.602,2.5634,2.5706,113725233
2023-03-08,2.554,2.592,2.554,2.576,106864652
2023-03-09,2.576,2.5786,2.52,2.54,124166603
2023-03-10,2.4824,2.4826,2.405,2.4766,205920224
2023-03-13,2.4716,2.478,2.2494,2.3386,361302432
2023-03-14,2.331,2.422,2.31,2.4014,237114243
2023-03-15,2.4054,2.424,2.2184,2.2276,332383793
2023-03-16,2.3196,2.3286,2.201,2.259,262066729
2023-03-17,2.269,2.304,2.1704,2.21,274252210
2023-03-20,2.117,2.3016,2.082,2.278,322381367
2023-03-21,2.33,2.372,2.3064,2.358,213414883
2023-03-22,2.35,2.3946,2.3314,2.3486,172156684
2023-03-23,2.342,2.365,2.3054,2.3226,143261913
2023-03-24,2.3016,2.3036,2.2024,2.2716,249561603
2023-03-27,2.305,2.318,2.263,2.2736,136185303
2023-03-28,2.302,2.31,2.2714,2.299,117585264
2023-03-29,2.3,2.3326,2.2894,2.3326,142307846
2023-03-30,2.344,2.382,2.3354,2.3654,98290413
2023-03-31,2.3746,2.38,2.34,2.3734,131883311
2023-04-03,2.39,2.397,2.363,2.366,105631355
2023-04-04,2.368,2.3746,2.3234,2.3286,110812382
2023-04-05,2.318,2.335,2.284,2.299,104044077
2023-04-06,2.3134,2.356,2.3064,2.3546,68383838
2023-04-11,2.37,2.383,2.364,2.3726,57052940
2023-04-12,2.38,2.4166,2.3774,2.3934,92425905
2023-04-13,2.395,2.4086,2.38,2.388,69843570
2023-04-14,2.407,2.4796,2.392,2.4716,137720575
2023-04-17,2.475,2.499,2.4354,2.4416,74167001
2023-04-18,2.463,2.4986,2.452,2.4806,77293669
2023-04-19,2.478,2.512,2.469,2.5116,69686693
2023-04-20,2.519,2.5246,2.482,2.4856,92119964
2023-04-21,2.506,2.506,2.459,2.477,86393267
2023-04-24,2.4686,2.5176,2.4654,2.51,62790174
2023-04-25,2.4756,2.478,2.443,2.4596,76549677
2023-04-26,2.4416,2.45,2.393,2.429,108199506
2023-04-27,2.436,2.4726,2.43,2.4606,75576204
2023-04-28,2.4486,2.4556,2.3504,2.383,135129119
2023-05-02,2.381,2.426,2.3184,2.3236,97207327
2023-05-03,2.342,2.392,2.342,2.3666,102216050
2023-05-04,2.3756,2.3756,2.3344,2.3534,97779123
2023-05-05,2.375,2.442,2.3524,2.4306,134028335
2023-05-08,2.4306,2.4666,2.4174,2.4536,78053430
2023-05-09,2.4676,2.479,2.4404,2.4566,77999370
2023-05-10,2.47,2.485,2.4054,2.413,106788788
2023-05-11,2.4226,2.4296,2.3624,2.3906,96621087
2023-05-12,2.409,2.443,2.4084,2.4266,71888539
2023-05-15,2.4426,2.4506,2.3934,2.415,57054207
2023-05-16,2.405,2.429,2.397,2.4094,56632299
2023-05-17,2.3906,2.412,2.3684,2.3956,76097104
2023-05-18,2.4156,2.448,2.3944,2.3986,87609588
2023-05-19,2.426,2.4296,2.378,2.404,104926423
2023-05-22,2.37,2.3996,2.331,2.341,101457796
2023-05-23,2.361,2.3616,2.3254,2.336,50946932
2023-05-24,2.327,2.327,2.2514,2.262,132892401
2023-05-25,2.247,2.27,2.2264,2.2564,85246611
2023-05-26,2.2796,2.281,2.191,2.248,93892088
2023-05-29,2.264,2.2676,2.2054,2.2236,54461460
2023-05-30,2.2176,2.2316,2.201,2.2044,81655889
2023-05-31,2.1924,2.226,2.1328,2.1354,152579655
2023-06-01,2.182,2.237,2.1754,2.2266,102257484
2023-06-02,2.2356,2.2816,2.224,2.277,61447806
2023-06-05,2.2964,2.2966,2.2384,2.2536,66583579
2023-06-06,2.252,2.2906,2.239,2.289,56627383
2023-06-07,2.294,2.295,2.2594,2.294,62903770
2023-06-08,2.3004,2.3496,2.297,2.331,87760730
2023-06-09,2.3156,2.336,2.2934,2.3066,51915520
2023-06-12,2.3156,2.3286,2.2844,2.305,61443642
2023-06-13,2.3156,2.3156,2.283,2.3084,59484162
2023-06-14,2.3146,2.3696,2.307,2.3516,81692659
2023-06-15,2.353,2.3666,2.3354,2.362,62047699
2023-06-16,2.3574,2.381,2.3494,2.3614,81407539
2023-06-19,2.3706,2.412,2.341,2.3906,76569450
2023-06-20,2.394,2.4216,2.3854,2.3906,84028869
2023-06-21,2.38,2.427,2.38,2.412,80192745
2023-06-22,2.3826,2.3916,2.344,2.3716,78918884
2023-06-23,2.3506,2.3616,2.3244,2.3286,78486401
2023-06-26,2.328,2.337,2.2844,2.3286,69086851
2023-06-27,2.346,2.365,2.3294,2.362,64698003
2023-06-28,2.37,2.375,2.347,2.363,52364246
2023-06-29,2.3586,2.401,2.357,2.3894,69921680
2023-06-30,2.4054,2.424,2.398,2.409,93583444
2023-07-03,2.397,2.4436,2.3964,2.4346,84049834
2023-07-04,2.439,2.4516,2.4114,2.4166,47182017
2023-07-05,2.413,2.427,2.3934,2.4076,54372247
2023-07-06,2.3906,2.3936,2.3184,2.326,108159603
2023-07-07,2.3426,2.367,2.327,2.35,68465549
2023-07-10,2.342,2.3756,2.338,2.3586,39148265
2023-07-11,2.3746,2.3896,2.35,2.3846,47678699
2023-07-12,2.392,2.417,2.3854,2.4124,63000705
2023-07-13,2.417,2.45,2.405,2.443,94025310
2023-07-14,2.4266,2.457,2.422,2.4306,76085051
2023-07-17,2.4174,2.446,2.4174,2.435,50883400
2023-07-18,2.435,2.4686,2.427,2.463,64346047
2023-07-19,2.4744,2.5,2.469,2.492,97179865
2023-07-20,2.499,2.531,2.4924,2.519,95495897
2023-07-21,2.5064,2.5476,2.5064,2.533,88568537
2023-07-24,2.517,2.5376,2.5154,2.534,57089149
2023-07-25,2.545,2.555,2.534,2.5384,58163892
2023-07-26,2.5496,2.5806,2.5274,2.541,96400991
2023-07-27,2.547,2.5796,2.547,2.573,124763811
2023-07-28,2.5906,2.6216,2.572,2.615,187634050
2023-07-31,2.6114,2.6416,2.602,2.634,114201635
2023-08-01,2.635,2.6446,2.5854,2.6056,115419547
2023-08-02,2.584,2.584,2.538,2.5544,101890794
2023-08-03,2.57,2.57,2.515,2.5384,82625027
2023-08-04,2.548,2.5666,2.5304,2.5476,78989646
2023-08-07,2.5376,2.568,2.531,2.5576,53170029
2023-08-08,2.426,2.45,2.3284,2.3406,407458440
2023-08-09,2.4106,2.45,2.37,2.391,190071333
2023-08-10,2.4,2.4546,2.4,2.4416,105623149
2023-08-11,2.453,2.453,2.415,2.432,59880919
2023-08-14,2.4556,2.5,2.425,2.4464,52373555
2023-08-16,2.408,2.436,2.4,2.4236,62338175
2023-08-17,2.411,2.437,2.397,2.414,73950912
2023-08-18,2.397,2.41,2.383,2.4054,72453800
2023-08-21,2.3934,2.46,2.3934,2.439,81927911
2023-08-22,2.457,2.4716,2.4414,2.456,65391519
2023-08-23,2.476,2.481,2.4454,2.456,67232728
2023-08-24,2.4726,2.4796,2.4404,2.448,69765348
2023-08-25,2.44,2.4706,2.44,2.454,51884725
2023-08-28,2.4624,2.4876,2.4624,2.48,53449070
2023-08-29,2.4756,2.498,2.4704,2.4944,63284780
2023-08-30,2.5,2.536,2.5,2.5046,73019952
2023-08-31,2.506,2.5136,2.471,2.4766,68829329
2023-09-01,2.468,2.49,2.4404,2.4566,68927196
2023-09-04,2.4576,2.4846,2.4404,2.4516,46693400
2023-09-05,2.4436,2.458,2.4244,2.444,46261274
2023-09-06,2.4464,2.448,2.3834,2.399,100943480
2023-09-07,2.395,2.4026,2.366,2.382,81841543
2023-09-08,2.4036,2.418,2.378,2.414,77695259
2023-09-11,2.4566,2.495,2.443,2.476,112241865
2023-09-12,2.48,2.4856,2.4584,2.476,72026126
2023-09-13,2.47,2.488,2.453,2.4664,70044041
2023-09-14,2.4526,2.4794,2.3974,2.4736,152287325
2023-09-15,2.545,2.545,2.4584,2.466,149635560
2023-09-18,2.4716,2.48,2.42,2.4276,78826852
2023-09-19,2.439,2.445,2.417,2.441,51336800
2023-09-20,2.437,2.522,2.437,2.51,151415667
2023-09-21,2.495,2.5106,2.472,2.488,87709219
2023-09-22,2.479,2.487,2.4494,2.4616,84207048
2023-09-25,2.4696,2.4936,2.4374,2.4504,67342067
2023-09-26,2.4254,2.4556,2.412,2.4266,79856558
2023-09-27,2.421,2.4466,2.409,2.4214,51622004
2023-09-28,2.4304,2.4546,2.416,2.451,67992230
2023-09-29,2.4624,2.4716,2.444,2.449,62016410
2023-10-02,2.4476,2.465,2.403,2.411,55824052
2023-10-03,2.4076,2.435,2.374,2.3876,79489329
2023-10-04,2.369,2.3806,2.3474,2.3686,95589749
2023-10-05,2.3864,2.3886,2.3454,2.368,61802322
2023-10-06,2.373,2.4056,2.359,2.401,75698021
2023-10-09,2.3864,2.3888,2.344,2.371,80790424
2023-10-10,2.402,2.4346,2.3924,2.429,68178679
2023-10-11,2.3966,2.4526,2.3964,2.4464,66672867
2023-10-12,2.457,2.475,2.444,2.4496,111731103
2023-10-13,2.435,2.4506,2.398,2.4036,83358443
2023-10-16,2.408,2.429,2.394,2.4174,60763068
2023-10-17,2.404,2.44,2.404,2.429,50048226
2023-10-18,2.4306,2.434,2.3924,2.4014,55975641
2023-10-19,2.398,2.3996,2.3644,2.373,74401489
2023-10-20,2.3596,2.3596,2.3314,2.345,88041491
2023-10-23,2.36,2.375,2.333,2.372,77111282
2023-10-24,2.3824,2.3836,2.348,2.3598,65289178
2023-10-25,2.334,2.36,2.334,2.3534,52949763
2023-10-26,2.33,2.3716,2.3144,2.3676,86523472
2023-10-27,2.388,2.403,2.367,2.3786,67599351
2023-10-30,2.3876,2.4116,2.374,2.4054,73906517
2023-10-31,2.4076,2.4644,2.405,2.4544,98763401
2023-11-01,2.461,2.507,2.461,2.495,101592029
2023-11-02,2.5,2.538,2.5,2.5246,130659670
2023-11-03,2.5476,2.5936,2.5254,2.5616,152454520
2023-11-06,2.62,2.6336,2.568,2.573,118000980
2023-11-07,2.542,2.584,2.542,2.5626,67910865
2023-11-08,2.566,2.5906,2.539,2.572,93726512
2023-11-09,2.575,2.5856,2.565,2.5776,89872170
2023-11-10,2.573,2.5856,2.5568,2.57,79695712
2023-11-13,2.569,2.604,2.569,2.601,112706481
2023-11-14,2.59,2.635,2.59,2.63,145317340
2023-11-15,2.649,2.665,2.636,2.651,104036369
2023-11-16,2.6524,2.658,2.642,2.6446,130863711
2023-11-17,2.616,2.675,2.616,2.675,141630604
2023-11-20,2.58,2.6076,2.564,2.569,135025774
2023-11-21,2.5786,2.5786,2.516,2.527,99266244
2023-11-22,2.546,2.5658,2.5214,2.54,65142538
2023-11-23,2.5526,2.5656,2.5264,2.5606,60006602
2023-11-24,2.557,2.605,2.557,2.5994,97638426
2023-11-27,2.602,2.6106,2.5864,2.6,71626278
2023-11-28,2.5994,2.619,2.5994,2.6166,76476112
2023-11-29,2.6292,2.658,2.6292,2.643,120690177
2023-11-30,2.655,2.659,2.627,2.6426,80447524
2023-12-01,2.6256,2.6726,2.6254,2.6646,75649138
2023-12-04,2.683,2.695,2.6564,2.6916,83695659
2023-12-05,2.6786,2.719,2.671,2.686,100578236
2023-12-06,2.696,2.713,2.6894,2.702,81542354
2023-12-07,2.6786,2.708,2.6564,2.6816,93402669
2023-12-08,2.6804,2.7,2.6594,2.7,90936762
2023-12-11,2.7,2.704,2.683,2.6956,65877874
2023-12-12,2.7386,2.7386,2.68,2.684,67678685
2023-12-13,2.6966,2.6966,2.68,2.6846,64210017
2023-12-14,2.7266,2.727,2.592,2.6216,169627576
2023-12-15,2.6346,2.6496,2.614,2.6286,114084902
2023-12-18,2.667,2.667,2.6134,2.622,54729911
2023-12-19,2.62,2.6536,2.613,2.6496,67142984
2023-12-20,2.6566,2.6606,2.622,2.64,53531394
2023-12-21,2.6386,2.6416,2.619,2.6256,44458196
2023-12-22,2.6306,2.6436,2.618,2.64,46031742
2023-12-27,2.6404,2.6606,2.632,2.6546,38882142
2023-12-28,2.662,2.6646,2.6324,2.64,38046224
2023-12-29,2.647,2.652,2.6394,2.6406,32407997
2024-01-02,2.6936,2.701,2.6494,2.6976,95077071
2024-01-03,2.716,2.717,2.684,2.696,85153126
2024-01-04,2.702,2.75,2.6964,2.746,107382035
2024-01-05,2.7466,2.805,2.732,2.786,132779724
2024-01-08,2.7906,2.807,2.769,2.795,74856715
2024-01-09,2.798,2.803,2.753,2.76,91018074
2024-01-10,2.7656,2.77,2.744,2.748,53935004
2024-01-11,2.769,2.7736,2.718,2.727,76098658
2024-01-12,2.737,2.747,2.7184,2.7256,56028563
2024-01-15,2.731,2.7386,2.707,2.7256,46027028
2024-01-16,2.707,2.718,2.677,2.7136,63793770
2024-01-17,2.7006,2.737,2.6904,2.735,72829202
2024-01-18,2.728,2.763,2.7144,2.7536,67821982
2024-01-19,2.7724,2.7846,2.7474,2.754,98001881
2024-01-22,2.79,2.799,2.75,2.7644,80206050
2024-01-23,2.7716,2.7844,2.7602,2.7684,52082789
2024-01-24,2.7786,2.8336,2.777,2.8336,111924946
2024-01-25,2.851,2.851,2.8018,2.809,92098947
2024-01-26,2.826,2.8316,2.798,2.8126,71957987
2024-01-29,2.823,2.83,2.7754,2.7816,86322834
2024-01-30,2.8134,2.893,2.794,2.8796,144972461
2024-01-31,2.897,2.8996,2.859,2.864,121639590
2024-02-01,2.84,2.8866,2.793,2.8016,119946367
2024-02-02,2.813,2.83,2.7684,2.8028,90953682
2024-02-05,2.8386,2.901,2.8384,2.8746,164815361
2024-02-06,2.9196,2.957,2.8654,2.894,229187157
2024-02-07,2.909,2.909,2.807,2.839,177967211
2024-02-08,2.85,2.8566,2.8112,2.8206,97485007
2024-02-09,2.8396,2.8396,2.768,2.7816,116137568
2024-02-12,2.848,2.849,2.7964,2.823,74463142
2024-02-13,2.8,2.8516,2.7954,2.8016,59949454
2024-02-14,2.7814,2.83,2.781,2.8146,55530861
2024-02-15,2.8236,2.8266,2.7954,2.8228,70261279
2024-02-16,2.863,2.863,2.8194,2.8336,96944251
2024-02-19,2.8286,2.8484,2.825,2.83,49018839
2024-02-20,2.8546,2.8546,2.826,2.8414,43285507
2024-02-21,2.835,2.899,2.835,2.888,126400067
2024-02-22,2.924,2.924,2.889,2.902,106740780
2024-02-23,2.9026,2.9336,2.8964,2.9326,129332937
2024-02-26,2.9356,2.9616,2.9194,2.9556,122684588
2024-02-27,2.963,2.963,2.9344,2.9506,95835911
2024-02-28,2.9824,2.9826,2.94,2.9506,62890800
2024-02-29,2.9824,2.9826,2.936,2.9456,75775915
2024-03-01,2.973,3.0236,2.9424,2.995,202509359
2024-03-04,3,3.012,2.9914,3.003,76111001
2024-03-05,3.007,3.066,2.988,3.054,134632794
2024-03-06,3.0754,3.1086,3.0544,3.103,116331960
2024-03-07,3.093,3.1096,3.066,3.084,123065854
2024-03-08,3.0956,3.1054,3.081,3.099,72043688
2024-03-11,3.1016,3.1016,3.0234,3.068,96305446
2024-03-12,3.098,3.138,3.0814,3.135,113120514
2024-03-13,3.1576,3.2,3.14,3.1826,131491492
2024-03-14,3.1996,3.212,3.1634,3.1736,111590638
2024-03-15,3.1514,3.232,3.1424,3.2246,170187306
2024-03-18,3.2604,3.2746,3.213,3.2306,89112427
2024-03-19,3.261,3.2806,3.23,3.277,92648326
2024-03-20,3.291,3.291,3.247,3.2684,89660230
2024-03-21,3.2946,3.3,3.2774,3.2986,88718204
2024-03-22,3.306,3.313,3.2774,3.3,75594697
2024-03-25,3.3414,3.3416,3.2874,3.3224,81100762
2024-03-26,3.337,3.359,3.314,3.3486,99065473
2024-03-27,3.351,3.369,3.3404,3.35,90179786
2024-03-28,3.3706,3.382,3.349,3.355,96559675
2024-04-02,3.3996,3.4,3.3474,3.348,109487363
2024-04-03,3.3626,3.411,3.358,3.402,96002140
2024-04-04,3.4214,3.423,3.3834,3.387,66760757
2024-04-05,3.3596,3.4106,3.2274,3.323,146004782
2024-04-08,3.35,3.3616,3.309,3.3576,57728580
2024-04-09,3.3416,3.3646,3.29,3.3156,64150027
2024-04-10,3.334,3.364,3.287,3.3528,98025563
2024-04-11,3.357,3.368,3.245,3.2816,87125130
2024-04-12,3.32,3.3436,3.2814,3.289,81614438
2024-04-15,3.3106,3.372,3.28,3.3296,74758461
2024-04-16,3.27,3.287,3.244,3.2496,83939486
2024-04-17,3.234,3.316,3.234,3.3056,72145491
2024-04-18,3.3494,3.3496,3.3,3.3456,69664790
2024-04-19,3.3196,3.377,3.308,3.377,103493977
2024-04-22,3.3996,3.438,3.394,3.4214,92709775
2024-04-23,3.4836,3.5306,3.4334,3.524,135177398
2024-04-24,3.528,3.5676,3.498,3.5184,95666919
2024-04-25,3.5584,3.576,3.4814,3.5036,74624385
2024-04-26,3.565,3.601,3.507,3.5486,52575724
2024-04-29,3.613,3.613,3.5222,3.5446,81229348
2024-04-30,3.555,3.5746,3.518,3.5366,62885570
2024-05-02,3.5714,3.593,3.5304,3.587,98672056
2024-05-03,3.59,3.597,3.437,3.463,182842460
2024-05-06,3.53,3.569,3.484,3.5566,90001229
2024-05-07,3.5836,3.6,3.561,3.5986,87509464
2024-05-08,3.6154,3.626,3.561,3.5956,80064706
2024-05-09,3.5916,3.61,3.536,3.5786,85017534
2024-05-10,3.595,3.609,3.574,3.598,73987427
2024-05-13,3.648,3.648,3.6,3.63,72355023
2024-05-14,3.638,3.734,3.6274,3.7096,158977433
2024-05-15,3.7386,3.757,3.683,3.724,87383228
2024-05-16,3.75,3.841,3.7074,3.726,72664102
2024-05-17,3.7426,3.762,3.7284,3.7506,127532447
2024-05-20,3.6736,3.6736,3.544,3.5604,122189698
2024-05-21,3.578,3.5838,3.53,3.553,92204078
2024-05-22,3.5634,3.5786,3.528,3.5416,66715374
2024-05-23,3.547,3.5596,3.5064,3.5436,60984075
2024-05-24,3.5006,3.5526,3.4804,3.5516,67924158
2024-05-27,3.544,3.5626,3.521,3.5626,32422704
2024-05-28,3.5786,3.6386,3.574,3.607,81840792
2024-05-29,3.605,3.616,3.5054,3.531,66292730
2024-05-30,3.5256,3.616,3.5234,3.6112,83717243
2024-05-31,3.62,3.652,3.6014,3.61,84725483
2024-06-03,3.634,3.655,3.62,3.646,74813447
2024-06-04,3.634,3.636,3.544,3.5536,93980578
2024-06-05,3.562,3.59,3.5334,3.5436,71786949
2024-06-06,3.5646,3.615,3.509,3.6116,91561443
2024-06-07,3.612,3.6126,3.553,3.5896,57143841
2024-06-10,3.575,3.5756,3.526,3.5686,63684365
2024-06-11,3.59,3.59,3.4474,3.484,107882522
2024-06-12,3.49,3.547,3.49,3.543,72298641
2024-06-13,3.521,3.556,3.4044,3.42,114479160
2024-06-14,3.4094,3.4106,3.258,3.319,196840667
2024-06-17,3.351,3.3956,3.316,3.373,98390542
2024-06-18,3.359,3.4476,3.359,3.4236,78868199
2024-06-19,3.4294,3.482,3.4064,3.4646,70077172
2024-06-20,3.47,3.5116,3.462,3.496,65598528
2024-06-21,3.5136,3.5136,3.4174,3.456,98970294
2024-06-24,3.4436,3.5356,3.4434,3.533,62612120
2024-06-25,3.5126,3.5496,3.5004,3.514,48012736
2024-06-26,3.54,3.559,3.489,3.5236,60251270
2024-06-27,3.529,3.5306,3.447,3.464,75792678
2024-06-28,3.4926,3.5194,3.4554,3.4676,77606507
2024-07-01,3.56,3.5866,3.535,3.5826,96567141
2024-07-02,3.5976,3.5976,3.5154,3.5376,58451541
2024-07-03,3.555,3.585,3.5294,3.572,76713126
2024-07-04,3.5756,3.594,3.572,3.583,51224231
2024-07-05,3.5994,3.5996,3.523,3.5504,55359869
2024-07-08,3.549,3.624,3.538,3.5746,75189129
2024-07-09,3.5816,3.5816,3.5334,3.5504,45169933
2024-07-10,3.568,3.5936,3.539,3.5808,57503474
2024-07-11,3.57,3.5996,3.541,3.5936,69441238
2024-07-12,3.598,3.624,3.591,3.622,56333748
2024-07-15,3.62,3.634,3.5824,3.6078,44887948
2024-07-16,3.593,3.6536,3.5784,3.634,60494690
2024-07-17,3.6406,3.658,3.621,3.6472,58535225
2024-07-18,3.66,3.693,3.653,3.6714,65351260
2024-07-19,3.6806,3.6806,3.636,3.6416,58899446
2024-07-22,3.675,3.724,3.6454,3.7156,68114655
2024-07-23,3.7396,3.759,3.717,3.7384,79044039
2024-07-24,3.76,3.76,3.6908,3.726,78378356
2024-07-25,3.691,3.7166,3.6502,3.698,68171925
2024-07-26,3.665,3.7114,3.665,3.7086,53191959
2024-07-29,3.7286,3.7406,3.6564,3.677,65073205
2024-07-30,3.6594,3.8246,3.6594,3.797,144309333
2024-07-31,3.812,3.8356,3.731,3.7506,94944737
2024-08-01,3.77,3.77,3.5824,3.5946,140282164
2024-08-02,3.473,3.5496,3.43,3.4496,179339814
2024-08-05,3.22,3.4396,3.13,3.401,178523348
2024-08-06,3.4576,3.49,3.3354,3.3556,120329867
2024-08-07,3.4214,3.4976,3.3784,3.473,117277844
2024-08-08,3.481,3.481,3.3874,3.4446,110975705
2024-08-09,3.4824,3.4906,3.434,3.462,54873167
2024-08-12,3.474,3.5,3.464,3.47,53403468
2024-08-13,3.4916,3.497,3.448,3.473,67279406
2024-08-14,3.48,3.499,3.474,3.4884,45265227
2024-08-16,3.5496,3.597,3.5494,3.5856,74913396
2024-08-19,3.61,3.6406,3.603,3.617,47227158
2024-08-20,3.6406,3.6436,3.5802,3.587,50664445
2024-08-21,3.585,3.6328,3.585,3.6186,42440915
2024-08-22,3.6046,3.628,3.598,3.624,34478491
2024-08-23,3.6466,3.684,3.6344,3.673,44987072
2024-08-26,3.7096,3.7096,3.6494,3.6576,28987708
2024-08-27,3.6696,3.697,3.653,3.6966,49632461
2024-08-28,3.703,3.7156,3.679,3.7026,46094493
2024-08-29,3.731,3.7416,3.704,3.722,55686408
2024-08-30,3.745,3.782,3.734,3.7676,63898936
2024-09-02,3.78,3.795,3.756,3.7776,48576418
2024-09-03,3.8156,3.8156,3.691,3.7096,62389610
2024-09-04,3.6906,3.739,3.66,3.7116,59632756
2024-09-05,3.7116,3.7638,3.6954,3.758,59290847
2024-09-06,3.7426,3.7826,3.665,3.667,82405477
2024-09-09,3.645,3.7366,3.645,3.7198,53460943
2024-09-10,3.741,3.763,3.685,3.695,66456081
2024-09-11,3.7396,3.74,3.675,3.6976,68071316
2024-09-12,3.735,3.7536,3.681,3.73,62654992
2024-09-13,3.737,3.7606,3.726,3.747,50531539
2024-09-16,3.729,3.762,3.713,3.7356,55891960
2024-09-17,3.7716,3.789,3.734,3.7516,70929685
2024-09-18,3.76,3.7926,3.7594,3.772,54369403
2024-09-19,3.7986,3.8066,3.756,3.7916,73074282
2024-09-20,3.7884,3.86,3.7864,3.8266,108961767
2024-09-23,3.823,3.832,3.742,3.754,77822332
2024-09-24,3.79,3.8186,3.7574,3.7756,52545626
2024-09-25,3.7854,3.8096,3.7424,3.778,53770852
2024-09-26,3.8286,3.873,3.797,3.873,96917014
2024-09-27,3.8886,3.8886,3.844,3.8676,65373085
2024-09-30,3.8676,3.8796,3.825,3.8356,75532470
2024-10-01,3.85,3.859,3.7284,3.7436,104790239
2024-10-02,3.7804,3.782,3.6734,3.716,76207297
2024-10-03,3.716,3.7286,3.6584,3.6926,96173755
2024-10-04,3.706,3.782,3.7004,3.759,73227818
2024-10-07,3.785,3.813,3.7484,3.7936,65813246
2024-10-08,3.772,3.809,3.77,3.788,45503763
2024-10-09,3.795,3.815,3.7524,3.8076,60222591
2024-10-10,3.82,3.85,3.8014,3.845,86726237
2024-10-11,3.863,3.8916,3.8234,3.8886,81305846
2024-10-14,3.909,3.9258,3.8764,3.922,83868259
2024-10-15,3.9384,3.9386,3.8894,3.932,112939847
2024-10-16,3.9026,3.962,3.88,3.9246,106455908
2024-10-17,3.925,3.981,3.925,3.9716,95096474
2024-10-18,3.953,4,3.9414,3.991,94268285
2024-10-21,3.9936,3.999,3.96,3.97,72916150
2024-10-22,3.9996,3.9996,3.9024,3.935,63464340
2024-10-23,3.934,3.9376,3.887,3.8896,54460361
2024-10-24,3.9014,3.9176,3.8774,3.8866,55587801
2024-10-25,3.8886,3.904,3.865,3.876,52308304
2024-10-28,3.8976,3.934,3.8684,3.9306,67369247
2024-10-29,3.9506,3.984,3.9484,3.969,72886751
2024-10-30,3.9586,3.963,3.9014,3.948,71428500
2024-10-31,3.928,3.988,3.9094,3.934,101949226
2024-11-01,3.9664,4.048,3.946,4.036,101541992
2024-11-04,4.0496,4.087,4.0224,4.076,106849296
2024-11-05,4.094,4.106,4.057,4.0936,91741035
2024-11-06,4.1436,4.1436,3.961,3.971,149564566
2024-11-07,4.009,4.019,3.847,3.8536,122357966
2024-11-08,3.913,3.913,3.796,3.84,98788858
2024-11-11,3.896,3.927,3.849,3.9036,63121433
2024-11-12,3.8766,3.9016,3.7984,3.8056,88431162
2024-11-13,3.819,3.8776,3.799,3.8296,78017771
2024-11-14,3.84,3.914,3.8274,3.905,69529214
2024-11-15,3.9006,3.9276,3.883,3.898,83255489
2024-11-18,3.7796,3.7796,3.7204,3.756,91975731
2024-11-19,3.784,3.784,3.6244,3.708,110041642
2024-11-20,3.734,3.743,3.675,3.698,66862326
2024-11-21,3.705,3.7146,3.64,3.6592,78481090
2024-11-22,3.6706,3.71,3.554,3.631,120619643
2024-11-25,3.6486,3.6626,3.556,3.61,83557413
2024-11-26,3.6006,3.6106,3.535,3.5826,89023369
2024-11-27,3.5786,3.593,3.515,3.576,80510455
2024-11-28,3.6016,3.6206,3.5724,3.6096,44824525
2024-11-29,3.5994,3.637,3.585,3.624,55764151
2024-12-02,3.612,3.6656,3.576,3.631,76319894
2024-12-03,3.649,3.706,3.642,3.6926,59564078
2024-12-04,3.7056,3.756,3.6814,3.739,56242287
2024-12-05,3.7366,3.828,3.7344,3.8256,71667236
2024-12-06,3.824,3.8516,3.8134,3.837,66192406
2024-12-09,3.8776,3.8796,3.8274,3.84,53037109
2024-12-10,3.8496,3.859,3.815,3.8286,48414560
2024-12-11,3.816,3.855,3.816,3.843,52117127
2024-12-12,3.86,3.896,3.837,3.8956,62798851
2024-12-13,3.895,3.928,3.895,3.923,56664765
2024-12-16,3.8716,3.99,3.8714,3.95,75690567
2024-12-17,3.929,3.938,3.856,3.8726,54552370
2024-12-18,3.8986,3.916,3.848,3.9026,53782883
2024-12-19,3.8756,3.8936,3.8362,3.856,55877868
2024-12-20,3.841,3.848,3.7664,3.8416,87274075
2024-12-23,3.791,3.8466,3.791,3.817,42991134
2024-12-27,3.8406,3.8696,3.803,3.8636,45940190
2024-12-30,3.8294,3.8896,3.8294,3.8586,37129947
2025-01-02,3.94,3.94,3.742,3.8536,68647963
2025-01-03,3.869,3.881,3.8314,3.849,51175496
2025-01-06,3.8706,3.932,3.837,3.9286,67710744
2025-01-07,3.908,3.9456,3.841,3.9196,69544600
2025-01-08,3.8956,3.982,3.8954,3.9626,91850773
2025-01-09,3.967,3.991,3.923,3.9876,54157717
2025-01-10,4.01,4.0388,3.985,4.018,90873827
2025-01-13,4.0106,4.023,3.952,3.9636,58747234
2025-01-14,4.0016,4.07,3.9804,4.0696,103110734
2025-01-15,4.083,4.093,4.042,4.0906,87935254
2025-01-16,4.12,4.135,4.087,4.099,74089736
2025-01-17,4.0964,4.15,4.0964,4.143,70765971
2025-01-20,4.16,4.1966,4.1454,4.177,75021804
2025-01-21,4.1956,4.1956,4.144,4.165,51106026
2025-01-22,4.163,4.178,4.0884,4.0976,59195347
2025-01-23,4.0896,4.175,4.0894,4.1726,49433103
2025-01-24,4.19,4.2296,4.17,4.1894,79328302
2025-01-27,4.176,4.2016,4.1374,4.179,64181792
2025-01-28,4.172,4.2176,4.159,4.1974,71721962
2025-01-29,4.2096,4.248,4.1874,4.241,68490383
2025-01-30,4.2496,4.2696,4.207,4.2164,77565406
2025-01-31,4.2316,4.2666,4.1888,4.194,63009596
2025-02-03,4.1786,4.213,4.0284,4.161,90065371
2025-02-04,4.177,4.265,4.106,4.2546,158021068
2025-02-05,4.267,4.267,4.197,4.217,85162215
2025-02-06,4.2686,4.3506,4.237,4.3486,128718593
2025-02-07,4.362,4.367,4.2054,4.3464,81553050
2025-02-10,4.3806,4.381,4.3134,4.3376,72381081
2025-02-11,4.3734,4.4246,4.3344,4.4214,77988777
2025-02-12,4.4394,4.5226,4.404,4.429,100209098
2025-02-13,4.45,4.4626,4.368,4.3784,86609390
2025-02-14,4.4086,4.423,4.366,4.39,66138845
2025-02-17,4.3944,4.4826,4.3944,4.475,81886245
2025-02-18,4.491,4.5466,4.471,4.544,96643499
2025-02-19,4.547,4.594,4.5004,4.511,115608818
2025-02-20,4.5166,4.553,4.4844,4.497,63911992
2025-02-21,4.5366,4.537,4.4764,4.5126,59743174
2025-02-24,4.5476,4.553,4.472,4.535,63099842
2025-02-25,4.53,4.632,4.518,4.606,113315081
2025-02-26,4.68,4.79,4.6344,4.77,146089302
2025-02-27,4.7656,4.799,4.717,4.751,107504778
2025-02-28,4.7626,4.7626,4.709,4.732,73137977
2025-03-03,4.7306,4.85,4.6874,4.8106,101500662
2025-03-04,4.7584,4.815,4.613,4.6596,139460983
2025-03-05,4.8194,4.8896,4.728,4.831,138681363
2025-03-06,4.9036,4.912,4.807,4.87,139105252
2025-03-07,4.846,4.902,4.803,4.8856,107434493
2025-03-10,4.903,4.948,4.758,4.797,129046438
2025-03-11,4.809,4.827,4.644,4.6836,98609442
2025-03-12,4.7356,4.823,4.713,4.7644,70803650
2025-03-13,4.76,4.786,4.685,4.711,77119704
2025-03-14,4.7315,4.816,4.666,4.792,79414384
2025-03-17,4.811,4.83,4.763,4.8165,57691076
2025-03-18,4.856,4.929,4.84,4.9215,89762783
2025-03-19,4.9085,4.975,4.889,4.95,67706625
2025-03-20,4.9695,4.97,4.763,4.8075,112663048
2025-03-21,4.795,4.837,4.757,4.823,109216844
2025-03-24,4.901,4.971,4.821,4.839,50666727
2025-03-25,4.8585,4.945,4.84,4.9405,69896971
2025-03-26,4.982,4.999,4.893,4.913,81046014
2025-03-27,4.8965,4.92,4.806,4.9125,79758585
2025-03-28,4.904,4.904,4.802,4.8265,76794387
2025-03-31,4.8115,4.892,4.711,4.7415,96876565
2025-04-01,4.776,4.8175,4.741,4.804,64006278
2025-04-02,4.768,4.815,4.72,4.7765,54760657
2025-04-03,4.726,4.726,4.447,4.451,134631023
2025-04-04,4.453,4.491,3.974,4.1165,353951757
2025-04-07,3.7815,4.121,3.474,3.864,284740360
2025-04-08,4.15,4.202,3.832,3.982,157134854
2025-04-09,3.881,3.936,3.806,3.9115,135833710
2025-04-10,4.49,4.59,4.141,4.157,161275150
2025-04-11,4.2505,4.251,4.043,4.107,92001623
2025-04-14,4.2285,4.2685,4.183,4.2365,100481725
2025-04-15,4.29,4.379,4.245,4.363,84365516
2025-04-16,4.33,4.398,4.284,4.3955,81850560
2025-04-17,4.4045,4.41,4.318,4.358,66263760
2025-04-22,4.36,4.462,4.351,4.409,66232405
2025-04-23,4.515,4.552,4.449,4.539,79335627
2025-04-24,4.55,4.605,4.511,4.556,72464799
2025-04-25,4.5935,4.672,4.571,4.6645,59461785
2025-04-28,4.6945,4.734,4.679,4.685,64122163
2025-04-29,4.719,4.769,4.706,4.7665,71509472
2025-04-30,4.7455,4.812,4.593,4.6625,121885615
2025-05-02,4.7395,4.787,4.724,4.7515,88683442
2025-05-05,4.8255,4.826,4.729,4.7955,50649182
2025-05-06,4.8135,4.826,4.678,4.747,100550399
2025-05-07,4.787,4.79,4.685,4.6855,69250434
2025-05-08,4.7065,4.813,4.694,4.809,64268374
2025-05-09,4.832,4.87,4.806,4.848,81214788
2025-05-12,4.8975,4.977,4.848,4.877,106815227
2025-05-13,4.909,4.922,4.862,4.881,59817551
2025-05-14,4.892,4.947,4.872,4.945,68287931
2025-05-15,4.943,4.981,4.921,4.9645,80277486
2025-05-16,4.97,4.982,4.931,4.971,92809535
2025-05-19,4.83,4.901,4.804,4.8655,73373585
2025-05-20,4.86,4.936,4.848,4.9195,70398005
2025-05-21,4.899,4.96,4.899,4.9385,63994890
2025-05-22,4.9295,4.943,4.883,4.914,57587673
2025-05-23,4.924,4.942,4.696,4.769,139422800
2025-05-26,4.8825,4.883,4.811,4.8295,39880306
2025-05-27,4.841,4.864,4.808,4.843,46974524
2025-05-28,4.8435,4.893,4.839,4.842,56501452
2025-05-29,4.9055,4.919,4.822,4.8525,61477153
2025-05-30,4.838,4.915,4.838,4.887,60782776
2025-06-02,4.9015,4.926,4.851,4.9075,67055685
2025-06-03,4.915,4.924,4.821,4.9035,71062603
2025-06-04,4.914,4.93,4.831,4.869,75981529
2025-06-05,4.8765,4.945,4.851,4.9355,73342819
2025-06-06,4.94,5.03,4.917,5.009,91547929
2025-06-09,5.003,5.04,4.988,5.009,45475429
2025-06-10,5.026,5.026,4.886,4.915,93422937
2025-06-11,4.8925,4.919,4.855,4.892,58035622
2025-06-12,4.876,4.908,4.832,4.868,65023874
2025-06-13,4.7005,4.846,4.689,4.8215,102100740
2025-06-16,4.831,4.942,4.828,4.9285,54827411
2025-06-17,4.917,4.917,4.795,4.8125,62448928
2025-06-18,4.809,4.842,4.792,4.8315,35230793
2025-06-19,4.7825,4.823,4.757,4.761,38648010
2025-06-20,4.802,4.853,4.764,4.8025,64238251
2025-06-23,4.7855,4.8145,4.733,4.7665,68875589
2025-06-24,4.8495,4.893,4.822,4.8685,59922865
2025-06-25,4.887,4.887,4.802,4.829,45010920
2025-06-26,4.854,4.865,4.793,4.8095,57856951
2025-06-27,4.834,4.871,4.806,4.862,39458018
2025-06-30,4.895,4.896,4.831,4.8815,39387877
2025-07-01,4.888,4.891,4.833,4.8455,46051704
2025-07-02,4.8725,4.898,4.825,4.8795,54276151
2025-07-03,4.9065,4.917,4.847,4.914,43880658
2025-07-04,4.9125,4.944,4.854,4.873,33495602
2025-07-07,4.867,4.931,4.866,4.93,42926654
2025-07-08,4.949,4.959,4.908,4.936,55275798
2025-07-09,4.952,5.072,4.95,5.058,103489633
2025-07-10,5.08,5.096,4.99,4.9965,72522915
2025-07-11,4.971,4.987,4.888,4.92,67922357
2025-07-14,4.87,4.947,4.847,4.9445,43393233
2025-07-15,4.943,4.971,4.868,4.882,37573419
2025-07-16,4.885,4.942,4.825,4.8935,39425937
2025-07-17,4.9395,4.94,4.85,4.921,32743432
2025-07-18,4.9355,4.968,4.917,4.932,30041747
2025-07-21,4.916,4.928,4.88,4.9245,36935084
2025-07-22,4.884,4.94,4.876,4.918,34718040
2025-07-23,4.9895,5.042,4.951,5.014,71072879
2025-07-24,5.082,5.11,5.014,5.066,64650965
2025-07-25,5.089,5.089,5.03,5.067,39826156
2025-07-28,5.134,5.152,5.07,5.077,55334731
2025-07-29,5.103,5.223,5.102,5.196,72748000
2025-07-30,5.211,5.5,5.166,5.423,156788331
2025-07-31,5.471,5.489,5.288,5.321,80985527
2025-08-01,5.298,5.298,4.971,5.024,135940555
2025-08-04,5.082,5.177,5.03,5.1565,60102217
2025-08-05,5.177,5.222,5.1,5.132,44877366
2025-08-06,5.1615,5.196,5.147,5.173,46147834
2025-08-07,5.192,5.26,5.188,5.258,55463425
2025-08-08,5.289,5.352,5.257,5.335,50983992
2025-08-11,5.361,5.375,5.302,5.327,37569867
2025-08-12,5.338,5.372,5.338,5.367,40127622
2025-08-13,5.37,5.43,5.359,5.421,54800559
2025-08-14,5.419,5.518,5.418,5.505,60415101
2025-08-18,5.502,5.574,5.445,5.492,48292127
2025-08-19,5.523,5.617,5.499,5.6025,57635712
2025-08-20,5.591,5.618,5.556,5.576,47396495
2025-08-21,5.573,5.612,5.543,5.6,40537284
2025-08-22,5.593,5.685,5.581,5.647,50694456
2025-08-25,5.652,5.682,5.614,5.637,45535128
2025-08-26,5.601,5.601,5.476,5.514,91294312
2025-08-27,5.546,5.546,5.351,5.4025,120232633
2025-08-28,5.453,5.453,5.361,5.4,50029937
2025-08-29,5.384,5.394,5.339,5.3675,51753933
2025-09-01,5.41,5.432,5.3625,5.3985,28626216
2025-09-02,5.397,5.415,5.274,5.306,61130213
2025-09-03,5.328,5.343,5.274,5.323,49358409
2025-09-04,5.334,5.384,5.3015,5.368,42684384
2025-09-05,5.42,5.42,5.266,5.297,46752738
2025-09-08,5.334,5.351,5.308,5.35,29090893
2025-09-09,5.369,5.434,5.346,5.4315,62968850
2025-09-10,5.456,5.456,5.38,5.434,57388696
2025-09-11,5.458,5.499,5.42,5.468,47496942
2025-09-12,5.47,5.494,5.434,5.469,42844630
2025-09-15,5.505,5.626,5.475,5.6075,73694659
2025-09-16,5.623,5.623,5.475,5.476,58134329
2025-09-17,5.516,5.522,5.383,5.41,51249791
2025-09-18,5.457,5.469,5.386,5.436,50586372
2025-09-19,5.452,5.5095,5.441,5.484,46904701
2025-09-22,5.473,5.473,5.402,5.4575,36432588
2025-09-23,5.476,5.48,5.402,5.448,45867007
2025-09-24,5.442,5.45,5.3835,5.431,39248283
2025-09-25,5.456,5.456,5.363,5.414,49855767
2025-09-26,5.462,5.549,5.459,5.544,60376131
2025-09-29,5.58,5.582,5.515,5.552,55649015
2025-09-30,5.526,5.62,5.523,5.613,54204274
2025-10-01,5.67,5.7,5.558,5.697,66879349
2025-10-02,5.72,5.736,5.58,5.596,91440465
2025-10-03,5.622,5.645,5.6,5.615,53973250
2025-10-06,5.65,5.65,5.488,5.541,70613337
2025-10-07,5.518,5.589,5.51,5.524,44708990
2025-10-08,5.514,5.569,5.502,5.552,42635251
2025-10-09,5.546,5.565,5.513,5.516,46281187
2025-10-10,5.511,5.563,5.432,5.4415,53286669
2025-10-13,5.385,5.503,5.385,5.4695,45991559
2025-10-14,5.462,5.475,5.346,5.461,73371425
2025-10-15,5.5,5.504,5.383,5.39,51494149
2025-10-16,5.406,5.464,5.377,5.459,47209436
2025-10-17,5.347,5.423,5.292,5.355,89052466
2025-10-20,5.406,5.505,5.406,5.487,47581602
2025-10-21,5.484,5.536,5.432,5.502,37576996
2025-10-22,5.473,5.5,5.416,5.455,36121462
2025-10-23,5.451,5.4845,5.301,5.454,34588467
2025-10-24,5.471,5.478,5.417,5.465,34748012
2025-10-27,5.51,5.585,5.482,5.573,42367759
2025-10-28,5.567,5.62,5.547,5.607,30200585
2025-10-29,5.699,5.699,5.612,5.679,50476783
2025-10-30,5.699,5.71,5.6265,5.706,54304521
2025-10-31,5.693,5.768,5.456,5.565,134755433
2025-11-03,5.626,5.635,5.538,5.547,53608148
2025-11-04,5.516,5.575,5.465,5.561,47430748
2025-11-05,5.524,5.614,5.513,5.611,42612563
2025-11-06,5.621,5.64,5.565,5.58,45023124
2025-11-07,5.608,5.676,5.545,5.576,41499085
2025-11-10,5.689,5.783,5.65,5.768,96148343
2025-11-11,5.838,5.865,5.766,5.844,71201220
2025-11-12,5.871,5.994,5.841,5.9455,87503210
2025-11-13,5.967,6.011,5.962,5.988,57998800
2025-11-14,5.929,5.929,5.767,5.806,85085195
2025-11-17,5.85,5.867,5.708,5.724,49835174
2025-11-18,5.624,5.658,5.521,5.551,82025080
2025-11-19,5.564,5.638,5.475,5.6015,62335663
2025-11-20,5.704,5.704,5.621,5.653,61741394
2025-11-21,5.56,5.638,5.549,5.619,60241587
2025-11-24,5.598,5.62,5.407,5.456,54168800
2025-11-25,5.422,5.528,5.376,5.503,53200688
2025-11-26,5.541,5.593,5.493,5.577,42762950
2025-11-27,5.539,5.606,5.539,5.578,31540211
2025-11-28,5.647,5.647,5.543,5.579,24152904
2025-12-01,5.585,5.589,5.523,5.575,41251556
2025-12-02,5.566,5.622,5.561,5.598,47988754
2025-12-03,5.62,5.651,5.57,5.575,41098415
2025-12-04,5.609,5.624,5.55,5.617,41445263
2025-12-05,5.637,5.673,5.6175,5.619,35766276
2025-12-08,5.611,5.669,5.585,5.606,25606758
2025-12-09,5.637,5.681,5.626,5.679,38900257
2025-12-10,5.653,5.659,5.605,5.635,47502668
2025-12-11,5.637,5.751,5.617,5.723,53482681
2025-12-12,5.754,5.787,5.663,5.677,42458590
2025-12-15,5.671,5.8,5.671,5.781,51021656
2025-12-16,5.754,5.84,5.754,5.785,55593876
2025-12-17,5.819,5.858,5.812,5.838,40328252
2025-12-18,5.829,5.886,5.814,5.869,56115092
2025-12-19,5.889,5.913,5.864,5.911,63657925
2025-12-22,5.91,5.948,5.875,5.894,30793420
2025-12-23,5.881,5.9,5.843,5.885,25197121
2025-12-29,5.803,5.897,5.803,5.852,26053771
2025-12-30,5.838,5.949,5.835,5.937,38661279
2026-01-02,5.939,5.962,5.881,5.941,49190787
2026-01-05,5.993,6.054,5.977,6.0405,61671126
2026-01-06,6.046,6.1,5.983,5.985,44355921
2026-01-07,6.013,6.013,5.908,5.909,47963178
2026-01-08,5.889,5.949,5.867,5.9415,31645949
2026-01-09,6.024,6.07,5.907,5.938,31340751
2026-01-12,5.92,5.991,5.889,5.984,31390243
2026-01-13,5.999,6.019,5.955,5.999,34346415
2026-01-14,6.028,6.028,5.958,5.985,44746127
2026-01-15,6.025,6.033,5.959,6.0115,41806871
2026-01-16,5.975,6.004,5.922,5.934,45721383
2026-01-19,5.816,5.913,5.701,5.897,44554985
2026-01-20,5.86,5.866,5.741,5.758,65552076
2026-01-21,5.751,5.8,5.675,5.78,61865399
2026-01-22,5.972,5.972,5.756,5.844,70605252
2026-01-23,5.827,5.837,5.7535,5.774,36998880
2026-01-26,5.757,5.868,5.757,5.859,37273681
2026-01-27,5.917,5.968,5.88,5.958,44386096
2026-01-28,5.969,5.969,5.853,5.887,44243430
2026-01-29,5.931,5.931,5.842,5.85,60283438
2026-01-30,5.88,5.962,5.866,5.951,71774642
2026-02-02,5.85,6.018,5.827,5.973,86814197
2026-02-03,6.04,6.115,6.005,6.064,81223404
2026-02-04,6.083,6.159,6.068,6.127,78836094
2026-02-05,6.149,6.151,5.866,5.9085,104707591
2026-02-06,5.899,5.985,5.851,5.95,50469713
2026-02-09,6.033,6.057,5.963,6.0455,47671137
2026-02-10,6.004,6.056,5.995,6.011,47739299
2026-02-11,6.036,6.041,5.855,5.889,101223274
2026-02-12,5.925,5.982,5.831,5.836,55419616
2026-02-13,5.85,5.883,5.646,5.694,94747156
2026-02-16,5.744,5.76,5.662,5.665,48128870
2026-02-17,5.627,5.73,5.602,5.721,42793088
2026-02-18,5.72,5.835,5.72,5.8275,44004110
2026-02-19,5.819,5.872,5.7065,5.728,42206480
2026-02-20,5.843,5.8845,5.737,5.8615,48269502
2026-02-23,5.86,5.927,5.826,5.862,48958642
2026-02-24,5.863,5.863,5.7,5.762,62928630
2026-02-25,5.815,5.8375,5.775,5.832,38859440
2026-02-26,5.837,5.91,5.806,5.861,49613859
2026-02-27,5.871,5.917,5.788,5.819,50459068
2026-03-02,5.586,5.675,5.545,5.6285,89291083
2026-03-03,5.513,5.535,5.256,5.327,126732561
2026-03-04,5.347,5.465,5.231,5.425,107449725
2026-03-05,5.432,5.467,5.292,5.297,67128895
2026-03-06,5.357,5.369,5.118,5.185,97678145
2026-03-09,5.073,5.214,4.969,5.191,111904201
2026-03-10,5.399,5.418,5.288,5.363,85305769
2026-03-11,5.326,5.373,5.267,5.301,70745736
2026-03-12,5.3,5.3,5.126,5.205,62284656
2026-03-13,5.145,5.231,5.079,5.1485,54861750
2026-03-16,5.166,5.199,5.052,5.1145,51697128
2026-03-17,5.148,5.218,5.078,5.154,43995764
2026-03-18,5.275,5.298,5.167,5.223,55965224
2026-03-19,5.104,5.147,4.984,5.066,88790262
2026-03-20,5.149,5.193,4.976,4.9935,104461866
2026-03-23,4.844,5.3,4.802,5.097,124346542
2026-03-24,5.112,5.124,5,5.084,66192811
2026-03-25,5.18,5.222,5.13,5.16,66674313
2026-03-26,5.1085,5.143,5.055,5.064,53450558
2026-03-27,5.063,5.139,5.048,5.116,69741349
2026-03-30,5.105,5.14,5.052,5.088,59713536
2026-03-31,5.096,5.189,5.087,5.137,60726893
2026-04-01,5.36,5.414,5.311,5.385,87665686
2026-04-02,5.274,5.331,5.212,5.308,58475086
2026-04-07,5.335,5.467,5.327,5.369,80313747
2026-04-08,5.752,5.76,5.585,5.617,123297389
2026-04-09,5.628,5.628,5.549,5.605,55079279
2026-04-10,5.659,5.697,5.594,5.67,54027207
2026-04-13,5.602,5.67,5.56,5.665,43340481
2026-04-14,5.772,5.8055,5.693,5.797,60546111
2026-04-15,5.857,5.858,5.743,5.795,40716102
2026-04-16,5.849,5.86,5.7285,5.742,46000549
2026-04-17,5.73,5.934,5.72,5.915,83016570
2026-04-20,5.825,5.85,5.776,5.814,50583791
2026-04-21,5.849,5.853,5.767,5.789,31691418
2026-04-22,5.783,5.798,5.709,5.723,34010429
2026-04-23,5.695,5.727,5.62,5.69,39544549
2026-04-24,5.64,5.672,5.568,5.646,43266431
2026-04-27,5.6605,5.716,5.643,5.668,25873374
2026-04-28,5.701,5.785,5.681,5.7805,45749154
2026-04-29,5.805,5.83,5.703,5.733,30526172
2026-04-30,5.697,5.784,5.611,5.772,46032038
2026-05-04,5.784,5.794,5.622,5.631,51637971
2026-05-05,5.63,5.808,5.613,5.759,49393247
2026-05-06,5.839,6.015,5.833,5.956,92754124
2026-05-07,5.985,6.014,5.945,5.954,48850091
2026-05-08,5.906,5.956,5.77,5.7845,70134039
2026-05-11,5.749,5.89,5.749,5.843,49572456
2026-05-12,5.767,5.8,5.731,5.762,63227803
2026-05-13,5.842,5.842,5.662,5.716,67021205
2026-05-14,5.792,5.813,5.724,5.805,33722151
2026-05-15,5.756,5.756,5.6,5.708,73377469
2026-05-18,5.491,5.589,5.47,5.562,61555427
2026-05-19,5.628,5.703,5.549,5.561,39831236
2026-05-20,5.538,5.716,5.495,5.682,51474360
2026-05-21,5.691,5.691,5.549,5.6145,45264155
2026-05-22,5.608,5.701,5.5895,5.639,36939037
2026-05-25,5.7,5.756,5.668,5.7425,31415456
2026-05-26,5.754,5.759,5.673,5.722,26651759
2026-05-27,5.715,5.832,5.715,5.786,51238138
2026-05-28,5.741,5.796,5.714,5.757,36511338
2026-05-29,5.786,5.838,5.769,5.816,44220337
2026-06-01,5.797,5.821,5.675,5.706,47475783
2026-06-02,5.74,5.792,5.715,5.7545,26795800
2026-06-03,5.702,5.731,5.652,5.666,39480657
2026-06-04,5.701,5.716,5.62,5.676,36112989
2026-06-05,5.688,5.7245,5.636,5.673,37716321
2026-06-08,5.45,5.59,5.4185,5.577,200072662
2026-06-09,5.617,5.7695,5.616,5.642,106485480
2026-06-10,5.726,5.752,5.523,5.5835,90488729
2026-06-11,5.611,5.667,5.577,5.599,64064446
2026-06-12,5.692,5.842,5.679,5.827,107881260
2026-06-15,5.974,5.985,5.879,5.907,65618873
2026-06-16,5.916,6.048,5.9115,6.0465,89507498
2026-06-17,6.078,6.109,5.997,6.095,83633773
2026-06-18,6.112,6.172,6.068,6.163,80162236
2026-06-19,6.175,6.206,6.125,6.178,72931603
2026-06-22,6.249,6.249,6.1195,6.224,45875828
2026-06-23,6.14,6.226,6.099,6.145,59233752
2026-06-24,6.158,6.159,6.075,6.101,42990690
2026-06-25,6.1,6.109,6.003,6.035,56549494
2026-06-26,5.996,6.001,5.9,5.9535,53332161
2026-06-29,5.969,5.977,5.89,5.914,46965524
2026-06-30,5.929,5.978,5.895,5.975,49975150
2026-07-01,5.957,6.004,5.918,6.004,37879012
2026-07-02,6.046,6.144,5.973,6.116,65018908
2026-07-03,6.128,6.17,6.07,6.1585,34290013
2026-07-06,6.183,6.251,6.172,6.235,44668996
2026-07-07,6.249,6.3,6.195,6.258,56070583
2026-07-08,6.152,6.237,6.025,6.082,63667140
2026-07-09,6.137,6.196,6.134,6.182,38683757
2026-07-10,6.2035,6.2875,6.201,6.247,45418506
2026-07-13,6.204,6.353,6.166,6.306,48421698
2026-07-14,6.273,6.329,6.251,6.3265,48738928
2026-07-15,6.367,6.367,6.302,6.3445,42747525
2026-07-16,6.385,6.3905,6.3315,6.361,42812641
2026-07-17,6.317,6.37,6.224,6.294,68211594
2026-07-20,6.279,6.385,6.26,6.33,55395481
2026-07-21,6.342,6.385,6.329,6.367,41510606
2026-07-22,6.386,6.463,6.359,6.449,43649454
2026-07-23,6.426,6.442,6.28,6.286,63954290
2026-07-24,6.265,6.427,6.236,6.426,43282169
2026-07-27,6.499,6.544,6.453,6.5155,48985827
2026-07-28,6.499,6.563,6.464,6.51,57927914
2026-07-29,6.568,6.57,6.411,6.4715,87291135
2026-07-30,6.488,6.514,6.4035,6.498,53439231
2026-07-31,6.55,6.61,6.492,6.5625,58102263
2026-08-03,6.573,6.695,6.573,6.691,61363066
2026-08-04,6.721,6.89,6.71,6.801,62447111
2026-08-05,6.813,6.871,6.749,6.765,43353401
2026-08-06,6.637,6.864,6.637,6.807,62016689
2026-08-07,6.875,6.875,6.7945,6.831,45076619
2026-08-10,6.83,6.8525,6.788,6.838,32334549
2026-08-11,6.85,6.871,6.8085,6.839,31589338
2026-08-12,6.857,6.876,6.831,6.851,30668943
2026-08-13,6.89,6.942,6.864,6.887,31379979
2026-08-14,6.904,6.927,6.858,6.925,29359019
