Date,Open,High,Low,Close,Adj Close,Volume
2025-08-19,5.511000,5.617000,5.507000,5.605000,5.239917,50523071
2025-08-20,5.596000,5.618000,5.556000,5.573000,5.210001,33837654
2025-08-21,5.573000,5.612000,5.543000,5.609000,5.243657,35576241
2025-08-22,5.593000,5.685000,5.581000,5.642000,5.274507,45276103
2025-08-25,5.619000,5.682000,5.614000,5.635000,5.267963,41235663
2025-08-26,5.569000,5.569000,5.478000,5.528000,5.167933,161287035
2025-08-27,5.528000,5.545000,5.351000,5.388000,5.037052,93174903
2025-08-28,5.401000,5.434000,5.361000,5.409000,5.056684,39917654
2025-08-29,5.380000,5.393000,5.339000,5.375000,5.024898,49958032
2025-09-01,5.403000,5.432000,5.363000,5.400000,5.048270,24151065
2025-09-02,5.405000,5.415000,5.275000,5.313000,4.966937,53962867
2025-09-03,5.328000,5.343000,5.274000,5.318000,4.971611,41420866
2025-09-04,5.334000,5.383000,5.302000,5.363000,5.013680,33852902
2025-09-05,5.382000,5.402000,5.266000,5.291000,4.946369,42482994
2025-09-08,5.322000,5.351000,5.308000,5.349000,5.000592,26221138
2025-09-09,5.358000,5.434000,5.346000,5.424000,5.070706,52351679
2025-09-10,5.435000,5.452000,5.381000,5.438000,5.083795,49911508
2025-09-11,5.449000,5.499000,5.420000,5.473000,5.116515,40671321
2025-09-12,5.489000,5.494000,5.434000,5.474000,5.117450,34919179
2025-09-15,5.506000,5.626000,5.504000,5.613000,5.247396,55442404
2025-09-16,5.605000,5.614000,5.475000,5.484000,5.126798,53220101
2025-09-17,5.512000,5.522000,5.384000,5.412000,5.059488,49340003
2025-09-18,5.457000,5.469000,5.387000,5.443000,5.088469,40896710
2025-09-19,5.453000,5.509000,5.441000,5.469000,5.112775,80792621
2025-09-22,5.466000,5.473000,5.402000,5.452000,5.096883,32412217
2025-09-23,5.469000,5.480000,5.402000,5.451000,5.095948,37454817
2025-09-24,5.440000,5.450000,5.384000,5.417000,5.064162,37815162
2025-09-25,5.378000,5.439000,5.363000,5.439000,5.084729,46674625
2025-09-26,5.465000,5.560000,5.459000,5.560000,5.197848,55509501
2025-09-29,5.573000,5.581000,5.516000,5.556000,5.194109,42405228
2025-09-30,5.548000,5.620000,5.524000,5.614000,5.248331,49626995
2025-10-01,5.602000,5.699000,5.558000,5.694000,5.323120,55069910
2025-10-02,5.721000,5.736000,5.579000,5.579000,5.215611,73444464
2025-10-03,5.615000,5.643000,5.600000,5.609000,5.243657,46652876
2025-10-06,5.612000,5.618000,5.488000,5.522000,5.162323,55962918
2025-10-07,5.525000,5.589000,5.510000,5.510000,5.151105,33282841
2025-10-08,5.502000,5.569000,5.502000,5.542000,5.181020,40154880
2025-10-09,5.542000,5.565000,5.508000,5.508000,5.149235,35864943
2025-10-10,5.511000,5.563000,5.430000,5.430000,5.076315,48222876
2025-10-13,5.470000,5.502000,5.451000,5.480000,5.123059,38242104
2025-10-14,5.400000,5.475000,5.346000,5.471000,5.114645,58968702
2025-10-15,5.490000,5.503000,5.384000,5.384000,5.033311,44190749
2025-10-16,5.409000,5.470000,5.377000,5.470000,5.113710,36885509
2025-10-17,5.342000,5.423000,5.292000,5.348000,4.999657,73071951
2025-10-20,5.431000,5.505000,5.416000,5.462000,5.106231,42693819
2025-10-21,5.484000,5.535000,5.475000,5.484000,5.126798,30245676
2025-10-22,5.490000,5.500000,5.416000,5.449000,5.094078,31669731
2025-10-23,5.454000,5.484000,5.420000,5.450000,5.095013,28423497
2025-10-24,5.471000,5.478000,5.417000,5.462000,5.106231,28484567
2025-10-27,5.488000,5.584000,5.482000,5.561000,5.198783,49603184
2025-10-28,5.567000,5.620000,5.548000,5.610000,5.244591,30988343
2025-10-29,5.620000,5.681000,5.617000,5.672000,5.302553,48367643
2025-10-30,5.700000,5.709000,5.627000,5.703000,5.331533,49249017
2025-10-31,5.700000,5.766000,5.456000,5.576000,5.212806,118805055
2025-11-03,5.570000,5.634000,5.538000,5.547000,5.185695,48908564
2025-11-04,5.500000,5.575000,5.465000,5.574000,5.210936,44674834
2025-11-05,5.513000,5.612000,5.513000,5.607000,5.241786,42965378
2025-11-06,5.630000,5.637000,5.565000,5.576000,5.212806,44411626
2025-11-07,5.611000,5.626000,5.545000,5.572000,5.209066,37773875
2025-11-10,5.670000,5.783000,5.650000,5.770000,5.394169,93258145
2025-11-11,5.788000,5.865000,5.766000,5.847000,5.466155,62654607
2025-11-12,5.897000,5.993000,5.879000,5.940000,5.553097,78146394
2025-11-13,5.970000,6.011000,5.962000,5.980000,5.590491,54216852
2025-11-14,5.920000,5.927000,5.768000,5.795000,5.417542,71002097
2025-11-17,5.813000,5.833000,5.708000,5.727000,5.353971,47675072
2025-11-18,5.624000,5.658000,5.521000,5.558000,5.195978,73604572
2025-11-19,5.560000,5.638000,5.476000,5.593000,5.228699,52873883
2025-11-20,5.669000,5.696000,5.622000,5.646000,5.278246,48346279
2025-11-21,5.585000,5.638000,5.549000,5.619000,5.253005,53600706
2025-11-24,5.532000,5.539000,5.407000,5.445000,5.264608,63498339
2025-11-25,5.449000,5.528000,5.376000,5.509000,5.326487,46451373
2025-11-26,5.530000,5.591000,5.493000,5.584000,5.399003,38626450
2025-11-27,5.586000,5.605000,5.555000,5.576000,5.391268,25302568
2025-11-28,5.584000,5.595000,5.543000,5.586000,5.400936,26571080
2025-12-01,5.585000,5.588000,5.524000,5.575000,5.390300,36832514
2025-12-02,5.595000,5.622000,5.561000,5.601000,5.415439,39963773
2025-12-03,5.610000,5.651000,5.571000,5.582000,5.397069,35220792
2025-12-04,5.609000,5.624000,5.551000,5.618000,5.431876,39336988
2025-12-05,5.667000,5.673000,5.613000,5.613000,5.427042,34541132
2025-12-08,5.615000,5.623000,5.585000,5.623000,5.436710,27799111
2025-12-09,5.637000,5.681000,5.628000,5.671000,5.483120,34882372
2025-12-10,5.653000,5.659000,5.606000,5.634000,5.447346,39058029
2025-12-11,5.637000,5.749000,5.617000,5.724000,5.534364,49602372
2025-12-12,5.764000,5.786000,5.664000,5.669000,5.481186,38897980
2025-12-15,5.702000,5.800000,5.702000,5.789000,5.597211,53994976
2025-12-16,5.771000,5.837000,5.769000,5.783000,5.591410,53909834
2025-12-17,5.817000,5.857000,5.812000,5.830000,5.636852,38579135
2025-12-18,5.849000,5.884000,5.814000,5.884000,5.689064,56224223
2025-12-19,5.889000,5.914000,5.864000,5.914000,5.718070,119242121
2025-12-22,5.910000,5.948000,5.877000,5.882000,5.687129,29506030
2025-12-23,5.884000,5.900000,5.843000,5.871000,5.676494,27864844
2025-12-29,5.897000,5.897000,5.838000,5.838000,5.644588,33548528
2025-12-30,5.842000,5.949000,5.835000,5.921000,5.724838,43852585
2026-01-02,5.920000,5.956000,5.881000,5.956000,5.758678,47317535
2026-01-05,5.990000,6.054000,5.978000,6.040000,5.839895,57604293
2026-01-06,6.040000,6.100000,5.979000,5.979000,5.780916,41480058
2026-01-07,6.013000,6.013000,5.907000,5.907000,5.711301,43023363
2026-01-08,5.882000,5.949000,5.867000,5.945000,5.748043,28925794
2026-01-09,5.962000,5.962000,5.907000,5.929000,5.732573,30952165
2026-01-12,5.901000,5.991000,5.889000,5.991000,5.792519,30195574
2026-01-13,6.010000,6.019000,5.977000,5.990000,5.791552,31221773
2026-01-14,5.988000,6.012000,5.961000,5.973000,5.775115,39913479
2026-01-15,5.996000,6.033000,5.959500,6.004000,5.805088,41696326
2026-01-16,6.004000,6.004000,5.922000,5.940000,5.743208,41418738
2026-01-19,5.860000,5.913000,5.808000,5.899000,5.703567,40909865
2026-01-20,5.851000,5.861000,5.741000,5.755000,5.564337,57180124
2026-01-21,5.764000,5.799000,5.675000,5.780000,5.588509,51556684
2026-01-22,5.821000,5.852000,5.756000,5.845000,5.651355,58294009
2026-01-23,5.836000,5.837000,5.753000,5.789000,5.597211,41148631
2026-01-26,5.783000,5.868000,5.771000,5.866000,5.671660,36501069
2026-01-27,5.897000,5.968000,5.881000,5.955000,5.757711,41950712
2026-01-28,5.969000,5.969000,5.853000,5.870000,5.675527,44054155
2026-01-29,5.910000,5.921000,5.840000,5.840000,5.646522,44981204
2026-01-30,5.880000,5.966000,5.866000,5.966000,5.768347,58301857
2026-02-02,5.910000,6.018000,5.827000,5.979000,5.780916,79595147
2026-02-03,6.026000,6.115000,6.005000,6.072000,5.870835,74455006
2026-02-04,6.130000,6.159000,6.068000,6.128000,5.924980,73579693
2026-02-05,6.143000,6.149000,5.866000,5.900000,5.704534,84880314
2026-02-06,5.910000,5.985000,5.873000,5.966000,5.768347,47822594
2026-02-09,6.004000,6.057000,5.966000,6.049000,5.848597,46798937
2026-02-10,6.054000,6.055000,5.996000,6.048000,5.847630,42758446
2026-02-11,6.023000,6.039000,5.862000,5.889000,5.693898,66211609
2026-02-12,5.900000,5.982000,5.835000,5.848000,5.654256,45465609
2026-02-13,5.840000,5.883000,5.646000,5.697000,5.508259,82763902
2026-02-16,5.707000,5.760000,5.652000,5.652000,5.464750,43923002
2026-02-17,5.605000,5.730000,5.602000,5.724000,5.534364,39084389
2026-02-18,5.760000,5.838000,5.749000,5.838000,5.644588,40967632
2026-02-19,5.816000,5.839000,5.707000,5.748000,5.557570,37497959
2026-02-20,5.764000,5.884000,5.738000,5.871000,5.676494,47684518
2026-02-23,5.904000,5.927000,5.827000,5.863000,5.668759,42128675
2026-02-24,5.800000,5.814000,5.700000,5.761000,5.570138,56302984
2026-02-25,5.818000,5.837000,5.780000,5.812000,5.619449,39471235
2026-02-26,5.834000,5.886000,5.806000,5.885000,5.690031,49600359
2026-02-27,5.880000,5.916000,5.788000,5.835000,5.641687,78089694
2026-03-02,5.552000,5.671000,5.545000,5.605000,5.419307,89331569
2026-03-03,5.530000,5.534000,5.258000,5.325000,5.148583,120378489
2026-03-04,5.315000,5.465000,5.232000,5.422000,5.242370,83964883
2026-03-05,5.389000,5.467000,5.292000,5.315000,5.138915,62394680
2026-03-06,5.340000,5.369000,5.118000,5.204000,5.031592,86625942
2026-03-09,5.018000,5.213000,4.969000,5.205000,5.032558,93282566
2026-03-10,5.314000,5.418000,5.288000,5.363000,5.185324,75648298
2026-03-11,5.299000,5.372000,5.267000,5.321000,5.144716,55687846
2026-03-12,5.265000,5.293000,5.126000,5.215000,5.042228,52424210
2026-03-13,5.144000,5.230000,5.079000,5.144000,4.973580,41144777
2026-03-16,5.100000,5.177000,5.052000,5.115000,4.945540,41592869
2026-03-17,5.107000,5.218000,5.078000,5.171000,4.999685,40220084
2026-03-18,5.220000,5.287000,5.167000,5.214000,5.041261,50898953
2026-03-19,5.112000,5.132000,4.987000,5.078000,4.909766,85180283
2026-03-20,5.101000,5.192000,4.966000,4.966000,4.801477,149743495
2026-03-23,4.872000,5.300000,4.813500,5.123000,4.953276,112580185
2026-03-24,5.118000,5.124000,5.000000,5.085000,4.916534,56132891
2026-03-25,5.178000,5.222000,5.130000,5.167000,4.995818,54795093
2026-03-26,5.104000,5.132000,5.055000,5.074000,4.905899,47064395
2026-03-27,5.130000,5.139000,5.048000,5.098000,4.929104,59864488
2026-03-30,5.087000,5.136000,5.053000,5.104000,4.934905,53200906
2026-03-31,5.115000,5.188000,5.087000,5.161000,4.990016,60568784
2026-04-01,5.358000,5.413000,5.311000,5.388000,5.209496,84994473
2026-04-02,5.268000,5.330000,5.212000,5.321000,5.144716,52158864
2026-04-07,5.358000,5.466000,5.327000,5.370000,5.192092,67508558
2026-04-08,5.692000,5.747000,5.585000,5.642000,5.455081,117914259
2026-04-09,5.622000,5.625000,5.552000,5.612000,5.426075,54186858
2026-04-10,5.643000,5.697000,5.594000,5.657000,5.469584,55129460
2026-04-13,5.570000,5.670000,5.561000,5.656000,5.468617,48150496
2026-04-14,5.720000,5.805000,5.693000,5.765000,5.574006,62962472
2026-04-15,5.786000,5.800000,5.743000,5.792000,5.600111,43600524
2026-04-16,5.807000,5.827000,5.729000,5.742000,5.551768,47126882
2026-04-17,5.730000,5.933000,5.720000,5.923000,5.726771,80462624
2026-04-20,5.830000,5.845000,5.776000,5.799000,5.606879,53706281
2026-04-21,5.832000,5.852000,5.767000,5.779000,5.587542,31088973
2026-04-22,5.772000,5.798000,5.709000,5.727000,5.537265,31861930
2026-04-23,5.693000,5.710000,5.620000,5.678000,5.489888,34246543
2026-04-24,5.607000,5.661000,5.568000,5.659000,5.471518,42723022
2026-04-27,5.660000,5.716000,5.643000,5.671000,5.483120,29344579
2026-04-28,5.681000,5.783000,5.681000,5.781000,5.589476,39569695
2026-04-29,5.770000,5.778000,5.703000,5.722000,5.532431,24695456
2026-04-30,5.643000,5.781000,5.613000,5.775000,5.583675,51778233
2026-05-04,5.794000,5.794000,5.622000,5.625000,5.438644,46227584
2026-05-05,5.613000,5.806000,5.613000,5.760000,5.569172,45583776
2026-05-06,5.847000,6.014000,5.833000,5.949000,5.751910,89378669
2026-05-07,6.000000,6.014000,5.930000,5.930000,5.733540,54038161
2026-05-08,5.900000,5.955000,5.770000,5.813000,5.620416,82359226
2026-05-11,5.780000,5.890000,5.764000,5.858000,5.663925,54313540
2026-05-12,5.778000,5.795000,5.731000,5.776000,5.584641,61535648
2026-05-13,5.822000,5.835000,5.662000,5.714000,5.524696,69204932
2026-05-14,5.752000,5.826000,5.724000,5.826000,5.632985,34362411
2026-05-15,5.750000,5.751000,5.651000,5.735000,5.545000,75764146
2026-05-18,5.500000,5.592000,5.472000,5.592000,5.592000,59155738
2026-05-19,5.618000,5.646000,5.539000,5.539000,5.539000,38466138
2026-05-20,5.541000,5.716000,5.495000,5.693000,5.693000,48652362
2026-05-21,5.667000,5.685000,5.549000,5.596000,5.596000,46986853
2026-05-22,5.646000,5.672000,5.590000,5.618000,5.618000,36929072
2026-05-25,5.681000,5.755000,5.668000,5.740000,5.740000,34205013
2026-05-26,5.750000,5.758000,5.708000,5.708000,5.708000,26831481
2026-05-27,5.758000,5.832000,5.737000,5.790000,5.790000,47818217
2026-05-28,5.741000,5.796000,5.715000,5.749000,5.749000,31618804
2026-05-29,5.800000,5.838000,5.773000,5.807000,5.807000,101778462
2026-06-01,5.785000,5.793000,5.675000,5.694000,5.694000,47329720
2026-06-02,5.740000,5.792000,5.715000,5.750000,5.750000,28510182
2026-06-03,5.716000,5.731000,5.643000,5.643000,5.643000,40652446
2026-06-04,5.659000,5.701000,5.638000,5.690000,5.690000,32294492
2026-06-05,5.708000,5.724000,5.636000,5.673000,5.673000,32223286
2026-06-08,5.566000,5.595000,5.419000,5.595000,5.595000,161290451
2026-06-09,5.625000,5.769000,5.616000,5.646000,5.646000,90588332
2026-06-10,5.692000,5.699000,5.523000,5.595000,5.595000,77268084
2026-06-11,5.609000,5.666000,5.579000,5.599000,5.599000,50567270
2026-06-12,5.720000,5.842000,5.702000,5.840000,5.840000,98047256
2026-06-15,5.930000,5.985000,5.882000,5.885000,5.885000,64560792
2026-06-16,5.916000,6.056000,5.912000,6.056000,6.056000,88464563
2026-06-17,6.080000,6.110000,5.997000,6.110000,6.110000,84456147
2026-06-18,6.127000,6.170000,6.069000,6.152000,6.152000,90279118
2026-06-19,6.135000,6.206000,6.125000,6.178000,6.178000,137656455
2026-06-22,6.172000,6.234000,6.120000,6.234000,6.234000,47338191
2026-06-23,6.185000,6.226000,6.107000,6.131000,6.131000,55597443
2026-06-24,6.133000,6.146000,6.077000,6.093000,6.093000,40627685
2026-06-25,6.100000,6.109000,6.003000,6.030000,6.030000,59515068
2026-06-26,5.993000,6.001000,5.900000,5.952000,5.952000,51494539
2026-06-29,5.969000,5.977000,5.890000,5.900000,5.900000,44420044
2026-06-30,5.929000,5.990000,5.895000,5.990000,5.990000,56263224
2026-07-01,5.957000,6.004000,5.918000,5.997000,5.997000,38991258
2026-07-02,6.000000,6.144000,5.988000,6.122000,6.122000,59369871
2026-07-03,6.134000,6.168000,6.116000,6.168000,6.168000,32110749
2026-07-06,6.188000,6.250000,6.187000,6.237000,6.237000,46837579
2026-07-07,6.244000,6.288000,6.226000,6.226000,6.226000,53500373
2026-07-08,6.177000,6.186000,6.026000,6.081000,6.081000,68914191
2026-07-09,6.135000,6.196000,6.135000,6.189000,6.189000,43721135
2026-07-10,6.203000,6.287000,6.201000,6.259000,6.259000,47234780
2026-07-13,6.221000,6.353000,6.221000,6.325000,6.325000,47833291
2026-07-14,6.280000,6.346000,6.251000,6.346000,6.346000,45951065
2026-07-15,6.334000,6.357000,6.302000,6.340000,6.340000,44461775
2026-07-16,6.371000,6.392000,6.332000,6.392000,6.392000,45535247
2026-07-17,6.325000,6.370000,6.224000,6.282000,6.282000,68796761
2026-07-20,null,null,null,null,null,null
2026-07-21,6.350000,6.385000,6.329000,6.367000,6.367000,41547581
2026-07-22,6.372000,6.463000,6.359000,6.451000,6.451000,47202810
2026-07-23,6.440000,6.441000,6.280000,6.281000,6.281000,61185525
2026-07-24,6.297000,6.438000,6.293000,6.438000,6.438000,43051667
2026-07-27,6.485000,6.518000,6.453000,6.504000,6.504000,47766274
2026-07-28,6.527000,6.562000,6.464000,6.480000,6.480000,52998970
2026-07-29,6.501000,6.552000,6.411000,6.454000,6.454000,76378628
2026-07-30,6.452000,6.514000,6.404000,6.514000,6.514000,44418604
2026-07-31,null,null,null,null,null,null
2026-08-03,6.600000,6.696000,6.580000,6.696000,6.696000,61777178
2026-08-04,6.720000,6.809000,6.710000,6.788000,6.788000,59298303
2026-08-05,6.810000,6.828000,6.749000,6.765000,6.765000,43468907
2026-08-06,6.794000,6.864000,6.786000,6.797000,6.797000,58061841
2026-08-07,6.823000,6.868000,6.795000,6.824000,6.824000,47424699
2026-08-10,6.830000,6.858000,6.788000,6.858000,6.858000,31746490
2026-08-11,6.850000,6.871000,6.808500,6.837000,6.837000,31600935
2026-08-12,6.861000,6.876000,6.831000,6.855000,6.855000,39073167
2026-08-13,6.890000,6.925000,6.864000,6.876000,6.876000,33037167
2026-08-14,6.904000,6.926000,6.858000,6.917000,6.917000,33089061
2026-08-17,6.920000,6.937000,6.885000,6.885000,6.885000,27819793
2026-08-18,6.890000,6.925000,6.865000,6.881000,6.881000,40418602
2026-08-19,6.898000,6.910000,6.787000,6.787000,6.787000,44148935