report_month,market,company_id,company_name,industry,rev_month_twd_k,rev_prev_month_twd_k,rev_year_ago_month_twd_k,mom_pct,yoy_pct,rev_cum_twd_k,rev_cum_prev_year_twd_k,cum_yoy_pct,note
2026-07,sii,1101,台泥,水泥工業,13744103,13382706,13535929,2.70,1.54,85211435,83916845,1.54,-
2026-07,sii,1102,亞泥,水泥工業,5398231,5885972,5836590,-8.29,-7.51,38104679,41097034,-7.28,-
2026-07,sii,1103,嘉泥,水泥工業,242322,229237,251867,5.71,-3.79,1598035,1772889,-9.86,-
2026-07,sii,1104,環泥,水泥工業,663235,508460,575078,30.44,15.33,4222517,4472556,-5.59,-
2026-07,sii,1108,幸福,水泥工業,309786,265297,357412,16.77,-13.33,2213755,2730708,-18.93,-
2026-07,sii,1109,信大,水泥工業,292047,314135,367999,-7.03,-20.64,2149893,2590075,-16.99,-
2026-07,sii,1110,東泥,水泥工業,261007,213484,190570,22.26,36.96,1528333,1679561,-9.00,-
2026-07,sii,1201,味全,食品工業,1991488,1825679,1850418,9.08,7.62,12437106,12582396,-1.15,-
2026-07,sii,1203,味王,食品工業,431017,427563,439000,0.81,-1.82,3041807,3383445,-10.10,-
2026-07,sii,1210,大成,食品工業,9639463,8952188,7933720,7.68,21.50,63320793,58408239,8.41,-
2026-07,sii,1213,大飲,食品工業,32555,25270,23287,28.83,39.80,183142,158479,15.56,-
2026-07,sii,1215,卜蜂,食品工業,2562688,2419781,2371761,5.91,8.05,16964331,16129752,5.17,-
2026-07,sii,1216,統一,食品工業,62168637,58301112,57114520,6.63,8.85,412146627,395952807,4.09,-
2026-07,sii,1217,愛之味,食品工業,505906,414313,486959,22.11,3.89,2859455,2914699,-1.90,-
2026-07,sii,1218,泰山,食品工業,563843,713728,893928,-21.00,-36.93,5596108,5829793,-4.01,-
2026-07,sii,1219,福壽,食品工業,882904,1104022,1105072,-20.03,-20.10,7959168,8244561,-3.46,-
2026-07,sii,1220,台榮,食品工業,279357,273600,275553,2.10,1.38,1783472,1830187,-2.55,-
2026-07,sii,1225,福懋油,食品工業,903312,1006736,1006566,-10.27,-10.26,7332413,7238277,1.30,-
2026-07,sii,1227,佳格,食品工業,2077948,1949498,1928591,6.59,7.74,16011645,14983683,6.86,-
2026-07,sii,1229,聯華,食品工業,2104623,1027017,978972,104.93,114.98,7138630,7510611,-4.95,本公司本月營收成長主因今年度7月認列聯強現金股利收入，而去年度於6月認列。
2026-07,sii,1231,聯華食,食品工業,1184866,1030161,1144425,15.02,3.53,7510816,7249873,3.60,-
2026-07,sii,1232,大統益,食品工業,2488656,1866048,1758494,33.37,41.52,13970653,12259872,13.95,-
2026-07,sii,1233,天仁,食品工業,166958,195470,160451,-14.59,4.06,1298392,1239896,4.72,-
2026-07,sii,1234,黑松,食品工業,866862,728270,846219,19.03,2.44,5303478,5542937,-4.32,-
2026-07,sii,1235,興泰,食品工業,8605,11632,12929,-26.02,-33.44,102031,81099,25.81,"泰宇網通累計1-7月營收較去年同期增加22,793仟元"
2026-07,sii,1236,宏亞,食品工業,167970,110212,136074,52.41,23.44,1053238,986056,6.81,-
2026-07,sii,1256,鮮活果汁-KY,食品工業,619291,575547,507659,7.60,21.99,3267034,2302848,41.87,-
2026-07,sii,1301,台塑,塑膠工業,15293925,13976274,14597054,9.43,4.77,104533015,107186360,-2.48,-
2026-07,sii,1303,南亞,塑膠工業,30572583,27134592,21152898,12.67,44.53,182815859,152420499,19.94,-
2026-07,sii,1304,台聚,塑膠工業,3340929,2879163,3514742,16.04,-4.95,25101536,27236359,-7.84,-
2026-07,sii,1305,華夏,塑膠工業,567866,564306,752645,0.63,-24.55,5971245,5872691,1.68,-
2026-07,sii,1307,三芳,塑膠工業,1066159,852934,960365,25.00,11.02,6729552,6366002,5.71,-
2026-07,sii,1308,亞聚,塑膠工業,501654,516682,465643,-2.91,7.73,3353897,3341065,0.38,-
2026-07,sii,1309,台達化,塑膠工業,1032063,601607,1154534,71.55,-10.61,7206165,9236533,-21.98,-
2026-07,sii,1310,台苯,塑膠工業,668728,569505,782309,17.42,-14.52,4831128,5522392,-12.52,-
2026-07,sii,1312,國喬,塑膠工業,1422114,1277524,1497211,11.32,-5.02,14287870,12613760,13.27,-
2026-07,sii,1313,聯成,塑膠工業,5091842,5262701,5132015,-3.25,-0.78,36313833,34266655,5.97,-
2026-07,sii,1314,中石化,塑膠工業,1059916,1040669,1645709,1.85,-35.60,9039607,13050763,-30.74,-
2026-07,sii,1315,達新,塑膠工業,218590,204130,227995,7.08,-4.13,1185558,1385519,-14.43,-
2026-07,sii,1316,上曜,建材營造,695494,677646,344236,2.63,102.04,4672189,2057347,127.10,主因子公司營收上升，致本年度營收較去年同期增加。
2026-07,sii,1319,東陽,汽車工業,2035775,1806325,1659710,12.70,22.66,13329502,14844436,-10.21,-
2026-07,sii,1321,大洋,塑膠工業,297426,306226,293248,-2.87,1.42,2214488,2245692,-1.39,-
2026-07,sii,1323,永裕,塑膠工業,189518,181453,146930,4.44,28.99,1270546,1192557,6.54,-
2026-07,sii,1324,地球,塑膠工業,56386,55838,52909,0.98,6.57,388812,429671,-9.51,-
2026-07,sii,1325,恆大,塑膠工業,19967,21606,19998,-7.59,-0.16,143345,186124,-22.98,-
2026-07,sii,1326,台化,塑膠工業,31267016,27666322,23302893,13.01,34.18,200171109,175759849,13.89,-
2026-07,sii,1337,再生-KY,塑膠工業,50904,44343,51850,14.80,-1.82,335072,402164,-16.68,-
2026-07,sii,1338,廣華-KY,汽車工業,370408,447304,444675,-17.19,-16.70,2887005,2947899,-2.07,-
2026-07,sii,1339,昭輝,汽車工業,141514,123393,138894,14.69,1.89,947051,1046687,-9.52,-
2026-07,sii,1340,勝悅-KY,塑膠工業,7274,5224,3045,39.24,138.88,36000,26557,35.56,公司停業舊營業項目並新增項目，營收較去年成長；更正114年第3季及全年財報，致本、去年營收及累積營收產生差異。
2026-07,sii,1341,富林-KY,塑膠工業,265664,190490,216790,39.46,22.54,1601619,1490052,7.49,-
2026-07,sii,1342,八貫,其他,337627,308127,190833,9.57,76.92,2249775,1677237,34.14,主要係航海航太的客戶強勁拉貨及戶外產品熱銷使得客戶增加出貨所致
2026-07,sii,1402,遠東新,紡織纖維,23366547,22922082,19378881,1.94,20.58,153880588,143269056,7.41,-
2026-07,sii,1409,新纖,紡織纖維,4641142,3554062,2970720,30.59,56.23,26696360,23144742,15.35,本月營收增加，係因聚酯部門業內收入及業外收入增加所致。
2026-07,sii,1410,南染,紡織纖維,18088,12793,13835,41.39,30.74,124853,118172,5.65,-
2026-07,sii,1413,宏洲,紡織纖維,173552,166491,170323,4.24,1.90,1180716,1379260,-14.39,-
2026-07,sii,1414,東和,紡織纖維,30089,35054,35243,-14.16,-14.62,270794,295023,-8.21,-
2026-07,sii,1416,廣豐,其他,44583,48734,25586,-8.52,74.25,271689,188408,44.20,數位科技營收增加
2026-07,sii,1417,嘉裕,紡織纖維,24710,28158,26883,-12.25,-8.08,170002,166778,1.93,-
2026-07,sii,1418,東華,紡織纖維,834,1173,18,-28.90,4533.33,4260,3566,19.46,配合客戶生產線出貨
2026-07,sii,1419,新紡,紡織纖維,429159,323245,328379,32.77,30.69,2990623,2328919,28.41,-
2026-07,sii,1423,利華,紡織纖維,5951,2884,5403,106.35,10.14,50350,48314,4.21,-
2026-07,sii,1432,大魯閣,運動休閒,70081,65915,118010,6.32,-40.61,466582,780221,-40.20,-
2026-07,sii,1434,福懋,紡織纖維,2152442,2148851,2186035,0.17,-1.54,16362565,17119383,-4.42,-
2026-07,sii,1435,中福,其他,499,499,499,0,0,3489,3489,0,-
2026-07,sii,1436,華友聯,建材營造,88560,245835,1472403,-63.98,-93.99,571602,3125871,-81.71,本月及累計營收較去年同期減少，係今年交屋數量較去年同期減少所致。
2026-07,sii,1437,勤益控,其他,107578,117312,163031,-8.30,-34.01,517443,552755,-6.39,-
2026-07,sii,1438,三地開發,建材營造,39787,1115,0,3468.34,,431482,241,178938.17,因本年已有建案完工交屋，故營收變化大。
2026-07,sii,1439,雋揚,建材營造,22489,22042,151483,2.03,-85.15,137640,384743,-64.23,主係本公司按持有比例陸續認列聯合營運建案交屋之營收。
2026-07,sii,1440,南紡,紡織纖維,1300342,1046100,1118170,24.30,16.29,7863682,9010790,-12.73,-
2026-07,sii,1441,大東,紡織纖維,89328,90177,123213,-0.94,-27.50,694451,900970,-22.92,-
2026-07,sii,1442,名軒,建材營造,271346,256823,243543,5.65,11.42,1103780,2381198,-53.65,本年累計認收93戶，去年累計認收205戶，故兩期差異大
2026-07,sii,1443,立益物流,其他,79430,79901,83755,-0.59,-5.16,545690,589361,-7.41,-
2026-07,sii,1444,力麗,紡織纖維,517228,659642,564196,-21.59,-8.32,5015111,4184849,19.84,-
2026-07,sii,1445,大宇,紡織纖維,66134,55138,60875,19.94,8.64,373243,463702,-19.51,-
2026-07,sii,1446,宏和,紡織纖維,10920,11577,88424,-5.68,-87.65,343652,855242,-59.82,本月營建無認列收入
2026-07,sii,1447,力鵬,紡織纖維,1199980,3121865,989263,-61.56,21.30,17268011,15482925,11.53,-
2026-07,sii,1449,佳和,紡織纖維,371228,388010,158888,-4.33,133.64,2212763,1511301,46.41,訂單增加
2026-07,sii,1451,年興,紡織纖維,670302,640948,560734,4.58,19.54,3877871,3688381,5.14,-
2026-07,sii,1452,宏益,紡織纖維,113912,127293,120814,-10.51,-5.71,838200,819863,2.24,-
2026-07,sii,1453,大將,建材營造,106,126,124,-15.87,-14.52,860,868,-0.92,-
2026-07,sii,1454,台富,紡織纖維,118586,96895,126758,22.39,-6.45,760141,943959,-19.47,-
2026-07,sii,1455,集盛,紡織纖維,506492,464889,498260,8.95,1.65,3375827,4083584,-17.33,-
2026-07,sii,1456,怡華,建材營造,90897,55786,111026,62.94,-18.13,458401,571219,-19.75,-
2026-07,sii,1457,宜進,紡織纖維,238975,235910,242961,1.30,-1.64,1666986,1909588,-12.70,-
2026-07,sii,1459,聯發,紡織纖維,95047,78449,90428,21.16,5.11,584947,706876,-17.25,-
2026-07,sii,1460,宏遠,紡織纖維,517874,442538,480777,17.02,7.72,3549889,4183719,-15.15,-
2026-07,sii,1463,強盛新,紡織纖維,19873,15921,25501,24.82,-22.07,135324,724321,-81.32,去年第一季子公司保強建設房屋售出入帳
2026-07,sii,1464,得力,紡織纖維,969593,833266,931432,16.36,4.10,6909715,7218591,-4.28,-
2026-07,sii,1465,偉全,紡織纖維,31816,38615,42849,-17.61,-25.75,232302,232844,-0.23,-
2026-07,sii,1466,聚隆,紡織纖維,207165,184437,192045,12.32,7.87,1318931,1537974,-14.24,-
2026-07,sii,1467,南緯,紡織纖維,522427,495486,553642,5.44,-5.64,2985629,2939578,1.57,-
2026-07,sii,1468,昶和,紡織纖維,42981,49452,71769,-13.09,-40.11,306917,527361,-41.80,-
2026-07,sii,1470,大統新創,紡織纖維,56595,74110,60175,-23.63,-5.95,428221,472805,-9.43,-
2026-07,sii,1471,首利,電子零組件業,8754,10539,15135,-16.94,-42.16,56102,117326,-52.18,本年累計營收較去年同期減少，主係因為客戶需求減少所致。
2026-07,sii,1472,三洋實業,建材營造,360176,334945,308984,7.53,16.57,2270821,2113181,7.46,本公司以專案收入為主要營收，因各財務報表期間所認列專案別不同，使得營業收入同期比較不具相同基礎，此為本公司營業特性。
2026-07,sii,1473,台南,紡織纖維,663144,621453,590440,6.71,12.31,4053504,4589500,-11.68,-
2026-07,sii,1474,弘裕,紡織纖維,223674,195889,245238,14.18,-8.79,1594035,1686218,-5.47,-
2026-07,sii,1475,業旺,紡織纖維,127357,125099,110781,1.80,14.96,850655,870156,-2.24,-
2026-07,sii,1476,儒鴻,紡織纖維,3752424,3762594,3044362,-0.27,23.26,23459298,22136561,5.98,-
2026-07,sii,1477,聚陽,紡織纖維,2999331,2851147,2780854,5.20,7.86,20062161,20393811,-1.63,-
2026-07,sii,1503,士電,電機機械,2971490,3108909,2581751,-4.42,15.10,24093013,21736439,10.84,-
2026-07,sii,1504,東元,電機機械,5528934,5277164,4857940,4.77,13.81,36316904,33926490,7.05,-
2026-07,sii,1506,正道,電機機械,123620,117501,96365,5.21,28.28,739718,642993,15.04,-
2026-07,sii,1512,瑞利,汽車工業,74442,71375,85184,4.30,-12.61,627232,630791,-0.56,-
2026-07,sii,1513,中興電,電機機械,2410391,2833330,2321409,-14.93,3.83,16434079,15873487,3.53,-
2026-07,sii,1514,亞力,電機機械,894958,1177480,840237,-23.99,6.51,6270147,5472704,14.57,-
2026-07,sii,1515,力山,電機機械,434596,424480,415425,2.38,4.61,2657139,2622590,1.32,-
2026-07,sii,1516,川飛,其他,7546,11413,4721,-33.88,59.84,62332,45243,37.77,客戶需求增加
2026-07,sii,1517,利奇,電機機械,196093,189428,143830,3.52,36.34,1184454,1200921,-1.37,-
2026-07,sii,1519,華城,電機機械,2049883,1729751,2235813,18.51,-8.32,12262069,12730462,-3.68,-
2026-07,sii,1521,大億,汽車工業,301739,320973,318508,-5.99,-5.26,2305242,2069398,11.40,-
2026-07,sii,1522,堤維西,汽車工業,2356530,2320836,2228883,1.54,5.73,15699759,11460206,36.99,-
2026-07,sii,1524,耿鼎,汽車工業,226339,176279,203569,28.40,11.19,1372773,1490769,-7.92,-
2026-07,sii,1525,江申,汽車工業,125585,126005,106015,-0.33,18.46,759770,676624,12.29,-
2026-07,sii,1526,日馳,電機機械,60672,61113,71228,-0.72,-14.82,390486,480221,-18.69,-
2026-07,sii,1527,鑽全,電機機械,281887,260526,295508,8.20,-4.61,1614546,1852765,-12.86,-
2026-07,sii,1528,恩德,電機機械,317995,274993,265742,15.64,19.66,1787906,1589471,12.48,-
2026-07,sii,1529,樂事綠能,電機機械,44186,37321,106729,18.39,-58.60,485133,582255,-16.68,"本月因無台電亭置式變壓器交貨,故較去年本月減幅大"
2026-07,sii,1530,亞崴,電機機械,238923,167572,186569,42.58,28.06,1151286,1222872,-5.85,-
2026-07,sii,1531,高林股,電機機械,140170,176746,138008,-20.69,1.57,921432,937634,-1.73,-
2026-07,sii,1532,勤美,電機機械,1245914,1305359,994227,-4.55,25.31,8160651,7076399,15.32,-
2026-07,sii,1533,車王電,汽車工業,385966,458717,301044,-15.86,28.21,3092728,2030457,52.32,"本年度累計營收較去年同期增加約1,062,271仟元，主要係電動巴士營收增加約11.90億所致"
2026-07,sii,1535,中宇,電機機械,672022,798088,1073688,-15.80,-37.41,4859156,6613141,-26.52,-
2026-07,sii,1536,和大,汽車工業,439713,366996,401230,19.81,9.59,2794930,2766515,1.03,-
2026-07,sii,1537,廣隆,電機機械,606200,570579,566123,6.24,7.08,4043764,3980168,1.60,-
2026-07,sii,1538,正峰,電機機械,3385,10936,13820,-69.05,-75.51,37811,74721,-49.40,終端市場需求持續轉弱，客戶下單態度轉為審慎及部份客戶庫存水位偏高，持續進行庫存去化與調整作業
2026-07,sii,1539,巨庭,電機機械,115130,100767,123095,14.25,-6.47,668722,846242,-20.98,-
2026-07,sii,1540,喬福,電機機械,20417,30666,34730,-33.42,-41.21,222272,325089,-31.63,大陸巿場衰退
2026-07,sii,1541,錩泰,電機機械,222307,187639,337344,18.48,-34.10,1424388,2280581,-37.54,-
2026-07,sii,1558,伸興,電機機械,936760,777552,748666,20.48,25.12,5155027,4972988,3.66,-
2026-07,sii,1560,中砂,電機機械,886323,832959,700303,6.41,26.56,5672178,4590522,23.56,-
2026-07,sii,1563,巧新,汽車工業,650057,749164,580762,-13.23,11.93,4501785,4213835,6.83,-
2026-07,sii,1568,倉佑,汽車工業,94387,101779,79855,-7.26,18.20,649562,621821,4.46,-
2026-07,sii,1582,信錦,電子零組件業,868532,624512,709152,39.07,22.47,4990204,5106450,-2.28,-
2026-07,sii,1583,程泰,電機機械,441308,382226,356086,15.46,23.93,2417968,2235817,8.15,-
2026-07,sii,1587,吉茂,汽車工業,237679,185923,239559,27.84,-0.78,1590023,1438322,10.55,-
2026-07,sii,1589,永冠-KY,電機機械,728061,720239,712038,1.09,2.25,4707677,4462363,5.50,-
2026-07,sii,1590,亞德客-KY,電機機械,3994281,3912577,2649095,2.09,50.78,26172168,19697987,32.87,本月營業收入換算匯率為4.7520020；本年累計營業收入換算匯率為4.6302622。
2026-07,sii,1597,直得,電機機械,136585,131807,92443,3.62,47.75,894243,617428,44.83,-
2026-07,sii,1598,岱宇,運動休閒,477072,420998,450913,13.32,5.80,3389002,3616187,-6.28,-
2026-07,sii,1603,華電,電器電纜,504831,483897,491968,4.33,2.61,3313185,3342688,-0.88,-
2026-07,sii,1604,聲寶,電器電纜,800422,828708,720933,-3.41,11.03,5596222,5612982,-0.30,-
2026-07,sii,1605,華新,電器電纜,15713997,16719950,14274827,-6.02,10.08,106481838,105446135,0.98,-
2026-07,sii,1608,華榮,電器電纜,1267960,1102958,888754,14.96,42.67,7985424,6689227,19.38,-
2026-07,sii,1609,大亞,電器電纜,2905704,3369481,2605220,-13.76,11.53,20928260,17748989,17.91,-
2026-07,sii,1611,中電,電器電纜,88821,83645,90240,6.19,-1.57,597620,653444,-8.54,-
2026-07,sii,1612,宏泰,電器電纜,746815,717168,695123,4.13,7.44,4718567,4721901,-0.07,-
2026-07,sii,1614,三洋電,電器電纜,511916,461010,474252,11.04,7.94,3162275,3360647,-5.90,-
2026-07,sii,1615,大山,電器電纜,494555,633108,443485,-21.88,11.52,3422879,3307842,3.48,-
2026-07,sii,1616,億泰,電器電纜,532980,572015,511929,-6.82,4.11,3322349,3051248,8.88,-
2026-07,sii,1617,榮星,電器電纜,419782,376197,299036,11.59,40.38,2441171,1902914,28.29,-
2026-07,sii,1618,合機,電器電纜,670446,323809,233579,107.05,187.03,2960881,2885946,2.60,115年7月超高壓線及其相關附屬器材與高壓線出貨量較去年同期增加。
2026-07,sii,1623,大東電,電器電纜,619085,602591,540606,2.74,14.52,3917253,3779216,3.65,-
2026-07,sii,1626,艾美特-KY,電器電纜,672217,1079582,620253,-37.73,8.38,5558068,5693641,-2.38,-
2026-07,sii,1702,南僑,食品工業,1864175,1874328,1704755,-0.54,9.35,13408320,13331304,0.58,-
2026-07,sii,1707,葡萄王,生技醫療業,716707,819639,755035,-12.56,-5.08,5408332,5576338,-3.01,-
2026-07,sii,1708,東鹼,化學工業,639793,519370,513249,23.19,24.66,3948212,3480471,13.44,-
2026-07,sii,1709,和益,化學工業,1130202,1030724,616618,9.65,83.29,6243291,5433638,14.90,因原料成本上漲，調高產品售價所致。
2026-07,sii,1710,東聯,化學工業,2249785,1513960,1720409,48.60,30.77,12826934,13670021,-6.17,無
2026-07,sii,1711,永光,化學工業,781404,690754,621609,13.12,25.71,4958416,4549582,8.99,-
2026-07,sii,1712,興農,化學工業,1571098,1716087,1292618,-8.45,21.54,11740107,11154333,5.25,-
2026-07,sii,1713,國化,化學工業,33259,26893,35405,23.67,-6.06,259700,246193,5.49,-
2026-07,sii,1714,和桐,化學工業,3330687,3074967,1877684,8.32,77.38,20347302,12620503,61.22,115年7月營收較去年同期增加達50%以上，主係產品銷量、售價皆較去年同期增加。
2026-07,sii,1717,長興,化學工業,4092959,3831479,3304430,6.82,23.86,26261809,23769815,10.48,-
2026-07,sii,1718,中纖,化學工業,4902256,4113665,4409611,19.17,11.17,28661443,27803708,3.08,本月份自結異業別合併營收資訊，未經會計師簽證或核閱。
2026-07,sii,1720,生達,生技醫療業,597173,615012,561502,-2.90,6.35,4121661,4029267,2.29,-
2026-07,sii,1721,三晃,化學工業,99976,141052,176838,-29.12,-43.46,906380,1066880,-15.04,-
2026-07,sii,1722,台肥,化學工業,986349,815569,898712,20.94,9.75,7736290,7241664,6.83,-
2026-07,sii,1723,中碳,化學工業,683318,674339,467445,1.33,46.18,4003451,3590526,11.50,-
2026-07,sii,1725,元禎,化學工業,856636,586499,699940,46.06,22.39,5467504,4982092,9.74,-
2026-07,sii,1726,永記,化學工業,844085,746600,756644,13.06,11.56,6019627,5772961,4.27,-
2026-07,sii,1727,中華化,化學工業,235237,224411,177598,4.82,32.45,1392746,1147464,21.38,-
2026-07,sii,1730,花仙子,化學工業,214484,217888,182743,-1.56,17.37,1471615,1413793,4.09,-
2026-07,sii,1731,美吾華,生技醫療業,147474,131865,129567,11.84,13.82,1001974,926556,8.14,本月美吾髮及醫藥事業部營收雙雙成長，營收較去年同期大幅成長13.82%。
2026-07,sii,1732,毛寶,化學工業,50473,65934,57809,-23.45,-12.69,413835,394824,4.82,-
2026-07,sii,1733,五鼎,生技醫療業,142568,173952,109234,-18.04,30.52,1132944,1177935,-3.82,-
2026-07,sii,1734,杏輝,生技醫療業,283359,278642,291707,1.69,-2.86,1980494,1909526,3.72,-
2026-07,sii,1735,日勝化,化學工業,213751,193755,181105,10.32,18.03,1477082,1365019,8.21,-
2026-07,sii,1736,喬山,運動休閒,4580338,5196509,3372928,-11.86,35.80,29639146,26288104,12.75,-
2026-07,sii,1737,臺鹽,食品工業,276992,256387,263317,8.04,5.19,1835501,1939703,-5.37,-
2026-07,sii,1752,南光,生技醫療業,171833,155084,183908,10.80,-6.57,1240047,1305095,-4.98,-
2026-07,sii,1760,寶齡富錦,生技醫療業,173208,132734,144883,30.49,19.55,1204335,1130188,6.56,-
2026-07,sii,1762,中化生,生技醫療業,89767,101773,72846,-11.80,23.23,756172,609837,24.00,-
2026-07,sii,1773,勝一,化學工業,1336524,1250360,1000755,6.89,33.55,7988574,6603865,20.97,-
2026-07,sii,1776,展宇,化學工業,84364,73039,80102,15.51,5.32,612648,599887,2.13,-
2026-07,sii,1783,和康生,生技醫療業,63763,86139,65481,-25.98,-2.62,475644,451483,5.35,-
2026-07,sii,1786,科妍,生技醫療業,75206,74440,75185,1.03,0.03,491554,489007,0.52,-
2026-07,sii,1789,神隆,生技醫療業,185365,248283,199426,-25.34,-7.05,1523578,1633312,-6.72,-
2026-07,sii,1795,美時,生技醫療業,2491699,3398684,2397322,-26.69,3.94,19944784,11874131,67.97,主係受惠於併購NAGH後的營收挹注及出口業務成長所致
2026-07,sii,1802,台玻,玻璃陶瓷,4581358,4207055,3566680,8.90,28.45,26881780,23534755,14.22,-
2026-07,sii,1805,寶徠,建材營造,115,114,114,0.88,0.88,104152,97128,7.23,-
2026-07,sii,1806,冠軍,玻璃陶瓷,209074,236810,270352,-11.71,-22.67,1648236,2048765,-19.55,-
2026-07,sii,1808,潤隆,建材營造,1101405,3067339,30937,-64.09,3460.15,13561773,99805,13488.27,營收變動主要係本年度完工建案已陸續過戶交屋認列房地出售收入所致。
2026-07,sii,1809,中釉,玻璃陶瓷,201583,202891,223694,-0.64,-9.88,1403424,1424040,-1.45,-
2026-07,sii,1810,和成,玻璃陶瓷,388679,391535,403664,-0.73,-3.71,2573106,2784658,-7.60,-
2026-07,sii,1817,凱撒衛,玻璃陶瓷,234891,228982,223281,2.58,5.20,1537066,1511485,1.69,-
2026-07,sii,1903,士紙,造紙工業,11204,11611,11660,-3.51,-3.91,87823,89064,-1.39,-
2026-07,sii,1904,正隆,造紙工業,4255688,3878071,3464887,9.74,22.82,26362913,24516215,7.53,-
2026-07,sii,1905,華紙,造紙工業,1519667,1517398,1497544,0.15,1.48,10600251,11064249,-4.19,-
2026-07,sii,1906,寶隆,造紙工業,337926,286819,167121,17.82,102.20,1919258,1766425,8.65,代理銷售工業用紙之噸數增加
2026-07,sii,1907,永豐餘,造紙工業,6450570,6602187,6012768,-2.30,7.28,44310162,42261784,4.85,-
2026-07,sii,1909,榮成,造紙工業,4324449,4709421,3594033,-8.17,20.32,28534973,25057765,13.88,-
2026-07,sii,2002,中鋼,鋼鐵工業,29719695,27994106,24391344,6.16,21.85,197722404,192658272,2.63,-
2026-07,sii,2006,東和鋼鐵,鋼鐵工業,5196912,5474143,4563042,-5.06,13.89,35093266,34854686,0.68,-
2026-07,sii,2007,燁興,鋼鐵工業,457987,367842,418053,24.51,9.55,2721954,3504035,-22.32,-
2026-07,sii,2008,高興昌,鋼鐵工業,159159,164518,153496,-3.26,3.69,980815,1148567,-14.61,-
2026-07,sii,2009,第一銅,鋼鐵工業,345877,307040,284879,12.65,21.41,2036749,1686661,20.76,-
2026-07,sii,2010,春源,鋼鐵工業,2093876,2154426,2113955,-2.81,-0.95,14959798,14126558,5.90,-
2026-07,sii,2012,春雨,鋼鐵工業,647377,623323,661631,3.86,-2.15,4416161,4996549,-11.62,-
2026-07,sii,2013,中鋼構,鋼鐵工業,1757640,1479472,1582338,18.80,11.08,11401380,12500388,-8.79,-
2026-07,sii,2014,中鴻,鋼鐵工業,1250747,1830179,1067265,-31.66,17.19,11572966,12188085,-5.05,-
2026-07,sii,2015,豐興,鋼鐵工業,2472383,2498361,2344608,-1.04,5.45,16464211,18157029,-9.32,-
2026-07,sii,2017,官田鋼,鋼鐵工業,180742,249737,226800,-27.63,-20.31,1589715,1648024,-3.54,-
2026-07,sii,2020,美亞,鋼鐵工業,284045,311582,752843,-8.84,-62.27,2332414,2890818,-19.32,1.去年7月認列營建收入3.39億元，本年7月無認列營建收入。2.本年7月鋼鐵營業收入較去年7月減少1.35億元。
2026-07,sii,2022,聚亨,鋼鐵工業,903166,777747,757450,16.13,19.24,7128937,4997453,42.65,-
2026-07,sii,2023,燁輝,鋼鐵工業,5722528,5315284,5156077,7.66,10.99,39412611,41799502,-5.71,-
2026-07,sii,2024,志聯,鋼鐵工業,100086,98259,82947,1.86,20.66,610481,589726,3.52,-
2026-07,sii,2025,千興,鋼鐵工業,112761,85486,37490,31.91,200.78,1015559,414964,144.73,本月及本年營收較去年同期增加，係因鎳價上漲帶動不銹鋼售價提高，另一因素為去年基期較低，造成增加數大幅成長。
2026-07,sii,2027,大成鋼,鋼鐵工業,12618274,11907806,8635750,5.97,46.12,79814159,60211977,32.56,-
2026-07,sii,2028,威致,鋼鐵工業,665890,776510,590147,-14.25,12.83,5407384,5168407,4.62,-
2026-07,sii,2029,盛餘,鋼鐵工業,1022366,1237439,784897,-17.38,30.25,7735967,8235523,-6.07,-
2026-07,sii,2030,彰源,鋼鐵工業,1078093,986869,763551,9.24,41.19,6902801,5963695,15.75,-
2026-07,sii,2031,新光鋼,鋼鐵工業,1765571,1566966,1283407,12.67,37.57,11176541,10928019,2.27,-
2026-07,sii,2032,新鋼,鋼鐵工業,263658,280939,261187,-6.15,0.95,1929201,1782112,8.25,-
2026-07,sii,2033,佳大,鋼鐵工業,53100,47205,63574,12.49,-16.48,397118,425492,-6.67,-
2026-07,sii,2034,允強,鋼鐵工業,1354182,1224695,958911,10.57,41.22,7647337,7918750,-3.43,-
2026-07,sii,2038,海光,鋼鐵工業,608290,614558,617143,-1.02,-1.43,4592248,5612267,-18.17,-
2026-07,sii,2049,上銀,電機機械,2681646,2554057,2002143,5.00,33.94,16569342,13766414,20.36,-
2026-07,sii,2059,川湖,電子零組件業,6407256,4442581,1406573,44.22,355.52,22687022,9589506,136.58,新產品開始出貨，導致年對年營收增幅較大。
2026-07,sii,2062,橋椿,居家生活,564590,642373,526801,-12.11,7.17,4051332,3568166,13.54,-
2026-07,sii,2069,運錩,鋼鐵工業,796947,921026,828813,-13.47,-3.84,5796021,6155778,-5.84,-
2026-07,sii,2072,世紀風電,綠能環保,1571712,1718369,764252,-8.53,105.65,10417996,6180662,68.56,本月營收較去年本月增加，主要係因本月承接工程案件依進度認列收入較高所致
2026-07,sii,2101,南港,橡膠工業,1211182,3414007,846451,-64.52,43.09,14260866,5365317,165.80,本公告係屬自結數，如與公告財報有所差異請以財報為準，另本月份營建收入6億/累積營建收入100億元。
2026-07,sii,2102,泰豐,橡膠工業,22187,19010,21641,16.71,2.52,111917,159437,-29.80,-
2026-07,sii,2103,台橡,橡膠工業,3641846,3913317,2748063,-6.94,32.52,25853912,22253321,16.18,-
2026-07,sii,2104,國際中橡,橡膠工業,1546688,872818,1596022,77.21,-3.09,8306606,9836229,-15.55,以上營收不包含停業部門營收:115年7月0仟元暨114年7月0仟元；115年1~7月0仟元暨114年1~7月71仟元。
2026-07,sii,2105,正新,橡膠工業,8595349,8570989,7647117,0.28,12.40,56974756,53758698,5.98,無。
2026-07,sii,2106,建大,橡膠工業,3237190,3109402,2524580,4.11,28.23,21445503,20313041,5.58,-
2026-07,sii,2107,厚生,橡膠工業,122411,205165,103523,-40.34,18.25,870569,800257,8.79,-
2026-07,sii,2108,南帝,橡膠工業,1028039,1056338,774450,-2.68,32.74,7074499,5672125,24.72,-
2026-07,sii,2109,華豐,橡膠工業,454629,347217,365481,30.94,24.39,2733061,2746276,-0.48,-
2026-07,sii,2114,鑫永銓,橡膠工業,142852,140477,132067,1.69,8.17,952674,881430,8.08,-
2026-07,sii,2115,六暉-KY,汽車工業,320318,296722,246878,7.95,29.75,2061580,1800192,14.52,-
2026-07,sii,2201,裕隆,汽車工業,5943538,5920500,6185961,0.39,-3.92,40457443,41995435,-3.66,-
2026-07,sii,2204,中華,汽車工業,2878948,3042427,2533439,-5.37,13.64,20936204,18933597,10.58,-
2026-07,sii,2206,三陽工業,汽車工業,5407346,5068819,5748850,6.68,-5.94,35972920,38036950,-5.43,-
2026-07,sii,2207,和泰車,汽車工業,30043601,28989099,25924152,3.64,15.89,187629203,165303327,13.51,-
2026-07,sii,2208,台船,航運業,1491536,1489333,1241212,0.15,20.17,11079972,15079037,-26.52,-
2026-07,sii,2211,長榮鋼,鋼鐵工業,1458678,1636457,1054731,-10.86,38.30,9126174,8566325,6.54,-
2026-07,sii,2227,裕日車,汽車工業,1228457,1236595,1198539,-0.66,2.50,7944814,9421614,-15.67,-
2026-07,sii,2228,劍麟,汽車工業,432522,409173,434886,5.71,-0.54,2874855,2954281,-2.69,營業收入係以合併營業收入申報
2026-07,sii,2231,為升,汽車工業,248852,233407,286576,6.62,-13.16,1733460,1992451,-13.00,-
2026-07,sii,2233,宇隆,汽車工業,281958,284710,282308,-0.97,-0.12,1977522,1997650,-1.01,-
2026-07,sii,2236,百達-KY,汽車工業,1238220,927824,751624,33.45,64.74,6917937,5326036,29.89,主係AI數據中心儲存需求大增及客戶推出高存量HDD新產品，致使整體銷售金額成長
2026-07,sii,2237,華德動能-創,汽車工業,250888,310668,144727,-19.24,73.35,2089043,902020,131.60,本月銷售電動巴士27輛及維修收入
2026-07,sii,2239,英利-KY,汽車工業,1326447,1250670,1670834,6.06,-20.61,9631861,11061625,-12.93,-
2026-07,sii,2241,艾姆勒,汽車工業,80051,96393,56352,-16.95,42.06,551514,376941,46.31,-
2026-07,sii,2243,宏旭-KY,汽車工業,108679,228251,118860,-52.39,-8.57,1078851,856924,25.90,本月認列合約收入金額較去年同期減少
2026-07,sii,2247,汎德永業,汽車工業,4128800,4101099,4185655,0.68,-1.36,24753773,32074631,-22.82,-
2026-07,sii,2248,華勝-KY,汽車工業,232376,307728,145803,-24.49,59.38,1564508,1046583,49.49,本年累計增減百分比達50%以上，係受惠於本公司客戶新車型上市熱銷所致
2026-07,sii,2250,IKKA-KY,汽車工業,285419,260427,288703,9.60,-1.14,1858662,2005944,-7.34,-
2026-07,sii,2254,巨鎧精密-創,汽車工業,3224,3488,30229,-7.57,-89.33,65792,349209,-81.16,本&#12105;營收較去年同期營收減少，係因客&#12094;訂單減少所致。
2026-07,sii,2258,鴻華先進-創,汽車工業,597565,454732,280160,31.41,113.29,2902532,3220144,-9.86,本月乘用車較去年本月上升，乘用車及電動巴士陸續交車。
2026-07,sii,2301,光寶科,電腦及週邊設備業,19005536,18655552,13811634,1.88,37.61,115117861,90651241,26.99,-
2026-07,sii,2302,麗正,半導體業,122214,99738,67461,22.54,81.16,622972,477497,30.47,系訂單需求增加
2026-07,sii,2303,聯電,半導體業,23844045,23124962,20040049,3.11,18.98,153614609,136656663,12.41,-
2026-07,sii,2305,全友,電腦及週邊設備業,178558,149910,59960,19.11,197.80,811020,412069,96.82,"受惠於AI及大數據發展,光電子設備需求強勁"
2026-07,sii,2308,台達電,電子零組件業,67073192,65602611,45397038,2.24,47.75,409681924,288351530,42.08,-
2026-07,sii,2312,金寶,其他電子業,16022648,14855388,10736873,7.86,49.23,90988800,89894359,1.22,-
2026-07,sii,2313,華通,電子零組件業,6955176,6915025,5995419,0.58,16.01,46495206,40925791,13.61,-
2026-07,sii,2314,台揚,通信網路業,78392,140280,115681,-44.12,-32.23,906958,684633,32.47,-
2026-07,sii,2316,楠梓電,電子零組件業,510275,320550,292536,59.19,74.43,2664539,1937519,37.52,係因終端客戶需求增加，使得營收增加。
2026-07,sii,2317,鴻海,其他電子業,946512543,821762936,613864601,15.18,54.19,5589373251,4053385041,37.89,主要受惠於伺服器產品需求提升及出貨成長所致
2026-07,sii,2321,東訊,通信網路業,63646,80209,58678,-20.65,8.47,435794,429159,1.55,-
2026-07,sii,2323,中環,光電業,644798,638861,626765,0.93,2.88,4600370,4035347,14.00,無
2026-07,sii,2324,仁寶,電腦及週邊設備業,81005761,95853605,58591225,-15.49,38.26,520603973,438132361,18.82,無
2026-07,sii,2327,國巨*,電子零組件業,16131188,15359009,10646791,5.03,51.51,98753163,74521874,32.52,主要係因客戶需求強勁
2026-07,sii,2328,廣宇,電子零組件業,2049542,1958965,1761212,4.62,16.37,11679274,13213853,-11.61,-
2026-07,sii,2329,華泰,半導體業,1790428,1822186,1758002,-1.74,1.84,12127122,11099366,9.26,-
2026-07,sii,2330,台積電,半導體業,467580548,442679969,323165707,5.62,44.69,2872064238,2096211240,37.01,-
2026-07,sii,2331,精英,電腦及週邊設備業,1554400,2269289,1795537,-31.50,-13.43,12306650,10724884,14.75,-
2026-07,sii,2332,友訊,通信網路業,1155984,1292542,1104203,-10.57,4.69,8283345,7591531,9.11,-
2026-07,sii,2337,旺宏,半導體業,7724730,6956348,2754115,11.05,180.48,37318122,15690833,137.83,受市場需求增加影響。
2026-07,sii,2338,光罩,半導體業,505327,508943,483955,-0.71,4.42,3557771,3701845,-3.89,-
2026-07,sii,2340,台亞,半導體業,394291,483128,385892,-18.39,2.18,2557802,2503507,2.17,-
2026-07,sii,2342,茂矽,半導體業,183537,176335,165044,4.08,11.20,1191698,1242506,-4.09,-
2026-07,sii,2344,華邦電,半導體業,26773179,20596799,6837785,29.99,291.55,124869508,47848359,160.97,受市場供需影響。
2026-07,sii,2345,智邦,通信網路業,39472637,39554529,22990663,-0.21,71.69,205131072,126346022,62.36,客戶需求增加
2026-07,sii,2347,聯強,電子通路業,72339062,76417552,31884386,-5.34,126.88,399706662,216601613,84.54,本月營收較去年同期增加127%，主係受惠於AI建置熱潮帶動資料中心相關產品市場需求所致；另自結數前期調整列入累計營收
2026-07,sii,2348,海悅,其他,2077742,1498327,191985,38.67,982.24,5194008,3442466,50.88,本月及本年度增減百分比達50％以上，係因本期認列新知段及後壁田段等建案營建收入
2026-07,sii,2349,錸德,光電業,735585,644873,821390,14.07,-10.45,4491260,4794115,-6.32,-
2026-07,sii,2351,順德,半導體業,1328046,1213743,862342,9.42,54.00,7688847,5983197,28.51,主係客戶應用於AI領域之電源管理需求強勁，車用領域所需之導線架亦逐步復甦，客戶之拉貨動能提升。
2026-07,sii,2352,佳世達,電腦及週邊設備業,18193769,18670885,17472081,-2.56,4.13,122465515,120683046,1.48,-
2026-07,sii,2353,宏碁,電腦及週邊設備業,26903988,27818445,22064455,-3.29,21.93,184630682,149934452,23.14,-
2026-07,sii,2354,鴻準,其他電子業,21422430,15054892,15584906,42.30,37.46,77044826,86806664,-11.25,-
2026-07,sii,2355,敬鵬,電子零組件業,1472569,1365750,1270473,7.82,15.91,9769686,9201731,6.17,-
2026-07,sii,2356,英業達,電腦及週邊設備業,90190327,102262391,54420542,-11.80,65.73,560357927,398032267,40.78,客戶需求增加，較去年同期成長
2026-07,sii,2357,華碩,電腦及週邊設備業,84131254,106723044,54871158,-21.17,53.33,550232967,390570631,40.88,本月增減差異說明：主要來自AI伺服器之銷售成長。
2026-07,sii,2359,所羅門,其他電子業,411460,580287,301829,-29.09,36.32,2758356,2555913,7.92,-
2026-07,sii,2360,致茂,其他電子業,5434240,4114136,1974233,32.09,175.26,30823368,15294679,101.53,訂單增長，營運動能強勁
2026-07,sii,2362,藍天,電腦及週邊設備業,1817329,2231200,1976606,-18.55,-8.06,13288068,11727310,13.31,-
2026-07,sii,2363,矽統,半導體業,404550,466594,235103,-13.30,72.07,2615631,1341157,95.03,(1)季節性影響 ; (2)115/4起新增合併個體廈門凌陽華芯科技股份有限公司營收
2026-07,sii,2364,倫飛,電腦及週邊設備業,189703,182557,125206,3.91,51.51,1047427,891278,17.52,客戶專案出貨增加，致本月營收較去年同期增加。
2026-07,sii,2365,昆盈,電腦及週邊設備業,111160,79394,91239,40.01,21.83,599571,558310,7.39,-
2026-07,sii,2367,燿華,電子零組件業,1631312,1375316,1305549,18.61,24.95,9639836,9951049,-3.13,-
2026-07,sii,2368,金像電,電子零組件業,10014527,8255188,5645777,21.31,77.38,53674953,31520053,70.29,接單量增加
2026-07,sii,2369,菱生,半導體業,641835,631125,478202,1.70,34.22,4179279,3054647,36.82,-
2026-07,sii,2371,大同,電機機械,3677894,5292568,4283928,-30.51,-14.15,28179597,27835800,1.24,-
2026-07,sii,2373,震旦行,其他電子業,931455,884597,965491,5.30,-3.53,6053954,6217717,-2.63,-
2026-07,sii,2374,佳能,光電業,1159684,1048813,706647,10.57,64.11,6951476,4532823,53.36,今年較去年同期及累計成長超過50%，主係影像視覺產品、光學相關模組及因客戶專案出貨轉趨穩健。
2026-07,sii,2375,凱美,電子零組件業,621019,543117,450284,14.34,37.92,3630476,3221022,12.71,-
2026-07,sii,2376,技嘉,電腦及週邊設備業,44213037,42892460,27690083,3.08,59.67,293482242,195704810,49.96,AI訂單需求暢旺
2026-07,sii,2377,微星,電腦及週邊設備業,19342388,17755864,19346145,8.94,-0.02,125511947,134203127,-6.48,-
2026-07,sii,2379,瑞昱,半導體業,12895149,12310586,9729539,4.75,32.54,86870918,76666298,13.31,-
2026-07,sii,2380,虹光,電腦及週邊設備業,199374,222021,225816,-10.20,-11.71,1654120,1568581,5.45,-
2026-07,sii,2382,廣達,電腦及週邊設備業,366274080,385190820,158342022,-4.91,131.32,2212087847,1148135664,92.67,產品組合變更
2026-07,sii,2383,台光電,電子零組件業,19206698,17732956,8372495,8.31,129.40,99549142,52560257,89.40,受惠於AI伺服器成長力道
2026-07,sii,2385,群光,電子零組件業,7056988,7888735,8041213,-10.54,-12.24,52316466,55816772,-6.27,-
2026-07,sii,2387,精元,電腦及週邊設備業,1246972,1404511,1710880,-11.22,-27.12,9704204,11096489,-12.55,-
2026-07,sii,2388,威盛,半導體業,1135921,1248016,792725,-8.98,43.29,6743272,4969690,35.69,-
2026-07,sii,2390,云辰,其他電子業,60061,59823,56295,0.40,6.69,383013,408420,-6.22,-
2026-07,sii,2392,正崴,電子零組件業,8941317,5498589,6733663,62.61,32.79,46993872,49487254,-5.04,-
2026-07,sii,2393,億光,光電業,1974254,1830701,1681086,7.84,17.44,12370577,11759257,5.20,-
2026-07,sii,2395,研華,電腦及週邊設備業,11272216,10122989,6009344,11.35,87.58,57783770,41196386,40.26,客戶端積極下單，專案需求與出貨暢旺，帶動整體營收大幅成長。
2026-07,sii,2397,友通,電腦及週邊設備業,1284852,1284742,849362,0.01,51.27,8023227,6212035,29.16,本月營收較去年同期變動達51.27%，係因客戶需求增加使營收成長。
2026-07,sii,2399,映泰,電腦及週邊設備業,192758,158673,174088,21.48,10.72,1155969,1124949,2.76,-
2026-07,sii,2401,凌陽,半導體業,745822,734090,542062,1.60,37.59,4628095,3789869,22.12,-
2026-07,sii,2402,毅嘉,電子零組件業,1166674,1134829,940752,2.81,24.02,7247936,6179853,17.28,-
2026-07,sii,2404,漢唐,其他電子業,9945328,8743401,6072706,13.75,63.77,56301870,32375413,73.90,"營收較去年同期增加50%以上,係因本月正在投入進行的專案較去年同期增加所致。"
2026-07,sii,2405,輔信,電腦及週邊設備業,165225,164735,135488,0.30,21.95,1066771,974552,9.46,-
2026-07,sii,2406,國碩,光電業,997619,805136,600512,23.91,66.13,6540589,2974423,119.89,主要係因子公司太陽能導電漿產品、太陽能模組及AI伺服器液冷管接件及其零組件之加工與測試服務銷量增加所致。
2026-07,sii,2408,南亞科,半導體業,43867609,29388309,5352227,49.27,719.61,175503614,23066261,660.87,受市場需求成長影響。
2026-07,sii,2409,友達,光電業,20370071,24952469,20922673,-18.36,-2.64,160292620,162261293,-1.21,-
2026-07,sii,2412,中華電,通信網路業,19884860,21342447,19179026,-6.83,3.68,141236769,131717831,7.23,-
2026-07,sii,2413,環科,電子零組件業,356396,332034,297509,7.34,19.79,2156964,1860746,15.92,-
2026-07,sii,2414,精技,電子通路業,3225267,5092378,2572976,-36.66,25.35,23558511,16481044,42.94,-
2026-07,sii,2415,錩新,電子零組件業,221741,211964,204697,4.61,8.33,1459254,1327125,9.96,-
2026-07,sii,2417,圓剛,電腦及週邊設備業,325100,343214,273356,-5.28,18.93,2196805,1928564,13.91,-
2026-07,sii,2419,仲琦,通信網路業,664742,951949,691344,-30.17,-3.85,4784122,4979825,-3.93,-
2026-07,sii,2420,新巨,電子零組件業,237960,210736,200663,12.92,18.59,1378938,1325135,4.06,-
2026-07,sii,2421,建準,電子零組件業,2119438,1855096,1609880,14.25,31.65,12557555,10435310,20.34,-
2026-07,sii,2423,固緯,其他電子業,281182,330769,239390,-14.99,17.46,1989293,1617304,23.00,-
2026-07,sii,2424,隴華,通信網路業,12147,29231,11830,-58.44,2.68,98637,112154,-12.05,-
2026-07,sii,2425,承啟,電腦及週邊設備業,1909626,2408356,783915,-20.71,143.60,10890356,4931849,120.82,"1.主係為子公司營業收入增加。2.以上金額包含停業單位營業收入115年1-7月8,948,919仟元,114年1-7月3,124,389仟元"
2026-07,sii,2426,鼎元,光電業,255443,249133,187389,2.53,36.32,1492580,1458944,2.31,-
2026-07,sii,2427,三商電,資訊服務業,384621,499795,292534,-23.04,31.48,3528422,3439064,2.60,-
2026-07,sii,2428,興勤,電子零組件業,979022,973436,659874,0.57,48.36,5736525,4610751,24.42,-
2026-07,sii,2429,銘旺科,光電業,34749,21247,50765,63.55,-31.55,235191,252251,-6.76,-
2026-07,sii,2430,燦坤,電子通路業,1593343,1426134,1544773,11.72,3.14,10264476,10406410,-1.36,-
2026-07,sii,2431,聯昌,電子零組件業,12297,13533,32515,-9.13,-62.18,133404,254763,-47.64,聯昌現為產品轉型期，持續增加驅動產品高毛利比重方向，減少低毛利機種比例。
2026-07,sii,2432,倚天酷碁-創,電腦及週邊設備業,489165,435143,261441,12.41,87.10,2735918,1733061,57.87,本月營收及本年累計營收較去年同期增加，主係電腦週邊產品挹注成長所致。
2026-07,sii,2433,互盛電,其他電子業,235142,228368,230340,2.97,2.08,1602050,1577000,1.59,-
2026-07,sii,2434,統懋,半導體業,3526,7508,4271,-53.04,-17.44,30310,26849,12.89,-
2026-07,sii,2436,偉詮電,半導體業,403610,372126,282385,8.46,42.93,2610996,2006397,30.13,-
2026-07,sii,2438,翔耀,光電業,137900,39768,48290,246.76,185.57,429553,267065,60.84,因國軍服裝供售案營運實質改變，自115年起營收認列方式由代採購淨額利潤認列營收改為實質買賣銷售認列營收，因此較去年同期增加
2026-07,sii,2439,美律,通信網路業,3647858,3459919,3658294,5.43,-0.29,25056977,22793097,9.93,-
2026-07,sii,2440,太空梭,電子零組件業,397352,403667,270430,-1.56,46.93,2600384,2057807,26.37,-
2026-07,sii,2441,超豐,半導體業,1998127,1874548,1410562,6.59,41.65,12004072,9628062,24.68,-
2026-07,sii,2442,新美齊,建材營造,47983,48939,14369,-1.95,233.93,3605271,725855,396.69,本年累計營收較去年同期增加，主係本期營建專案交屋認列收入增加所致。
2026-07,sii,2444,兆勁,通信網路業,81521,75643,86143,7.77,-5.37,515070,686582,-24.98,-
2026-07,sii,2449,京元電子,半導體業,3990702,3621671,2918332,10.19,36.75,25324261,18595696,36.18,"以上不含停業部門營收:115年7月0仟元暨114年7月0仟元;115年1~7月0仟元暨114年1~7月985,800仟元。"
2026-07,sii,2450,神腦,通信網路業,2696323,2882213,2384781,-6.45,13.06,19930891,17254439,15.51,-
2026-07,sii,2451,創見,半導體業,5195090,5068218,1274380,2.50,307.66,37638978,7487664,402.68,本月營收較去年同期增加主係市場價格上漲所致
2026-07,sii,2453,凌群,資訊服務業,587363,639912,557821,-8.21,5.30,3967596,3739494,6.10,-
2026-07,sii,2454,聯發科,半導體業,48474930,58011756,43220164,-16.44,12.16,349808051,346900972,0.84,海外子公司之營收係以當月平均匯率換算之
2026-07,sii,2455,全新,通信網路業,422106,325993,290875,29.48,45.12,2346789,1798625,30.48,-
2026-07,sii,2457,飛宏,電子零組件業,870492,729950,995694,19.25,-12.57,5199700,5670049,-8.30,-
2026-07,sii,2458,義隆,半導體業,878267,1059324,1011978,-17.09,-13.21,7307892,7162580,2.03,-
2026-07,sii,2459,敦吉,其他電子業,510199,449445,430921,13.52,18.40,3093939,2781498,11.23,-
2026-07,sii,2460,建通,電子零組件業,432492,406806,252600,6.31,71.22,2826759,1726258,63.75,係因端子產品訂單穩定回流及特殊新型銅材業務量持續增量。
2026-07,sii,2461,光群雷,其他電子業,479333,448865,477685,6.79,0.34,3151021,3058882,3.01,-
2026-07,sii,2462,良得電,電子零組件業,373007,343791,360056,8.50,3.60,2394450,2426541,-1.32,-
2026-07,sii,2464,盟立,其他電子業,862979,812626,532373,6.20,62.10,4896496,3897227,25.64,主要係本公司半導體自動化設備相關訂單增加所致。
2026-07,sii,2465,麗臺,電腦及週邊設備業,1070629,937969,281096,14.14,280.88,5145502,1859436,176.72,本月及本年累計營收較去年同期分別增加280.88%及176.72%，主係受惠於全球市場之人工智能應用相關產品需求所致。
2026-07,sii,2466,冠西電,光電業,194036,119211,215166,62.77,-9.82,589435,662546,-11.03,-
2026-07,sii,2467,志聖,電子零組件業,1167511,869119,501669,34.33,132.73,6211561,3320822,87.05,係因客戶需求提升，以致115年7月單月營收成長率較去年同期增加132.73%；115年累計營收成長率較去年同期增加87.05%。
2026-07,sii,2468,華經,資訊服務業,174485,298468,150816,-41.54,15.69,1465454,1593885,-8.06,-
2026-07,sii,2471,資通,資訊服務業,84322,89019,79054,-5.28,6.66,559181,517594,8.03,-
2026-07,sii,2472,立隆電,電子零組件業,1327811,1276360,974676,4.03,36.23,7952901,6580878,20.85,-
2026-07,sii,2474,可成,其他電子業,1056467,804738,1607762,31.28,-34.29,7511616,11042384,-31.97,-
2026-07,sii,2476,鉅祥,電子零組件業,970526,915039,628580,6.06,54.40,5705204,4086527,39.61,客戶需求上升，銷售量增加
2026-07,sii,2477,美隆電,其他電子業,302621,251013,225649,20.56,34.11,1386782,1401168,-1.03,-
2026-07,sii,2478,大毅,電子零組件業,660883,624098,448100,5.89,47.49,3786266,3159404,19.84,-
2026-07,sii,2480,敦陽科,資訊服務業,813206,966718,664605,-15.88,22.36,5696091,4912074,15.96,-
2026-07,sii,2481,強茂,半導體業,1447660,1388856,1105266,4.23,30.98,8824383,7577026,16.46,-
2026-07,sii,2482,連宇,其他電子業,38134,47535,52308,-19.78,-27.10,271665,305374,-11.04,-
2026-07,sii,2483,百容,電子零組件業,201159,197699,146629,1.75,37.19,1247232,1037248,20.24,-
2026-07,sii,2484,希華,電子零組件業,235587,207294,219967,13.65,7.10,1449920,1467315,-1.19,-
2026-07,sii,2485,兆赫,通信網路業,311758,274653,133593,13.51,133.36,2266516,1207521,87.70,因客戶端產品驗證通過，正式進入量產與備貨階段，帶動出貨量顯著提升，致使本月營收較去年同期大幅成長。
2026-07,sii,2486,一詮,光電業,739794,701021,519097,5.53,42.52,4422714,3467951,27.53,-
2026-07,sii,2488,漢平,其他電子業,377191,356840,238462,5.70,58.18,1920467,1536501,24.99,本月營收較去年同期增加主要係因訂單量增加所致。
2026-07,sii,2489,瑞軒,光電業,2690629,2509581,2034613,7.21,32.24,15870242,13738920,15.51,-
2026-07,sii,2491,吉祥全,光電業,16284,14925,15283,9.11,6.55,97901,103165,-5.10,-
2026-07,sii,2492,華新科,電子零組件業,4443982,3960936,3130662,12.20,41.95,25372434,21382145,18.66,-
2026-07,sii,2493,揚博,電子零組件業,397828,406283,315914,-2.08,25.93,2413632,2157526,11.87,-
2026-07,sii,2495,普安,電腦及週邊設備業,149804,131722,91212,13.73,64.24,928808,634288,46.43,主係客戶訂單需求增加及配合客戶排程出貨所致。
2026-07,sii,2496,卓越,其他,72277,61315,74296,17.88,-2.72,487851,478750,1.90,-
2026-07,sii,2497,怡利電,汽車工業,534152,510144,458324,4.71,16.54,3109485,2587799,20.16,-
2026-07,sii,2498,宏達電,通信網路業,178710,292394,147448,-38.88,21.20,1445538,1550772,-6.79,-
2026-07,sii,2501,國建,建材營造,2481445,1211334,1129606,104.85,119.67,16917555,12502867,35.31,本月交屋入帳增加
2026-07,sii,2504,國產,建材營造,1752096,1493941,1837947,17.28,-4.67,12001532,13080601,-8.25,-
2026-07,sii,2505,國揚,建材營造,257522,120034,761582,114.54,-66.19,854681,1896235,-54.93,"本年度營建收入850,888仟元，租賃收入3,793仟元。"
2026-07,sii,2506,太設,建材營造,89279,146675,207924,-39.13,-57.06,897114,742671,20.80,本月交屋較去年同月少
2026-07,sii,2509,全坤建,建材營造,1074517,20943,20197,5030.67,5220.18,1201139,152739,686.40,"本月營收及累計營收較去年同期增加,主要係完工認列全坤X101案售屋收入所致."
2026-07,sii,2511,太子,建材營造,661057,1179723,785216,-43.97,-15.81,5330592,4615488,15.49,-
2026-07,sii,2514,龍邦,其他,1536521,1586845,1858525,-3.17,-17.33,12075388,11973874,0.85,-
2026-07,sii,2515,中工,建材營造,1547226,1531887,1764071,1.00,-12.29,14510914,11574167,25.37,-
2026-07,sii,2516,新建,建材營造,707012,727606,763775,-2.83,-7.43,4386262,5560101,-21.11,-
2026-07,sii,2520,冠德,建材營造,1761630,3398502,1843888,-48.16,-4.46,14987258,11909981,25.84,-
2026-07,sii,2524,京城,建材營造,492010,240696,150833,104.41,226.20,1800527,2920408,-38.35,因京城及馥之森大坪數個案銷售入帳，致使本月營收年成長率較高。
2026-07,sii,2527,宏璟,建材營造,166277,132649,127427,25.35,30.49,4940558,308736,1500.25,本年累計營收較去年同期高，主要係因今年有大型工案認列收入所致。
2026-07,sii,2528,皇普,建材營造,1365498,807387,2045022,69.13,-33.23,3034264,7326834,-58.59,"係115年7月認列皇普LaVie案1,335,317仟元、皇普雲鼎案29,888仟元及租賃收入293仟元所致。"
2026-07,sii,2530,華建,建材營造,842,835,1978557,0.84,-99.96,209681,5617154,-96.27,"本年度出售房地收入較去年度減少5,407,505仟元,本年度租金收入較去年度同期增加32仟元."
2026-07,sii,2534,宏盛,建材營造,133490,146136,127516,-8.65,4.68,639991,4217093,-84.82,累計至本期成屋銷售情形較去年同期減少
2026-07,sii,2535,達欣工,建材營造,2404520,2217213,1993357,8.45,20.63,15822607,12963767,22.05,-
2026-07,sii,2536,宏普,建材營造,14869,15320,303682,-2.94,-95.10,5005720,3982129,25.70,本期認列租金收入。
2026-07,sii,2537,聯上發,建材營造,57492,152161,66166,-62.22,-13.11,1522440,498973,205.11,本月營收較去年減少，係去年同期認列台北市房地出售收入較高所致。
2026-07,sii,2538,基泰,建材營造,21827,23281,19184,-6.25,13.78,177987,162902,9.26,-
2026-07,sii,2539,櫻花建,建材營造,527905,1055792,624290,-50.00,-15.44,9078182,7599066,19.46,無異常。本月有「櫻花昕光之櫻」建案陸續過戶中。
2026-07,sii,2540,愛山林,建材營造,1092561,948355,1020778,15.21,7.03,4835708,7723671,-37.39,-
2026-07,sii,2542,興富發,建材營造,4808113,5160129,1621145,-6.82,196.59,38044966,7544402,404.28,本期較去年同期增加，係本期認列「青山440」、「福山案」、「復興北」、「VVS1」、「市政愛&#24742;」等新建案收入所致。
2026-07,sii,2543,皇昌,建材營造,1766665,1954215,911475,-9.60,93.82,9510258,5913587,60.82,新承攬工程進入施工期，致本期營收較去年同期增加。
2026-07,sii,2545,皇翔,建材營造,1193449,283447,214349,321.05,456.78,4756547,5322533,-10.63,因本期成屋銷售情形較去年同期佳所致
2026-07,sii,2546,根基,建材營造,1854655,2898583,1757700,-36.02,5.52,13109098,11038903,18.75,-
2026-07,sii,2547,日勝生,建材營造,1221328,1163144,484168,5.00,152.25,5090250,3178298,60.16,本月及本年度增加除工案工進增加外，主係建案完工陸續交屋所致。
2026-07,sii,2548,華固,建材營造,74491,224640,832015,-66.84,-91.05,5781972,2860019,102.17,本公司截至07月累計營收較去年同期增加，係因本年度認列交屋金額較高所致。
2026-07,sii,2597,潤弘,建材營造,2790679,3106651,2706063,-10.17,3.13,18902111,16680909,13.32,-
2026-07,sii,2601,益航,航運業,146573,147242,314051,-0.45,-53.33,1121383,2480335,-54.79,本期營收減少，係原合併報表子公司改採權益法認列，其營收不再納入合併報表所致。
2026-07,sii,2603,長榮,航運業,48079100,39141253,33605171,22.83,43.07,239751554,230059729,4.21,-
2026-07,sii,2605,新興,航運業,478915,486412,351450,-1.54,36.27,3183655,2356104,35.12,-
2026-07,sii,2606,裕民,航運業,1764365,1714892,1396539,2.88,26.34,10669645,8447327,26.31,-
2026-07,sii,2607,榮運,航運業,2024250,1846632,1439680,9.62,40.60,11068394,10267178,7.80,-
2026-07,sii,2608,嘉里大榮,航運業,1116135,1052151,1141445,6.08,-2.22,7327710,7460619,-1.78,-
2026-07,sii,2609,陽明,航運業,20836075,16591195,15484403,25.59,34.56,105419574,99657828,5.78,-
2026-07,sii,2610,華航,航運業,22234995,21761004,17740055,2.18,25.34,143037819,121802362,17.43,-
2026-07,sii,2611,志信,航運業,49501,86055,53148,-42.48,-6.86,673240,392143,71.68,本期建案完工交屋，故營收增加。
2026-07,sii,2612,中航,航運業,480742,447497,406391,7.43,18.30,3059941,2844152,7.59,-
2026-07,sii,2613,中櫃,航運業,309190,311833,290849,-0.85,6.31,2054850,1932150,6.35,-
2026-07,sii,2614,東森,其他,463540,456582,447636,1.52,3.55,3008396,3111967,-3.33,-
2026-07,sii,2615,萬海,航運業,18639594,16165884,12415675,15.30,50.13,95180956,84358576,12.83,運價較去年同期上漲
2026-07,sii,2616,山隆,油電燃氣業,791533,784015,664722,0.96,19.08,5165025,4672109,10.55,-
2026-07,sii,2617,台航,航運業,454515,447651,338948,1.53,34.10,2824665,2383689,18.50,-
2026-07,sii,2618,長榮航,航運業,22453631,23472175,18492913,-4.34,21.42,150739178,128744305,17.08,-
2026-07,sii,2630,亞航,航運業,347368,328174,478525,5.85,-27.41,2442919,3122032,-21.75,-
2026-07,sii,2633,台灣高鐵,航運業,4573616,4412069,4386143,3.66,4.27,32385710,31120668,4.06,-
2026-07,sii,2634,漢翔,航運業,3196727,2843931,2664256,12.41,19.99,19979590,18342618,8.92,-
2026-07,sii,2636,台驊控股,航運業,2812690,2586500,1727180,8.75,62.85,14234569,12970814,9.74,運價與貨量較去年同期增加所致
2026-07,sii,2637,慧洋-KY,航運業,2097738,1877838,1342853,11.71,56.22,11770049,8675246,35.67,本月營業收入相較去年同期增加56.22%，主要係因BDI指數相較去年同期大幅成長，帶動本公司租金收入增加。
2026-07,sii,2642,宅配通,航運業,259457,267852,322303,-3.13,-19.50,1853809,2274349,-18.49,-
2026-07,sii,2645,長榮航太,航運業,1722583,1824556,1453865,-5.59,18.48,11683437,10313018,13.29,-
2026-07,sii,2646,星宇航空,航運業,5728856,5286691,4012027,8.36,42.79,34281712,25976422,31.97,-
2026-07,sii,2701,萬企,觀光餐旅,20861,20495,23440,1.79,-11.00,149794,156329,-4.18,-
2026-07,sii,2702,華園,觀光餐旅,147632,136717,121096,7.98,21.91,886527,822335,7.81,-
2026-07,sii,2704,國賓,觀光餐旅,109890,117520,96991,-6.49,13.30,815380,779267,4.63,-
2026-07,sii,2705,六福,觀光餐旅,187880,180903,173373,3.86,8.37,1223072,1225299,-0.18,-
2026-07,sii,2706,第一店,觀光餐旅,28289,28400,28264,-0.39,0.09,206450,203825,1.29,-
2026-07,sii,2707,晶華,觀光餐旅,525069,560867,493499,-6.38,6.40,4135585,3928444,5.27,-
2026-07,sii,2712,遠雄來,觀光餐旅,68935,49651,62687,38.84,9.97,326476,299797,8.90,-
2026-07,sii,2722,夏都,觀光餐旅,72998,49155,63035,48.51,15.81,351752,350344,0.40,-
2026-07,sii,2723,美食-KY,觀光餐旅,1385948,1362808,1393232,1.70,-0.52,9646509,10842636,-11.03,-
2026-07,sii,2727,王品,觀光餐旅,2102895,2051945,1825583,2.48,15.19,14918978,13260338,12.51,-
2026-07,sii,2731,雄獅,觀光餐旅,2964348,2758075,2613937,7.48,13.41,19425403,17607379,10.33,-
2026-07,sii,2739,寒舍,觀光餐旅,381227,457295,358734,-16.63,6.27,3072962,2956820,3.93,-
2026-07,sii,2748,雲品,觀光餐旅,169784,171358,175901,-0.92,-3.48,1482769,1423962,4.13,-
2026-07,sii,2753,八方雲集,觀光餐旅,806310,771913,730407,4.46,10.39,5402486,5015523,7.72,-
2026-07,sii,2762,世界健身-KY,運動休閒,988697,984612,916062,0.41,7.93,6751207,6197686,8.93,-
2026-07,sii,2801,彰銀,金融保險業,4787242,4815653,4469258,-0.59,7.11,30616328,27003432,13.38,-
2026-07,sii,2812,台中銀,金融保險業,1830179,1936605,1802030,-5.50,1.56,13604873,11405112,19.29,-
2026-07,sii,2816,旺旺保,金融保險業,1019441,1341206,1348240,-23.99,-24.39,9551187,8247364,15.81,-
2026-07,sii,2820,華票,金融保險業,313382,353317,327206,-11.30,-4.22,2553183,1753803,45.58,-
2026-07,sii,2832,台產,金融保險業,984968,945133,1038190,4.21,-5.13,6287787,5946615,5.74,-
2026-07,sii,2834,臺企銀,金融保險業,3624795,3344443,3071955,8.38,18.00,22153211,20864600,6.18,-
2026-07,sii,2836,高雄銀,金融保險業,575211,566136,441487,1.60,30.29,3253716,2873690,13.22,-
2026-07,sii,2838,聯邦銀,金融保險業,1362136,1869178,1747120,-27.13,-22.04,13233786,11231011,17.83,-
2026-07,sii,2845,遠東銀,金融保險業,1281112,1308624,1215130,-2.10,5.43,8544747,7412069,15.28,-
2026-07,sii,2849,安泰銀,金融保險業,545720,623998,491102,-12.54,11.12,3880260,3243829,19.62,-
2026-07,sii,2851,中再保,金融保險業,918369,1582747,1380099,-41.98,-33.46,14174315,6715988,111.05,營業收入淨額較去年同期增加，主係淨投資損益增加所致。
2026-07,sii,2852,第一保,金融保險業,919254,828451,791241,10.96,16.18,5697462,5721162,-0.41,-
2026-07,sii,2855,統一證,金融保險業,1689247,3222698,1412396,-47.58,19.60,19234159,5453307,252.71,今年累計營收較去年同期增加，主因今年泛自營業務操作獲利優於去年同期所致。
2026-07,sii,2867,三商壽,金融保險業,-2001948,6659478,11805393,-130.06,-116.96,49674716,-10157296,589.05,本月營收較去年同期減少主係淨投資損益減少，本年累積營收較去年同期增加主係淨投資損益增加所致。
2026-07,sii,2880,華南金,金融保險業,7755428,7496825,7284141,3.45,6.47,48483144,37187759,30.37,-
2026-07,sii,2881,富邦金,金融保險業,10661000,22157770,51135719,-51.89,-79.15,183074676,4075688,4391.87,本月營業收入較去年本月營業收入減少主係投資相關淨收益減少，本年累計營業收入較去年累計營業收入增加主係投資相關淨收益增加。
2026-07,sii,2882,國泰金,金融保險業,25135906,32306426,82981824,-22.20,-69.71,185040310,35441347,422.10,本月營業收入淨額較去年同期減少，主係投資收益減少所致；本年較去年同期增加，主係投資收益增加所致。
2026-07,sii,2884,玉山金,金融保險業,8761315,9363120,8364381,-6.43,4.75,62596086,51486025,21.58,-
2026-07,sii,2885,元大金,金融保險業,17560416,19576361,9811091,-10.30,78.99,119160191,51751440,130.25,營收淨額增加係分離帳戶保險資產淨損益、保險財務收益費用、手續費及佣金淨損益、透過損益按公允價值衡量金融資產及負債損益等。
2026-07,sii,2886,兆豐金,金融保險業,8644030,8095929,8302761,6.77,4.11,54936585,47066202,16.72,-
2026-07,sii,2887,台新新光金,金融保險業,18052275,17736690,21396641,1.78,-15.63,115848733,43915680,163.80,本年度新增新光子公司
2026-07,sii,2889,國票金,金融保險業,1111445,1660239,957167,-33.06,16.12,8567979,4198386,104.08,本年度手續費及佣金淨收益、FVPL之金融資產及負債損益、FVOCI之金融資產及負債已實現損益及其他淨收益較去年同期增加41.58億元。
2026-07,sii,2890,永豐金,金融保險業,9954051,9682886,6579115,2.80,51.30,65287591,42225101,54.62,本月及本年累計營業收入較去年本月及去年累計營業收入增加，係因利息收入、手續費收入及有價證券評價利益增加所致。
2026-07,sii,2891,中信金,金融保險業,18046269,19828138,22121549,-8.99,-18.42,136643772,82092650,66.45,係因證券處份及評價損益較去年同期減少所致
2026-07,sii,2892,第一金,金融保險業,7765813,7231164,7586025,7.39,2.37,48923724,41234339,18.65,-
2026-07,sii,2897,王道銀行,金融保險業,1144689,1188638,975447,-3.70,17.35,7599101,5926774,28.22,-
2026-07,sii,2901,欣欣,貿易百貨,11008,11290,10727,-2.50,2.62,77655,74980,3.57,-
2026-07,sii,2903,遠百,貿易百貨,2417480,2323589,2458967,4.04,-1.69,18380400,18469354,-0.48,-
2026-07,sii,2904,匯僑,其他,33514,34230,39985,-2.09,-16.18,241493,293022,-17.59,-
2026-07,sii,2905,三商,貿易百貨,795921,15683072,14256743,-94.92,-94.42,92532269,72260802,28.05,當月較去年同期減少主係子公司人壽分離帳戶保險商品資產淨損益減少所致。
2026-07,sii,2906,高林,貿易百貨,786740,734448,725683,7.12,8.41,5091676,5005026,1.73,-
2026-07,sii,2908,特力,貿易百貨,2574895,2859065,3021011,-9.94,-14.77,20429392,19943312,2.44,-
2026-07,sii,2910,統領,貿易百貨,42927,55031,42936,-21.99,-0.02,322713,300233,7.49,-
2026-07,sii,2911,麗嬰房,貿易百貨,145172,137737,153393,5.40,-5.36,995171,1373055,-27.52,-
2026-07,sii,2912,統一超,貿易百貨,32199895,30618898,29683217,5.16,8.48,212903284,201704234,5.55,-
2026-07,sii,2913,農林,貿易百貨,29297,27262,33968,7.46,-13.75,250003,286525,-12.75,-
2026-07,sii,2915,潤泰全,貿易百貨,139480,237277,171193,-41.22,-18.52,1125371,1451451,-22.47,-
2026-07,sii,2923,鼎固-KY,建材營造,638897,888017,364455,-28.05,75.30,4914379,1952126,151.74,本年營收增加主係本年新樓盤交房增加所致。
2026-07,sii,2929,淘帝-KY,貿易百貨,165598,97195,113238,70.38,46.24,968857,920788,5.22,-
2026-07,sii,2939,永邑-KY,貿易百貨,14390,19207,7006,-25.08,105.40,160741,165279,-2.75,公司拓展並引進新貿易業務，帶動整體營收成長。
2026-07,sii,2945,三商家購,貿易百貨,1804636,1691652,1269556,6.68,42.15,10720105,8382799,27.88,-
2026-07,sii,3002,歐格,電腦及週邊設備業,84744,70027,69582,21.02,21.79,498697,396835,25.67,-
2026-07,sii,3003,健和興,電子零組件業,657875,599370,340890,9.76,92.99,3534681,2528497,39.79,受市場供需影響。
2026-07,sii,3004,豐達科,鋼鐵工業,494286,497531,322989,-0.65,53.03,3084425,2246264,37.31,主要係客戶需求增加所致
2026-07,sii,3005,神基,電腦及週邊設備業,3623371,4253713,3119722,-14.82,16.14,24444279,22480872,8.73,-
2026-07,sii,3006,晶豪科,半導體業,6784662,4845479,1147877,40.02,491.06,27997780,7339241,281.48,本期營收較前期成長係因產品市場供需因素所致
2026-07,sii,3008,大立光,光電業,4877118,3712024,5459017,31.39,-10.66,34085956,31710873,7.49,-
2026-07,sii,3010,華立,電子通路業,8540313,7781396,6497044,9.75,31.45,54223352,45322177,19.64,-
2026-07,sii,3011,今皓,電子零組件業,41063,43441,54968,-5.47,-25.30,308778,479402,-35.59,-
2026-07,sii,3013,晟銘電,電腦及週邊設備業,824611,887491,624077,-7.09,32.13,6962513,5656490,23.09,-
2026-07,sii,3014,聯陽,半導體業,642451,612837,590691,4.83,8.76,4211930,4236310,-0.58,-
2026-07,sii,3015,全漢,電子零組件業,1146761,1049787,1195369,9.24,-4.07,7431635,7915934,-6.12,-
2026-07,sii,3016,嘉晶,半導體業,482058,448219,318333,7.55,51.43,2849684,2169992,31.32,受惠於市場需求暢旺與產品售價調整，帶動接單情形及整體營收較去年同期成長。
2026-07,sii,3017,奇鋐,電腦及週邊設備業,18590152,17618119,11811435,5.52,57.39,116749062,64738895,80.34,"因客戶需求增加,使營收成長"
2026-07,sii,3018,隆銘綠能,其他電子業,12052,37768,50214,-68.09,-76.00,167952,318475,-47.26,去年承接工案已過施作高峰期，今年潛在工案尚在積極洽談中，故115年7月收入低於114年7月，及115年1-7月累計收入低於114年1-7月
2026-07,sii,3019,亞光,光電業,2467266,2914024,2149057,-15.33,14.81,16704643,14465640,15.48,-
2026-07,sii,3021,鴻名,電子零組件業,258801,259683,272342,-0.34,-4.97,1733603,1781411,-2.68,-
2026-07,sii,3022,威強電,電腦及週邊設備業,1009708,962672,580560,4.89,73.92,5091272,4016751,26.75,係因客戶出貨需求增加所致。
2026-07,sii,3023,信邦,電子零組件業,3167179,3092706,2455710,2.41,28.97,20554001,18443628,11.44,-
2026-07,sii,3024,憶聲,光電業,113710,76732,121930,48.19,-6.74,574101,1242627,-53.80,"去年同期有建案交屋收入,本年度無交屋收入,使營收減少"
2026-07,sii,3025,星通,通信網路業,32084,38475,31358,-16.61,2.32,290665,210283,38.23,-
2026-07,sii,3026,禾伸堂,電子零組件業,1500937,1378433,1095188,8.89,37.05,9216573,7769273,18.63,-
2026-07,sii,3027,盛達,通信網路業,88569,111056,148623,-20.25,-40.41,790943,1525146,-48.14,-
2026-07,sii,3028,增你強,電子通路業,7334078,5981740,3370603,22.61,117.59,44558840,22640540,96.81,主要係因記憶體產品及AI伺服器電源相關應用產品銷售額增加所致。
2026-07,sii,3029,零壹,資訊服務業,3242008,2536904,2036721,27.79,59.18,17361286,14941481,16.20,本月營收成長主要受惠於IT基建AI化、資安韌性產品專案挹注
2026-07,sii,3030,德律,其他電子業,1033409,763581,747841,35.34,38.19,6421376,5066197,26.75,-
2026-07,sii,3031,佰鴻,光電業,123461,114719,85654,7.62,44.14,765931,619837,23.57,-
2026-07,sii,3032,偉訓,電子零組件業,1123201,1004264,1142612,11.84,-1.70,6669822,5973118,11.66,-
2026-07,sii,3033,威健,電子通路業,14411289,14527778,8064033,-0.80,78.71,82897791,62333706,32.99,全球半導體因AI需求爆發引發結構性產能排擠，市場預期漲價，除AI零組件業務同步成長外，也帶動其他零組件拉貨潮。
2026-07,sii,3034,聯詠,半導體業,10296332,10022596,8120418,2.73,26.80,62101733,61392683,1.15,-
2026-07,sii,3035,智原,半導體業,1062105,1416828,965824,-25.04,9.97,6964141,12915258,-46.08,-
2026-07,sii,3036,文曄,電子通路業,182965655,181749400,93900316,0.67,94.85,1267932273,600828123,111.03,主要受惠於資料中心、通訊及工業應用需求成長
2026-07,sii,3037,欣興,電子零組件業,16253637,14897030,11311474,9.11,43.69,96589910,73867051,30.76,-
2026-07,sii,3038,全台,光電業,256362,232099,261951,10.45,-2.13,1705182,1828391,-6.74,-
2026-07,sii,3040,遠見,其他,10652,9834,9898,8.32,7.62,76435,73799,3.57,-
2026-07,sii,3041,揚智,半導體業,184990,177144,49918,4.43,270.59,1007859,625790,61.05,去年受國際情勢影響代理商下單保守，今年需求回穩，營收成長。
2026-07,sii,3042,晶技,電子零組件業,1365597,1192921,1111018,14.48,22.91,8403593,7644008,9.94,-
2026-07,sii,3043,科風,其他電子業,107497,90675,75437,18.55,42.50,551658,546306,0.98,-
2026-07,sii,3044,健鼎,電子零組件業,9821875,8002054,6274073,22.74,56.55,55643504,41305276,34.71,主係因客戶訂單需求及出貨增加所致
2026-07,sii,3045,台灣大,通信網路業,16171068,17322389,15092708,-6.65,7.14,115381747,110731076,4.20,-
2026-07,sii,3046,建碁,電腦及週邊設備業,950946,972062,627053,-2.17,51.65,5242866,4194347,25.00,115年7月營收較去年同期增加，主係新增大型專案業務。
2026-07,sii,3047,訊舟,通信網路業,244283,252308,260349,-3.18,-6.17,1786355,2492142,-28.32,-
2026-07,sii,3048,益登,電子通路業,13745878,12572672,8891282,9.33,54.60,86750043,64593881,34.30,受惠於AI伺服器、網通設備等市場需求攀升，帶動本月份營收較去年同期成長54.60%
2026-07,sii,3049,精金,光電業,30713,34304,105174,-10.47,-70.80,381830,788583,-51.58,本期營收較去年同期減少70.8%，自115年1月31日後全面停產。
2026-07,sii,3050,鈺德,光電業,99665,100182,97049,-0.52,2.70,681829,708853,-3.81,-
2026-07,sii,3051,力特,光電業,184034,183440,149345,0.32,23.23,1119533,1068178,4.81,-
2026-07,sii,3052,夆典,建材營造,404978,247894,298079,63.37,35.86,2314625,2210898,4.69,-
2026-07,sii,3054,立萬利,食品工業,35329,59252,18366,-40.38,92.36,374648,68557,446.48,主係因本期產品結構改變致銷售金額增加。
2026-07,sii,3055,蔚華科,電子通路業,41697,13780,15246,202.59,173.49,288204,287803,0.14,本月單月相較去年同期增加，主係代理設備及客製化設備出貨增加所致。
2026-07,sii,3056,富華新,建材營造,63355,81870,57388,-22.62,10.40,589236,3635556,-83.79,營收減少係因無建案交屋
2026-07,sii,3057,喬鼎,電腦及週邊設備業,72438,29496,47548,145.59,52.35,364920,338580,7.78,上個月遞延出貨的產品，於本月順利出貨，造成變動超過去年同期50%
2026-07,sii,3058,立德,電子零組件業,302000,283108,235933,6.67,28.00,1937008,1841880,5.16,-
2026-07,sii,3059,華晶科,光電業,793357,795387,757641,-0.26,4.71,5173599,4833426,7.04,-
2026-07,sii,3060,銘異,電腦及週邊設備業,385721,426584,282696,-9.58,36.44,2631348,2192961,19.99,-
2026-07,sii,3062,建漢,通信網路業,362278,337116,344610,7.46,5.13,2360899,2381197,-0.85,-
2026-07,sii,3090,日電貿,電子零組件業,2095232,1681036,1257487,24.64,66.62,11741396,9119447,28.75,被動元件市場需求增加。
2026-07,sii,3092,鴻碩,電子零組件業,129323,126295,126359,2.40,2.35,960525,1004051,-4.34,-
2026-07,sii,3094,聯傑,半導體業,21836,24418,16526,-10.57,32.13,132730,115131,15.29,-
2026-07,sii,3130,一零四,數位雲端,274714,263272,244305,4.35,12.45,1683882,1562141,7.79,-
2026-07,sii,3135,凌航,半導體業,1967120,1610089,646389,22.17,204.32,13229606,3809168,247.31,市場價格上漲及需求增加。
2026-07,sii,3138,耀登,通信網路業,139577,141121,152849,-1.09,-8.68,984463,894886,10.01,-
2026-07,sii,3149,正達,光電業,213946,202533,172365,5.64,24.12,1358949,1209792,12.33,-
2026-07,sii,3150,鈺寶-創,半導體業,31745,28421,30458,11.70,4.23,201515,199784,0.87,-
2026-07,sii,3164,景岳,生技醫療業,27552,37737,31640,-26.99,-12.92,220054,243263,-9.54,-
2026-07,sii,3167,大量,電機機械,1146916,1040999,453557,10.17,152.87,5952343,2567841,131.80,主係因客戶需求量增加所致
2026-07,sii,3168,眾福科,光電業,368967,407461,262679,-9.45,40.46,2258532,1966346,14.86,-
2026-07,sii,3189,景碩,半導體業,4548833,4224069,3348367,7.69,35.85,28150053,21531837,30.74,-
2026-07,sii,3209,全科,電子通路業,6601728,5608271,4463546,17.71,47.90,40933448,28246478,44.92,-
2026-07,sii,3229,晟鈦,電子零組件業,144608,137338,81808,5.29,76.77,900542,560625,60.63,本月因客戶需求增加，出貨量增加
2026-07,sii,3231,緯創,電腦及週邊設備業,308219198,321821969,191725748,-4.23,60.76,2049964840,1089502268,88.16,主係客戶需求增加，較去年同期成長。
2026-07,sii,3257,虹冠電,半導體業,62449,61218,100728,2.01,-38.00,364725,613253,-40.53,-
2026-07,sii,3266,昇陽,建材營造,177536,183708,67479,-3.36,163.10,1201652,723625,66.06,因營建收入受政策、全部完工法及建案規模不同等影響，故營收波動較大。
2026-07,sii,3296,勝德,電子零組件業,172487,165320,120722,4.34,42.88,993666,939519,5.76,-
2026-07,sii,3305,昇貿,其他電子業,1413913,1445505,887965,-2.19,59.23,9398541,5739567,63.75,原料價格上漲
2026-07,sii,3308,聯德,電子零組件業,516,531,554,-2.82,-6.86,3647,3843,-5.10,-
2026-07,sii,3311,閎暉,通信網路業,234539,245237,186605,-4.36,25.69,1419387,1386229,2.39,-
2026-07,sii,3312,弘憶股,電子通路業,2603514,2142123,1850405,21.54,40.70,14820198,12756498,16.18,-
2026-07,sii,3321,同泰,電子零組件業,259529,251699,201654,3.11,28.70,1392883,1208210,15.28,-
2026-07,sii,3338,泰碩,電子零組件業,406479,378370,291154,7.43,39.61,2294401,2205473,4.03,-
2026-07,sii,3346,麗清,汽車工業,606827,500433,701255,21.26,-13.47,4220566,5020065,-15.93,-
2026-07,sii,3356,奇偶,光電業,103530,95430,76394,8.49,35.52,664851,583089,14.02,-
2026-07,sii,3376,新日興,電子零組件業,811285,921919,904030,-12.00,-10.26,5795354,6649363,-12.84,-
2026-07,sii,3380,明泰,通信網路業,1742978,2271297,1781219,-23.26,-2.15,12223101,11999387,1.86,-
2026-07,sii,3406,玉晶光,光電業,2422368,1739246,2383597,39.28,1.63,14245213,12474228,14.20,-
2026-07,sii,3413,京鼎,半導體業,2162154,2457175,1662354,-12.01,30.07,14023292,11734551,19.50,-
2026-07,sii,3416,融程電,電腦及週邊設備業,472718,414884,385688,13.94,22.56,2595949,2013630,28.92,-
2026-07,sii,3419,譁裕,通信網路業,180060,139663,160888,28.92,11.92,1078475,1045421,3.16,-
2026-07,sii,3432,台端,電子零組件業,23555,31704,18847,-25.70,24.98,169301,70554,139.96,主係因增加新產品出貨所致
2026-07,sii,3437,榮創,光電業,109941,131004,113275,-16.08,-2.94,835199,975795,-14.41,-
2026-07,sii,3443,創意,半導體業,5769170,4928512,2232812,17.06,158.38,31113539,15361033,102.55,主要為晶圓產品收入增加
2026-07,sii,3447,展達,通信網路業,199928,258619,308621,-22.69,-35.22,1878179,1781139,5.45,-
2026-07,sii,3450,聯鈞,半導體業,1218533,1138635,615415,7.02,98.00,6282055,5222318,20.29,因客戶需求增加，致使營收增加。
2026-07,sii,3481,群創,光電業,18890249,21703413,19264800,-12.96,-1.94,149234444,131428478,13.55,-
2026-07,sii,3494,誠研,電腦及週邊設備業,97141,86283,92992,12.58,4.46,597055,555729,7.44,-
2026-07,sii,3501,維熹,電子零組件業,506773,488671,441198,3.70,14.86,3127167,3373321,-7.30,-
2026-07,sii,3504,揚明光,光電業,266608,245781,211851,8.47,25.85,1689840,1566384,7.88,-
2026-07,sii,3515,華擎,電腦及週邊設備業,6610427,3699865,2857376,78.67,131.35,30081650,25309347,18.86,"“本年累計營業收入淨額”採年平均匯率計算,“本月營業收入淨額”採該月平均匯率計算,故累計營收淨額與各月營收淨額加總會有差異"
2026-07,sii,3518,柏騰,其他電子業,23271,15971,27793,45.71,-16.27,137716,186082,-25.99,-
2026-07,sii,3528,安馳,電子通路業,1207978,1091604,742929,10.66,62.60,7910582,4367427,81.13,AI伺服器應用帶動測試相關需求增加，週邊電源應用及工控需求上升。
2026-07,sii,3530,晶相光,半導體業,172444,167832,130164,2.75,32.48,1312768,935363,40.35,-
2026-07,sii,3532,台勝科,半導體業,1303041,1224081,1011902,6.45,28.77,8221946,6988985,17.64,-
2026-07,sii,3533,嘉澤,電子零組件業,3368915,3094216,2840496,8.88,18.60,22280169,18971476,17.44,-
2026-07,sii,3535,晶彩科,光電業,52322,72968,4520,-28.29,1057.57,581053,108472,435.67,本公司以銷售機台為主，115年累計出售機台較去年同期增加，此為產業特性，尚屬正常。
2026-07,sii,3543,州巧,光電業,291108,268764,263628,8.31,10.42,1954570,1975598,-1.06,-
2026-07,sii,3545,敦泰,半導體業,910914,900079,1062536,1.20,-14.27,6139474,7106639,-13.61,-
2026-07,sii,3550,聯穎,電子零組件業,412542,370328,298234,11.40,38.33,2630494,2039839,28.96,-
2026-07,sii,3557,嘉威,居家生活,210515,366867,207469,-42.62,1.47,2605816,2923923,-10.88,-
2026-07,sii,3563,牧德,光電業,359659,355108,272791,1.28,31.84,2270703,2034529,11.61,-
2026-07,sii,3576,聯合再生,光電業,307968,208221,178275,47.90,72.75,1586083,1861980,-14.82,太陽能專案工程收入增加，以致本月營收較去年同月增加。
2026-07,sii,3583,辛耘,半導體業,973288,1034997,913176,-5.96,6.58,7088652,6639502,6.76,-
2026-07,sii,3588,通嘉,半導體業,153552,147830,103748,3.87,48.00,984994,791685,24.42,-
2026-07,sii,3591,艾笛森,光電業,269503,241900,209679,11.41,28.53,1541436,1396705,10.36,-
2026-07,sii,3592,瑞鼎,半導體業,2100048,2230464,1842611,-5.85,13.97,14358504,13518740,6.21,-
2026-07,sii,3593,力銘,電子零組件業,60838,52897,86703,15.01,-29.83,390259,727234,-46.34,-
2026-07,sii,3596,智易,通信網路業,4846705,4737570,4498639,2.30,7.74,31513133,30663851,2.77,-
2026-07,sii,3605,宏致,電子零組件業,1154175,1117512,889148,3.28,29.81,7326065,6253445,17.15,-
2026-07,sii,3607,谷崧,電子零組件業,251098,271469,240060,-7.50,4.60,1674147,1688498,-0.85,-
2026-07,sii,3617,碩天,其他電子業,1247424,1232245,1098257,1.23,13.58,7518120,6857024,9.64,-
2026-07,sii,3622,洋華,光電業,143912,146517,153146,-1.78,-6.03,929046,963306,-3.56,-
2026-07,sii,3645,達邁,電子零組件業,140604,217714,208522,-35.42,-32.57,1385303,1405734,-1.45,-
2026-07,sii,3652,精聯,電腦及週邊設備業,253924,253854,219631,0.03,15.61,1635580,1406924,16.25,-
2026-07,sii,3653,健策,電子零組件業,3213171,2649918,1682644,21.26,90.96,15792903,11616350,35.95,因客戶端需求成長，致本月較去年同期增加百分比達50%以上。
2026-07,sii,3661,世芯-KY,半導體業,7433152,3572404,2637889,108.07,181.78,19173152,22236743,-13.78,本月營收較去年同期增加，係因量產產品增加所致。
2026-07,sii,3665,貿聯-KY,其他電子業,9630165,8518109,6034282,13.06,59.59,53740718,38961113,37.93,高效能運算和半導體客戶出貨量持續強勁
2026-07,sii,3669,圓展,通信網路業,230577,262821,199964,-12.27,15.31,1632803,1442662,13.18,-
2026-07,sii,3673,TPK-KY,光電業,6394077,6284949,5480708,1.74,16.67,43518882,37798963,15.13,-
2026-07,sii,3679,新至陞,電子零組件業,420332,354620,355061,18.53,18.38,2501749,2684330,-6.80,-
2026-07,sii,3686,達能,半導體業,7950,10116,7992,-21.41,-0.53,52829,47684,10.79,-
2026-07,sii,3694,海華,通信網路業,842256,1001922,1076620,-15.94,-21.77,6750531,6534766,3.30,-
2026-07,sii,3701,大眾控,電腦及週邊設備業,883895,675088,828265,30.93,6.72,4928021,6208747,-20.63,-
2026-07,sii,3702,大聯大,電子通路業,146095597,192916333,76556706,-24.27,90.83,920874250,575842577,59.92,全球科技與能源設施擴建帶動半導體及電子零組件動能，車用、工控需求穩步推進，智能倉儲管理與資訊系統整合服務需求同步擴增。
2026-07,sii,3703,欣陸,建材營造,2336895,2614212,2593216,-10.61,-9.88,16122930,17716612,-9.00,-
2026-07,sii,3704,合勤控,通信網路業,1916606,3463520,2171818,-44.66,-11.75,16978095,15393669,10.29,-
2026-07,sii,3705,永信,生技醫療業,719465,577868,700432,24.50,2.72,4490011,5005017,-10.29,-
2026-07,sii,3706,神達,電腦及週邊設備業,12833645,15682685,8571058,-18.17,49.73,85651839,58860391,45.52,-
2026-07,sii,3708,上緯投控,綠能環保,133276,158016,66578,-15.66,100.18,721218,666615,8.19,循環經濟材料及先進材料需求增加
2026-07,sii,3711,日月光投控,半導體業,73783701,65783102,51542033,12.16,43.15,438509375,350445618,25.13,-
2026-07,sii,3712,永崴投控,電腦及週邊設備業,3356888,762747,1866514,340.11,79.85,13005429,17355157,-25.06,主要係因子公司承接工程案件依進度認列收入
2026-07,sii,3714,富采,光電業,2388026,2133834,1911669,11.91,24.92,13957074,13283763,5.07,-
2026-07,sii,3715,定穎投控,電子零組件業,2531248,2289779,1492035,10.55,69.65,15039359,10673497,40.90,係產品組合優化及受惠於漲價效應
2026-07,sii,3716,中化控股,生技醫療業,669823,663752,646986,0.91,3.53,4898126,5011944,-2.27,-
2026-07,sii,3717,聯嘉投控,汽車工業,513299,552428,0,-7.08,,4045787,0,,聯嘉光電投控（公司代號：3717）於114年8月份起100%認列聯嘉光電（原公司代號：6288）的營收。
2026-07,sii,4104,佳醫,生技醫療業,843458,893588,713083,-5.61,18.28,5572294,5027368,10.84,"一一五年六月因佳醫創照健康股份有限公司及其子公司成為合併個體，使本月營收增加75,606仟元及本年累計營收增加151,082仟元。"
2026-07,sii,4106,雃博,生技醫療業,220706,265782,218114,-16.96,1.19,1477820,1378875,7.18,-
2026-07,sii,4108,懷特,生技醫療業,11893,14283,12398,-16.73,-4.07,82320,73969,11.29,-
2026-07,sii,4119,旭富,生技醫療業,190796,123241,81832,54.82,133.16,839460,813636,3.17,單月營收受客戶訂單出貨時程影響呈現較大波動；但累計營收表現與去年同期相比差異不大。
2026-07,sii,4133,亞諾法,生技醫療業,26309,29336,27998,-10.32,-6.03,202541,210082,-3.59,-
2026-07,sii,4137,麗豐-KY,生技醫療業,318557,349359,309991,-8.82,2.76,2219979,2060572,7.74,-
2026-07,sii,4142,國光生,生技醫療業,308215,37239,239702,727.67,28.58,457289,420419,8.77,-
2026-07,sii,4148,全宇生技-KY,生技醫療業,352962,346721,253305,1.80,39.34,1870743,1526167,22.58,-
2026-07,sii,4155,訊映,生技醫療業,152838,172639,114216,-11.47,33.81,975552,952000,2.47,-
2026-07,sii,4164,承業醫,生技醫療業,326529,329871,287368,-1.01,13.63,2664778,2377073,12.10,-
2026-07,sii,4169,泰宗,生技醫療業,61771,64785,57912,-4.65,6.66,415751,395750,5.05,-
2026-07,sii,4178,永笙-KY,生技醫療業,32419,33793,28519,-4.07,13.68,216864,218888,-0.92,-
2026-07,sii,4190,佐登-KY,生技醫療業,157247,162026,170322,-2.95,-7.68,1231228,1293805,-4.84,-
2026-07,sii,4195,基米-創,生技醫療業,52096,72146,48009,-27.79,8.51,372189,358318,3.87,-
2026-07,sii,4306,炎洲,塑膠工業,1274949,1286195,1107166,-0.87,15.15,8510488,7213060,17.99,-
2026-07,sii,4414,如興,紡織纖維,1564975,1366737,1250369,14.50,25.16,8697087,7914908,9.88,-
2026-07,sii,4426,利勤,紡織纖維,90592,66120,67254,37.01,34.70,527553,503706,4.73,-
2026-07,sii,4438,廣越,紡織纖維,2209017,2025339,1959709,9.07,12.72,10148917,9512327,6.69,-
2026-07,sii,4439,冠星-KY,紡織纖維,813719,860663,613393,-5.45,32.66,4959252,4329557,14.54,-
2026-07,sii,4440,宜新實業,紡織纖維,55277,58898,95692,-6.15,-42.23,588578,559601,5.18,-
2026-07,sii,4441,振大環球,紡織纖維,990237,716929,773701,38.12,27.99,4780302,4199253,13.84,-
2026-07,sii,4526,東台,電機機械,664788,483430,423269,37.51,57.06,3291152,3233394,1.79,本月營收較去年同期增加57.06%，主要係今年接單動能回溫，帶動出貨及營收認列增加所致。
2026-07,sii,4532,瑞智,電機機械,1667832,1974655,1463245,-15.54,13.98,14033266,13597212,3.21,-
2026-07,sii,4536,拓凱,運動休閒,1022962,891246,849735,14.78,20.39,5894037,5765704,2.23,-
2026-07,sii,4540,全球傳動,電機機械,306150,332808,225610,-8.01,35.70,1924491,1340002,43.62,-
2026-07,sii,4545,銘鈺,電子零組件業,205337,217948,218397,-5.79,-5.98,1335413,1411950,-5.42,-
2026-07,sii,4551,智伸科,汽車工業,824857,749868,669977,10.00,23.12,5379562,4505477,19.40,-
2026-07,sii,4552,力達-KY,電機機械,257472,251292,295522,2.46,-12.88,1882551,2038951,-7.67,-
2026-07,sii,4555,氣立,電機機械,182883,169673,136714,7.79,33.77,1079831,934612,15.54,-
2026-07,sii,4557,永新-KY,汽車工業,336993,308849,315198,9.11,6.91,2005303,2470091,-18.82,-
2026-07,sii,4560,強信-KY,電機機械,170192,170548,130508,-0.21,30.41,1135138,984440,15.31,-
2026-07,sii,4562,穎漢,電機機械,52576,48074,66296,9.36,-20.70,378584,450118,-15.89,-
2026-07,sii,4564,元翎,電機機械,88620,63401,67889,39.78,30.54,475497,683819,-30.46,-
2026-07,sii,4566,時碩工業,電機機械,554718,529998,420535,4.66,31.91,3376933,2911119,16.00,-
2026-07,sii,4569,六方科-KY,汽車工業,180365,162894,170328,10.73,5.89,1160830,1081553,7.33,-
2026-07,sii,4571,鈞興-KY,電機機械,327187,232308,240363,40.84,36.12,1836864,1768107,3.89,-
2026-07,sii,4572,駐龍,電機機械,59549,63339,56830,-5.98,4.78,434544,403640,7.66,-
2026-07,sii,4576,大銀微系統,電機機械,366927,344085,229129,6.64,60.14,2243495,1498970,49.67,本月營收較去年同期增加，主係客戶需求較去年同期增加。
2026-07,sii,4581,光隆精密-KY,汽車工業,98908,111401,92453,-11.21,6.98,695622,654504,6.28,-
2026-07,sii,4582,聚恆-創,綠能環保,105327,258156,78338,-59.20,34.45,1071894,425982,151.63,主係因採用完工比例法認列進度時點差異所致。
2026-07,sii,4583,台灣精銳,電機機械,311819,274287,257463,13.68,21.11,2072591,1801195,15.07,-
2026-07,sii,4585,達明,其他電子業,142491,214317,115078,-33.51,23.82,1138108,1006406,13.09,-
2026-07,sii,4588,玖鼎電力,其他電子業,143991,103142,78306,39.60,83.88,577205,437108,32.05,因按照合約規範，每月出貨數量依客戶通知出貨。
2026-07,sii,4590,富田-創,電機機械,89566,119895,87482,-25.30,2.38,658957,742807,-11.29,-
2026-07,sii,4720,德淵,化學工業,365856,337386,293810,8.44,24.52,2341656,2075855,12.80,-
2026-07,sii,4722,國精化,化學工業,442668,362609,347993,22.08,27.21,2370647,2237856,5.93,-
2026-07,sii,4736,泰博,生技醫療業,376619,360204,427562,4.56,-11.91,2498661,2525406,-1.06,-
2026-07,sii,4737,華廣,生技醫療業,145718,143609,142322,1.47,2.39,977613,1095448,-10.76,-
2026-07,sii,4739,康普,化學工業,975627,953770,426192,2.29,128.92,6486565,2930501,121.35,本月營收及累計營收較去年同期增加，主係動力電池材料銷售增加。
2026-07,sii,4746,台耀,生技醫療業,388241,421860,376439,-7.97,3.14,2563302,2762988,-7.23,-
2026-07,sii,4755,三福化,化學工業,407717,464390,361153,-12.20,12.89,2778927,2771933,0.25,-
2026-07,sii,4763,材料*-KY,化學工業,1058745,1013200,801747,4.50,32.05,6613070,8815481,-24.98,-
2026-07,sii,4764,雙鍵,化學工業,294229,284417,204231,3.45,44.07,2049977,1593945,28.61,-
2026-07,sii,4766,南寶,化學工業,2396727,2093401,1984741,14.49,20.76,14816198,13344636,11.03,-
2026-07,sii,4770,上品,化學工業,526548,470234,356449,11.98,47.72,2889693,2634626,9.68,-
2026-07,sii,4771,望隼,生技醫療業,314572,394887,281664,-20.34,11.68,2541364,1964560,29.36,-
2026-07,sii,4807,日成-KY,貿易百貨,242998,258266,175177,-5.91,38.72,1503939,1161798,29.45,-
2026-07,sii,4904,遠傳,通信網路業,9252373,9622202,8054845,-3.84,14.87,65720784,59322551,10.79,-
2026-07,sii,4906,正文,通信網路業,1549932,1193259,1172025,29.89,32.24,8264782,10525215,-21.48,-
2026-07,sii,4912,聯德控股-KY,電子零組件業,730490,647288,439118,12.85,66.35,4344101,3327793,30.54,7月份出貨較去年同期增加所致
2026-07,sii,4915,致伸,電子零組件業,5857293,6289319,5356966,-6.87,9.34,38987452,34716862,12.30,-
2026-07,sii,4916,事欣科,電腦及週邊設備業,520554,501534,227370,3.79,128.95,2954912,1865190,58.42,受惠於國防、航太及通訊客戶需求強勁，低軌道衛星產品持續拉貨，本月營收變動達50%以上。
2026-07,sii,4919,新唐,半導體業,2566187,2711218,2377791,-5.35,7.92,18495606,18557883,-0.34,-
2026-07,sii,4927,泰鼎-KY,電子零組件業,1187574,1028086,1007178,15.51,17.91,6887430,7030170,-2.03,7月份自結數
2026-07,sii,4930,燦星網,電器電纜,528560,443560,518071,19.16,2.02,3260074,3502100,-6.91,-
2026-07,sii,4934,太極,光電業,16682,18683,6322,-10.71,163.87,107939,41856,157.88,受惠於子公司營收挹注，本月及累計營收較去年同期成長。
2026-07,sii,4935,茂林-KY,光電業,372690,402601,475365,-7.43,-21.60,2456375,3306639,-25.71,-
2026-07,sii,4938,和碩,電腦及週邊設備業,86015154,91295615,77103455,-5.78,11.56,604568417,616872721,-1.99,-
2026-07,sii,4942,嘉彰,光電業,450623,457954,499289,-1.60,-9.75,3154565,3400281,-7.23,-
2026-07,sii,4943,康控-KY,電子零組件業,204374,190461,126064,7.30,62.12,1317877,895173,47.22,本月較去年同期成長62.12%，主要係因部分汽車零組件新案(電容盒/域控制器/空氣懸架等相關產品零組件)於2026年量產出貨所致
2026-07,sii,4949,有成精密,光電業,364461,333753,183479,9.20,98.64,2108472,1428287,47.62,主要係本期太陽能模組銷售量較去年同期增加所致。
2026-07,sii,4952,凌通,半導體業,250485,285811,170047,-12.36,47.30,1669834,1361249,22.67,-
2026-07,sii,4956,光鋐,光電業,120161,113578,119271,5.80,0.75,843703,779459,8.24,-
2026-07,sii,4958,臻鼎-KY,電子零組件業,17600546,17033197,13352388,3.33,31.82,106759389,91637736,16.50,-
2026-07,sii,4960,誠美材,光電業,642565,655074,736456,-1.91,-12.75,4513624,4967856,-9.14,-
2026-07,sii,4961,天鈺,半導體業,1967297,1859601,1480137,5.79,32.91,11854385,11217784,5.67,-
2026-07,sii,4967,十銓,半導體業,2544932,3018031,1280473,-15.68,98.75,19178142,11196567,71.29,因出貨量增加及銷售單價上漲所致。
2026-07,sii,4968,立積,半導體業,320015,317192,325315,0.89,-1.63,2227554,2149146,3.65,-
2026-07,sii,4976,佳凌,光電業,96973,95702,88567,1.33,9.49,625593,617393,1.33,-
2026-07,sii,4977,眾達-KY,通信網路業,181218,82280,76582,120.25,136.63,611792,620170,-1.35,因7/1納入品固集團營收
2026-07,sii,4989,榮科,電子零組件業,339461,370182,165256,-8.30,105.42,2389391,1414549,68.92,主係銷售量增加及銅價上漲
2026-07,sii,4994,傳奇,資訊服務業,89539,87467,125659,2.37,-28.74,692003,714272,-3.12,-
2026-07,sii,4999,鑫禾,電子零組件業,149039,134754,158027,10.60,-5.69,969167,1113920,-12.99,-
2026-07,sii,5007,三星,鋼鐵工業,537219,562514,546896,-4.50,-1.77,3670332,3697914,-0.75,-
2026-07,sii,5203,訊連,資訊服務業,174346,172887,208002,0.84,-16.18,1287810,1378484,-6.58,-
2026-07,sii,5215,科嘉-KY,電腦及週邊設備業,292334,213910,243449,36.66,20.08,1878418,1445145,29.98,-
2026-07,sii,5222,全訊,半導體業,65810,78057,80348,-15.69,-18.09,472070,559296,-15.60,-
2026-07,sii,5225,東科-KY,其他電子業,1121521,948274,1008803,18.27,11.17,6120825,6245296,-1.99,-
2026-07,sii,5234,達興材料,光電業,447398,453009,401216,-1.24,11.51,2930404,2658355,10.23,-
2026-07,sii,5236,凌陽創新,半導體業,180850,192161,183595,-5.89,-1.50,1348271,1174829,14.76,-
2026-07,sii,5243,乙盛-KY,光電業,1271880,1162478,858823,9.41,48.10,7635064,7279302,4.89,-
2026-07,sii,5244,弘凱,光電業,89866,73470,68286,22.32,31.60,466626,460358,1.36,-
2026-07,sii,5258,虹堡,電腦及週邊設備業,861104,895443,678675,-3.83,26.88,4832070,4153311,16.34,-
2026-07,sii,5269,祥碩,半導體業,783204,867194,1263048,-9.69,-37.99,7003758,7165077,-2.25,-
2026-07,sii,5283,禾聯碩,電器電纜,700359,713862,677172,-1.89,3.42,4033534,4045173,-0.29,-
2026-07,sii,5284,jpp-KY,其他,420741,397000,311028,5.98,35.27,2805706,1970112,42.41,-
2026-07,sii,5285,界霖,半導體業,604625,520254,475203,16.22,27.24,3586578,3160601,13.48,-
2026-07,sii,5288,豐祥-KY,電機機械,850522,857013,556594,-0.76,52.81,5322003,4023624,32.27,主係北美休閒車輛客戶新產品出貨所致
2026-07,sii,5292,華懋,綠能環保,278768,274497,271955,1.56,2.51,1554822,1657473,-6.19,本公司完工百分比法係以投入成本為完工進度基礎，各期依工程安排時間不同而產生差異
2026-07,sii,5306,桂盟,運動休閒,492714,500315,387764,-1.52,27.07,3239748,2921808,10.88,-
2026-07,sii,5388,中磊,通信網路業,7979722,7270836,5274004,9.75,51.30,45242277,28843323,56.86,北美市場訂單增溫
2026-07,sii,5434,崇越,電子通路業,8173773,7507318,5731436,8.88,42.61,47535876,38477747,23.54,-
2026-07,sii,5469,瀚宇博,電子零組件業,6589531,5846217,5310317,12.71,24.09,39128609,31442724,24.44,-
2026-07,sii,5471,松翰,半導體業,315750,315835,229243,-0.03,37.74,2023891,1557089,29.98,-
2026-07,sii,5484,慧友,光電業,51112,132595,36553,-61.45,39.83,498316,241216,106.58,係因有接到代工訂單
2026-07,sii,5515,建國,建材營造,697885,704033,533385,-0.87,30.84,4717285,3683716,28.06,-
2026-07,sii,5519,隆大,建材營造,111792,161886,1403646,-30.94,-92.04,1241089,2552635,-51.38,今年同期及累計較去年減少係去年同期自建案J52案完工認列房地收入較多所致。
2026-07,sii,5521,工信,建材營造,795349,862127,772489,-7.75,2.96,6216036,5568884,11.62,無
2026-07,sii,5522,遠雄,建材營造,3552998,1992217,1228382,78.34,189.24,12084055,2183990,453.30,本月及截至本月累計營收較去年同期增加，主要係交屋量較去年同期完工可交屋成屋量增加所致。
2026-07,sii,5525,順天,建材營造,460075,1272513,30997,-63.85,1384.26,4344206,287113,1413.06,本月及本年累計營收較去年同期增加，係因今年母公司ONE 33及緮華完工交屋收入所致
2026-07,sii,5531,鄉林,建材營造,63049,58981,60394,6.90,4.40,386000,346911,11.27,建設業之銷售進度及狀況深受景氣榮枯及市場現狀影響，且建築個案之完工時間並非固定時點，故月營收的表現上會有較大之波動。
2026-07,sii,5533,皇鼎,建材營造,55157,128463,70034,-57.06,-21.24,765251,792733,-3.47,-
2026-07,sii,5534,長虹,建材營造,906787,731306,245215,24.00,269.79,3228711,1975411,63.45,本月營收較去年同期增加，主要係因本月過戶交屋數額較去年同期增加所致。
2026-07,sii,5538,東明-KY,鋼鐵工業,1326220,1222564,1041016,8.48,27.40,8167417,7235705,12.88,-
2026-07,sii,5546,永固-KY,建材營造,155919,114350,148671,36.35,4.88,712892,1345454,-47.01,-
2026-07,sii,5607,遠雄港,航運業,514899,473463,373025,8.75,38.03,3098558,2267230,36.67,-
2026-07,sii,5608,四維航,航運業,362125,294006,250881,23.17,44.34,1984056,1801987,10.10,-
2026-07,sii,5706,鳳凰,觀光餐旅,301552,266437,265315,13.18,13.66,1830246,1890053,-3.16,-
2026-07,sii,5871,中租-KY,其他,8463270,7975156,7922682,6.12,6.82,56757870,57203526,-0.78,-
2026-07,sii,5876,上海商銀,金融保險業,5216480,5306818,4361237,-1.70,19.61,32750505,32332837,1.29,-
2026-07,sii,5880,合庫金,金融保險業,7009749,6519116,5820145,7.53,20.44,41842064,35594225,17.55,-
2026-07,sii,5906,台南-KY,貿易百貨,132645,127656,132837,3.91,-0.14,959933,971404,-1.18,-
2026-07,sii,5907,大洋-KY,貿易百貨,202420,221391,174694,-8.57,15.87,1623711,1619231,0.28,-
2026-07,sii,6005,群益證,金融保險業,2046056,3645802,1635637,-43.88,25.09,21266887,10080769,110.96,主係自營操作獲利增加及成交量增加致經紀手續費收入增加
2026-07,sii,6024,群益期,金融保險業,410756,525526,226934,-21.84,81.00,1533673,1809181,-15.23,差異原因: 自營部門從事套利交易，其業內交易收入本月較上期增加。
2026-07,sii,6108,競國,電子零組件業,654851,437725,401275,49.60,63.19,3063756,2380516,28.70,伺服器用的記憶體模組板訂單量增加。
2026-07,sii,6112,邁達特,資訊服務業,2221632,2121814,1915917,4.70,15.96,14791892,12505612,18.28,-
2026-07,sii,6115,鎰勝,電子零組件業,745570,682255,666164,9.28,11.92,4756360,4253873,11.81,-
2026-07,sii,6116,彩晶,光電業,871970,1075129,900233,-18.90,-3.14,6957299,6801522,2.29,-
2026-07,sii,6117,迎廣,電腦及週邊設備業,275053,232718,302474,18.19,-9.07,1921670,1832142,4.89,-
2026-07,sii,6120,達運,光電業,1000780,1570379,1159847,-36.27,-13.71,9757024,10260301,-4.91,-
2026-07,sii,6128,上福,電腦及週邊設備業,438942,425123,437710,3.25,0.28,3057017,3142380,-2.72,-
2026-07,sii,6133,金橋,電子零組件業,135321,126132,125754,7.29,7.61,829029,772286,7.35,-
2026-07,sii,6136,富爾特,通信網路業,62782,65265,49415,-3.80,27.05,396836,341591,16.17,-
2026-07,sii,6139,亞翔,其他電子業,10928616,8485183,6734408,28.80,62.28,56885670,33787024,68.37,主要係工程進入施工高峰期，致本月營收較去年同期大幅增加。
2026-07,sii,6141,柏承,電子零組件業,254902,221166,142013,15.25,79.49,1345880,1087010,23.81,資料係自行結算數
2026-07,sii,6142,友勁,通信網路業,166423,184966,191916,-10.03,-13.28,1087621,1116003,-2.54,-
2026-07,sii,6152,百一,通信網路業,302252,185404,118028,63.02,156.08,1258515,864529,45.57,客戶需求增加
2026-07,sii,6153,嘉聯益,電子零組件業,565587,556716,468970,1.59,20.60,3296497,3179438,3.68,-
2026-07,sii,6155,鈞寶,電子零組件業,64573,74196,52636,-12.97,22.68,438298,364622,20.21,-
2026-07,sii,6164,華興,光電業,65687,69942,42092,-6.08,56.06,464178,464754,-0.12,主要因去年同期銷貨延後致營收較少
2026-07,sii,6165,浪凡,數位雲端,276543,331474,260100,-16.57,6.32,1996861,1842840,8.36,-
2026-07,sii,6166,凌華,電腦及週邊設備業,1426503,1508267,1032558,-5.42,38.15,9329792,6634383,40.63,-
2026-07,sii,6168,宏齊,光電業,205558,203955,182312,0.79,12.75,1284830,1191368,7.84,-
2026-07,sii,6176,瑞儀,光電業,3760675,3693582,4154498,1.82,-9.48,26885220,28748938,-6.48,-
2026-07,sii,6177,達麗,建材營造,1101399,2503589,193214,-56.01,470.04,9411539,1275591,637.82,本期營收較去年同期上升，主係本期「後壁田段三」完工過戶所致。
2026-07,sii,6183,關貿,資訊服務業,346726,249625,243287,38.90,42.52,1706074,1490411,14.47,-
2026-07,sii,6184,大豐電,其他,176222,184094,177095,-4.28,-0.49,1272857,1255392,1.39,-
2026-07,sii,6189,豐藝,電子通路業,2781576,2413661,2627342,15.24,5.87,17744346,17971270,-1.26,-
2026-07,sii,6191,精成科,電子零組件業,3919950,3446977,3294927,13.72,18.97,23212778,18117900,28.12,-
2026-07,sii,6192,巨路,其他電子業,916547,659176,596082,39.04,53.76,4766455,4236737,12.50,營收增加係因客戶擴充多個廠房，導致有新增加多筆工程案挹注。
2026-07,sii,6196,帆宣,其他電子業,7518568,7595991,3733987,-1.02,101.35,43026692,29191724,47.39,115年7月單月合併營收較去年同期增加，主要係銷貨收入及工程收入增加所致。
2026-07,sii,6197,佳必琪,電子零組件業,834706,894976,724021,-6.73,15.29,5371297,4352124,23.42,-
2026-07,sii,6201,亞弘電,其他電子業,327231,284301,351756,15.10,-6.97,1835031,2054587,-10.69,-
2026-07,sii,6202,盛群,半導體業,365463,351976,259614,3.83,40.77,2174167,1880591,15.61,-
2026-07,sii,6205,詮欣,電子零組件業,131228,138890,114940,-5.52,14.17,796998,856441,-6.94,-
2026-07,sii,6206,飛捷,電腦及週邊設備業,568481,609982,411379,-6.80,38.19,3960316,3133304,26.39,-
2026-07,sii,6209,今國光,光電業,524235,432643,271404,21.17,93.16,2938560,1791949,63.99,客戶需求增加。
2026-07,sii,6213,聯茂,電子零組件業,4749174,4213673,2412223,12.71,96.88,25422252,18869433,34.73,受惠於漲價效應和AI相關需求成長
2026-07,sii,6214,精誠,資訊服務業,4744529,6740236,3599355,-29.61,31.82,32112320,23575784,36.21,-
2026-07,sii,6215,和椿,其他電子業,378154,279001,275623,35.54,37.20,2053460,1365323,50.40,自動化零組件及設備需求增加
2026-07,sii,6216,居易,通信網路業,63389,47186,59228,34.34,7.03,348245,474098,-26.55,-
2026-07,sii,6224,聚鼎,電子零組件業,317937,246494,221108,28.98,43.79,1794238,1697876,5.68,-
2026-07,sii,6225,天瀚,光電業,2753,15211,1293,-81.90,112.92,29510,21552,36.92,本期營收增加，主要係本公司客戶端需求增加所致。
2026-07,sii,6226,光鼎,光電業,60059,55826,49428,7.58,21.51,386957,363758,6.38,-
2026-07,sii,6230,尼得科超眾,電腦及週邊設備業,788510,757527,791141,4.09,-0.33,5466603,5082516,7.56,-
2026-07,sii,6235,華孚,電腦及週邊設備業,550108,537633,539727,2.32,1.92,3766756,3681998,2.30,-
2026-07,sii,6239,力成,半導體業,8270133,7622977,6392589,8.49,29.37,52700132,39946551,31.93,-
2026-07,sii,6243,迅杰,半導體業,31860,25638,55211,24.27,-42.29,200236,406875,-50.79,本年累計營收較去年同期減少，主要係受記憶體價格波動影響，電競相關市場需求持續放緩所致。
2026-07,sii,6257,矽格,半導體業,2014186,1958518,1590738,2.84,26.62,13188659,11054277,19.31,-
2026-07,sii,6269,台郡,電子零組件業,2045178,1715580,1967149,19.21,3.97,12892244,12635423,2.03,-
2026-07,sii,6271,同欣電,半導體業,1130269,1079530,923244,4.70,22.42,7102470,6798702,4.47,-
2026-07,sii,6272,驊陞,電子零組件業,309717,281717,378670,9.94,-18.21,1876787,2347045,-20.04,-
2026-07,sii,6277,宏正,電腦及週邊設備業,476641,486729,364110,-2.07,30.91,3111958,2700494,15.24,-
2026-07,sii,6278,台表科,光電業,4667997,4376679,4161114,6.66,12.18,30453581,29162993,4.43,-
2026-07,sii,6281,全國電,電子通路業,1930675,1802153,1851046,7.13,4.30,11604238,11681657,-0.66,-
2026-07,sii,6282,康舒,電子零組件業,3263384,3423036,2290888,-4.66,42.45,21359334,16777688,27.31,-
2026-07,sii,6283,淳安,其他電子業,156347,121651,242029,28.52,-35.40,976247,1069112,-8.69,-
2026-07,sii,6285,啟碁,通信網路業,16912812,15869573,8910024,6.57,89.82,85507279,64767550,32.02,客戶需求增加
2026-07,sii,6405,悅城,光電業,0,6,60,-100,-100,248,507,-51.08,係本月出貨減少所致
2026-07,sii,6409,旭隼,其他電子業,2013975,1939784,1600815,3.82,25.81,11772975,12300528,-4.29,-
2026-07,sii,6412,群電,電子零組件業,2531200,3099991,2909244,-18.35,-12.99,18758561,20481347,-8.41,-
2026-07,sii,6414,樺漢,電腦及週邊設備業,16400623,17661254,10576419,-7.14,55.07,101693906,79735224,27.54,AI需求增加、客戶需求強勁
2026-07,sii,6415,矽力*-KY,半導體業,2356843,2084305,1486511,13.08,58.55,13217330,10155866,30.14,部份終端產品的需求增加，且本公司在產品佈局上更加完整，故營收較去年同期增幅較大。
2026-07,sii,6416,瑞祺電通,通信網路業,451310,667868,260118,-32.43,73.50,2842205,2430565,16.94,因應上半年部分區域訂單物料遞延，公司於階段性齊料後迅速優化生產排程並加速出貨，帶動7月單月營收成長。
2026-07,sii,6426,統新,通信網路業,78293,70734,51272,10.69,52.70,440340,264040,66.77,市場需求漸回溫
2026-07,sii,6431,光麗-KY,生技醫療業,35744,29914,17724,19.49,101.67,220582,216869,1.71,本期增加主係與零售通路合作所致。
2026-07,sii,6438,迅得,其他電子業,638075,592925,605495,7.61,5.38,4206528,3791924,10.93,-
2026-07,sii,6442,光聖,通信網路業,1229355,1069405,823662,14.96,49.25,7616552,5837159,30.48,-
2026-07,sii,6443,元晶,光電業,67526,79986,68671,-15.58,-1.67,741359,1179728,-37.16,-
2026-07,sii,6446,藥華藥,生技醫療業,2507284,2332801,1301897,7.48,92.59,14484093,8161664,77.46,本月及本年累計營收較去年成長，主要來自認列子公司PharmaEssentia USA Corp.之營收。
2026-07,sii,6449,鈺邦,電子零組件業,505817,463020,375297,9.24,34.78,3004141,2417932,24.24,-
2026-07,sii,6451,訊芯-KY,半導體業,777120,750026,723439,3.61,7.42,4345751,4488402,-3.18,-
2026-07,sii,6456,GIS-KY,光電業,4081086,3410725,5418015,19.65,-24.68,30660695,39643383,-22.66,-
2026-07,sii,6464,台數科,其他,344675,357590,376191,-3.61,-8.38,2489685,2551122,-2.41,-
2026-07,sii,6472,保瑞,生技醫療業,1901563,2297853,1797836,-17.25,5.77,11794176,11804347,-0.09,"停業單位營收累計為2,614千元"
2026-07,sii,6477,安集,光電業,63694,72924,87117,-12.66,-26.89,513221,451642,13.63,-
2026-07,sii,6491,晶碩,生技醫療業,745591,723965,634991,2.99,17.42,4745763,3855304,23.10,-
2026-07,sii,6504,南六,其他,518357,549322,514886,-5.64,0.67,3847953,3809008,1.02,-
2026-07,sii,6505,台塑化,油電燃氣業,74820787,63683339,56534425,17.49,32.35,419793153,375349195,11.84,-
2026-07,sii,6515,穎崴,半導體業,1600351,1460220,626187,9.60,155.57,8104001,4445783,82.29,受惠於全球AI及HPC客戶需求持續強勁，高階測試座Coaxial Socket及 MEMS 探針卡持續拉貨，本月營收變動達50%以上。
2026-07,sii,6525,捷敏-KY,半導體業,614164,562901,465294,9.11,31.99,3622585,3066729,18.13,-
2026-07,sii,6526,達發,半導體業,2288868,2209590,1949009,3.59,17.44,14032939,12693818,10.55,-
2026-07,sii,6531,愛普*,半導體業,1103906,811206,451364,36.08,144.57,5568560,2744740,102.88,因市場需求相對增加所致
2026-07,sii,6533,晶心科,半導體業,120282,372169,98395,-67.68,22.24,1012905,649162,56.03,本期累積收入較去年累積收入增加主要係因矽智財授權收入增加所致。
2026-07,sii,6534,正瀚-創,生技醫療業,62238,88896,50722,-29.99,22.70,1391167,1324854,5.01,-
2026-07,sii,6541,泰福-KY,生技醫療業,53787,97572,16881,-44.87,218.62,407057,113562,258.44,CDMO業務主要採完工比例認列，依投入工時計算。
2026-07,sii,6550,北極星藥業-KY,生技醫療業,-3571,3807,3198,-193.80,-211.66,40474,20087,101.49,主係因退還客戶簽約金，導致本期收入呈現負數。
2026-07,sii,6552,易華電,半導體業,89104,84412,115968,5.56,-23.17,666032,937339,-28.94,-
2026-07,sii,6558,興能高,其他電子業,63265,107853,106273,-41.34,-40.47,581332,659115,-11.80,-
2026-07,sii,6573,虹揚-KY,半導體業,76139,67271,71901,13.18,5.89,456215,524784,-13.07,-
2026-07,sii,6579,研揚,電腦及週邊設備業,913921,1089075,713119,-16.08,28.16,6141481,4773367,28.66,自115年5月起新增合併子公司AAEON Technology 株式&#20250;社。
2026-07,sii,6581,鋼聯,綠能環保,90260,195992,182441,-53.95,-50.53,1372366,1314125,4.43,今年7月銷貨數量較去年7月減少。
2026-07,sii,6582,申豐,橡膠工業,42498,44570,62323,-4.65,-31.81,303238,614771,-50.67,本年累計營業收入受市場狀況影響，營收減少。
2026-07,sii,6585,鼎基,其他,294717,324973,196137,-9.31,50.26,1951717,1652124,18.13,"本期(115年07月)較去年同期(114年07月)營業收入增加98,580仟元,成長50.26%,主係為客戶需求增加。"
2026-07,sii,6589,台康生技,生技醫療業,211799,113305,74585,86.93,183.97,832545,487118,70.91,本月及本年營收較去年同期增加主係自有產品之授權金逐步認列及CDMO業務成長所致。
2026-07,sii,6591,動力-KY,電腦及週邊設備業,80249,64754,135340,23.93,-40.71,624416,1060353,-41.11,-
2026-07,sii,6592,和潤企業,其他,1901386,1845007,1963196,3.06,-3.15,13465486,14046334,-4.14,-
2026-07,sii,6598,ABC-KY,生技醫療業,45954,88891,41519,-48.30,10.68,473651,276791,71.12,本年度累積營收增長，主係市場開發成果與客戶需求提升，致使出貨增加。
2026-07,sii,6605,帝寶,汽車工業,1728233,1599261,1390623,8.06,24.28,11370092,11369212,0.01,-
2026-07,sii,6606,建德工業,電機機械,90532,98477,64789,-8.07,39.73,575337,464974,23.74,-
2026-07,sii,6614,資拓宏宇,數位雲端,426845,382550,408656,11.58,4.45,2916266,2264768,28.77,-
2026-07,sii,6625,必應,其他,375941,260597,297121,44.26,26.53,2524675,2088383,20.89,-
2026-07,sii,6641,基士德-KY,綠能環保,168213,208098,150620,-19.17,11.68,1111732,990431,12.25,-
2026-07,sii,6645,金萬林-創,生技醫療業,63149,66053,48409,-4.40,30.45,341528,276303,23.61,-
2026-07,sii,6655,科定,其他,306978,270159,231285,13.63,32.73,1814495,1422683,27.54,-
2026-07,sii,6657,華安,生技醫療業,614,502,493,22.31,24.54,3857,3770,2.31,-
2026-07,sii,6658,聯策,其他電子業,198794,166586,87116,19.33,128.19,1522940,1292582,17.82,配合客戶訂單時程交貨，故本月營收較去年本月上升
2026-07,sii,6666,羅麗芬-KY,生技醫療業,94649,167760,84131,-43.58,12.50,762057,680449,11.99,-
2026-07,sii,6668,中揚光,光電業,107699,107572,91374,0.12,17.87,693124,604227,14.71,-
2026-07,sii,6669,緯穎,電腦及週邊設備業,117685530,111371123,84528726,5.67,39.23,672345856,475927510,41.27,-
2026-07,sii,6670,復盛應用,運動休閒,2365928,2426437,1891387,-2.49,25.09,18909030,16943213,11.60,-
2026-07,sii,6671,三能-KY,居家生活,150410,136126,149038,10.49,0.92,969825,1111259,-12.73,-
2026-07,sii,6672,騰輝電子-KY,電子零組件業,665315,573491,348652,16.01,90.82,3525029,2474075,42.48,航太與國防領域高毛利聚醯亞胺（PI）材料需求成長、漲價效應及高速訂單增加
2026-07,sii,6674,鋐寶科技,通信網路業,49214,17838,50358,175.89,-2.27,266278,364708,-26.99,-
2026-07,sii,6689,伊雲谷,數位雲端,1333176,1070868,937284,24.49,42.24,7455358,7346370,1.48,-
2026-07,sii,6691,洋基工程,其他電子業,4763774,4439630,1719406,7.30,177.06,22875137,11547306,98.10,本月營收較去年同期增加177.06%，主要係因本月正在投入進行的專案較去年同期增加所致。
2026-07,sii,6695,芯鼎,半導體業,101641,101320,91684,0.32,10.86,608786,661684,-7.99,-
2026-07,sii,6698,旭暉應材,其他電子業,69224,58171,111239,19.00,-37.77,396466,561570,-29.40,-
2026-07,sii,6706,惠特,光電業,66265,63441,35014,4.45,89.25,403723,705188,-42.75,公司轉型尚處客戶驗證及導入階段，尚未大量出貨，致本年累計營收低於去年同期；惟隨部分產品逐步出貨，本月營收已較去年同月成長
2026-07,sii,6715,嘉基,電子零組件業,154589,131471,125326,17.58,23.35,1079547,1051402,2.68,-
2026-07,sii,6719,力智,半導體業,304063,371601,359697,-18.17,-15.47,2404849,2565926,-6.28,-
2026-07,sii,6722,輝創,其他電子業,378669,370568,401888,2.19,-5.78,2791792,3003664,-7.05,-
2026-07,sii,6742,澤米,光電業,30742,34064,38884,-9.75,-20.94,211658,367354,-42.38,-
2026-07,sii,6743,安普新,其他電子業,791712,580783,526977,36.32,50.24,3229896,2946471,9.62,本期營收較高主係新產品量產出貨所致
2026-07,sii,6753,龍德造船,航運業,519142,514154,364919,0.97,42.26,3368267,2724980,23.61,-
2026-07,sii,6754,匯僑設計,居家生活,312441,270058,359655,15.69,-13.13,1706829,2060919,-17.18,-
2026-07,sii,6756,威鋒電子,半導體業,177234,182508,103838,-2.89,70.68,1125345,918644,22.50,本期出貨量增加。
2026-07,sii,6757,台灣虎航,航運業,1770079,1615943,1391274,9.54,27.23,12094943,9845235,22.85,-
2026-07,sii,6768,志強-KY,運動休閒,1451831,1483865,1361442,-2.16,6.64,12237877,12642496,-3.20,-
2026-07,sii,6770,力積電,半導體業,6668883,6473929,3910411,3.01,70.54,37531529,26304855,42.68,主係客戶需求上升，銷售量增加，銷售價格調漲。
2026-07,sii,6771,平和環保-創,綠能環保,52005,49226,53871,5.65,-3.46,329712,378467,-12.88,-
2026-07,sii,6776,展碁國際,電子通路業,3484758,3460970,3561496,0.69,-2.15,20863558,16471603,26.66,-
2026-07,sii,6781,AES-KY,電子零組件業,1723107,1685061,1343696,2.26,28.24,11061010,8754260,26.35,-
2026-07,sii,6782,視陽,生技醫療業,465679,450881,397335,3.28,17.20,2961473,2419963,22.38,-
2026-07,sii,6789,采鈺,半導體業,914690,853561,733903,7.16,24.63,5705221,5127388,11.27,無
2026-07,sii,6790,永豐實,造紙工業,841005,868171,913037,-3.13,-7.89,6197695,6336972,-2.20,-
2026-07,sii,6792,詠業,通信網路業,134601,125161,126166,7.54,6.69,851507,801043,6.30,-
2026-07,sii,6794,向榮生技,生技醫療業,2425,1276,2987,90.05,-18.81,13298,21502,-38.15,-
2026-07,sii,6796,晉弘,生技醫療業,86523,54597,48293,58.48,79.16,395417,336299,17.58,營收穩定成長。
2026-07,sii,6799,來頡,半導體業,88603,83988,76435,5.49,15.92,592499,568801,4.17,-
2026-07,sii,6805,富世達,電子零組件業,1360035,1206279,1161773,12.75,17.07,9283628,6033704,53.86,較去年同期客戶需求增加
2026-07,sii,6807,峰源-KY,居家生活,380974,314623,275588,21.09,38.24,2100887,2482411,-15.37,-
2026-07,sii,6830,汎銓,其他電子業,240751,206268,190849,16.72,26.15,1454632,1200378,21.18,-
2026-07,sii,6831,邁科,電腦及週邊設備業,553187,503369,421491,9.90,31.25,2454338,2029519,20.93,-
2026-07,sii,6834,天二科技,電子零組件業,242978,214376,129076,13.34,88.24,1246473,863934,44.28,主係市場終端需求增加
2026-07,sii,6835,圓裕,電子零組件業,213810,195116,234400,9.58,-8.78,1387938,1482504,-6.38,-
2026-07,sii,6838,台新藥,生技醫療業,0,678,0,-100,,48448,5358,804.22,本月未認列收入
2026-07,sii,6854,錼創科技-KY創,半導體業,56856,48817,106747,16.47,-46.74,343779,611082,-43.74,-
2026-07,sii,6861,睿生光電,生技醫療業,290806,229132,178014,26.92,63.36,1838874,1265598,45.30,客戶需求增加及產品組合變化
2026-07,sii,6862,三集瑞-KY,電子零組件業,192079,168424,150229,14.04,27.86,1103724,1409639,-21.70,-
2026-07,sii,6863,永道-KY,通信網路業,566039,574299,261863,-1.44,116.16,3248405,2329861,39.42,本月較去年同期成長116.16%，係去年同期收入受對等關稅影響。
2026-07,sii,6869,雲豹能源,綠能環保,580791,751982,744440,-22.77,-21.98,4078732,4329691,-5.80,-
2026-07,sii,6873,泓德能源,綠能環保,267181,904145,292474,-70.45,-8.65,3425954,3648171,-6.09,-
2026-07,sii,6885,全福生技,生技醫療業,839,2378,402,-64.72,108.71,7628,2078,267.08,諮詢服務收入、含子公司營業收入
2026-07,sii,6887,寶綠特-KY,綠能環保,297141,809075,219218,-63.27,35.55,2665847,2667071,-0.05,-
2026-07,sii,6890,來億-KY,運動休閒,3086835,3000506,2856623,2.88,8.06,20987894,23859203,-12.03,-
2026-07,sii,6901,鑽石投資,其他,-926908,2206633,-93569,-142.01,-890.61,2202406,-1061198,307.54,營業收入為股利收入及投資標的之評價損益(含已實現及未實現)，投資標的股數及公允價值變動情形，請參考本公司網站投資人專區。
2026-07,sii,6902,GOGOLOOK,數位雲端,109746,110192,83884,-0.40,30.83,722570,564513,28.00,-
2026-07,sii,6906,現觀科,數位雲端,23473,24967,20459,-5.98,14.73,173395,168757,2.75,-
2026-07,sii,6908,宏碁遊戲-創,電子通路業,410451,349625,402432,17.40,1.99,2760542,2871648,-3.87,-
2026-07,sii,6909,創控,半導體業,30496,24057,34978,26.77,-12.81,233765,251627,-7.10,-
2026-07,sii,6914,阜爾運通,其他,507344,517207,461416,-1.91,9.95,3442272,3159895,8.94,-
2026-07,sii,6916,華凌,光電業,253725,216657,172349,17.11,47.22,1394933,1188441,17.38,-
2026-07,sii,6918,愛派司,生技醫療業,86029,79196,71605,8.63,20.14,548354,481888,13.79,-
2026-07,sii,6919,康霈*,生技醫療業,0,0,7838,,-100,3568,20050,-82.20,本公司新藥仍在研發階段，目前營收來源為健康食品銷售，僅於出貨予代理商之月份認列營收，因並非每月固定出貨致使營收變動。
2026-07,sii,6921,嘉雨思-創,半導體業,11028,5525,8207,99.60,34.37,56064,123563,-54.63,受記憶體漲價影響，客戶調降消費性電子商品生產量，使公司營收隨之下滑。
2026-07,sii,6923,中台,綠能環保,109179,131717,95063,-17.11,14.85,780716,667536,16.95,-
2026-07,sii,6924,榮惠-KY創,電子零組件業,185160,167022,147144,10.86,25.84,1172152,1014526,15.54,-
2026-07,sii,6928,攸泰科技,電腦及週邊設備業,182096,142580,153974,27.71,18.26,1123802,1301124,-13.63,-
2026-07,sii,6931,青松健康,生技醫療業,112392,110416,90292,1.79,24.48,742766,630727,17.76,-
2026-07,sii,6933,AMAX-KY,電腦及週邊設備業,1439432,1416415,484083,1.63,197.35,5926485,4338903,36.59,本期營收受惠於核心產品市場需求持續成長，相關業務穩健推進，帶動整體營運規模擴大，並逐步展現AI基礎設施市場布局成效。
2026-07,sii,6934,心誠鎂,生技醫療業,48,11599,3083,-99.59,-98.44,19861,13938,42.50,差異主係本公司出貨或者勞務收入係按照客戶需求，並非固定每月發生，營收波動大係本行業常見之情事，故兩期相比有較大差異。
2026-07,sii,6936,永鴻生技,生技醫療業,145565,117271,128720,24.13,13.09,889646,796988,11.63,-
2026-07,sii,6937,天虹,半導體業,207467,374408,128373,-44.59,61.61,1508331,1101873,36.89,銷售產品組合差異所致
2026-07,sii,6944,兆聯實業,綠能環保,1799012,1891586,1391236,-4.89,29.31,11586335,8162782,41.94,-
2026-07,sii,6947,台鎔科技,綠能環保,180365,168141,123163,7.27,46.44,1033279,620713,66.47,因子公司營收增長所致。
2026-07,sii,6949,沛爾生醫-創,生技醫療業,2520,3275,3256,-23.05,-22.60,17838,20898,-14.64,-
2026-07,sii,6951,青新-創,綠能環保,83163,76378,67411,8.88,23.37,524679,428104,22.56,-
2026-07,sii,6952,大武山,其他,202940,186727,172891,8.68,17.38,1343270,1023246,31.28,-
2026-07,sii,6955,邦睿生技-創,生技醫療業,26370,33394,21735,-21.03,21.33,203085,172551,17.70,-
2026-07,sii,6957,裕慶-KY,其他,221321,422045,421959,-47.56,-47.55,2332403,2019633,15.49,-
2026-07,sii,6958,日盛台駿,其他,841128,821713,911090,2.36,-7.68,5936529,6574303,-9.70,-
2026-07,sii,6962,奕力-KY,半導體業,1930875,1511201,1558273,27.77,23.91,10651487,10805848,-1.43,-
2026-07,sii,6965,中傑-KY,運動休閒,1869153,1798924,1809518,3.90,3.30,12317511,13140905,-6.27,-
2026-07,sii,6969,成信實業*-創,綠能環保,22733,22473,24317,1.16,-6.51,168046,175547,-4.27,-
2026-07,sii,6988,威力暘-創,汽車工業,54107,64640,65466,-16.29,-17.35,413964,478153,-13.42,-
2026-07,sii,6994,富威電力,綠能環保,208877,178121,127852,17.27,63.37,1629288,982929,65.76,依進度認列工程收入及訂單增加所致
2026-07,sii,7610,聯友金屬-創,綠能環保,970895,752329,118115,29.05,721.99,3900233,639690,509.71,7月單月及累積合併營收較去年同期分別增加722%及510%，主要在於鎢製品出貨量及出貨價格較去年同期增加所致。
2026-07,sii,7631,聚賢研發-創,其他電子業,166857,177975,73134,-6.25,128.15,1066606,493356,116.19,本月營收較去年同期成長，主要受惠於新加坡訂單挹注。
2026-07,sii,7689,大鵬科CLMX,通信網路業,520159,529629,431884,-1.79,20.44,3476505,2529838,37.42,-
2026-07,sii,7705,三商餐飲,觀光餐旅,554451,568785,581539,-2.52,-4.66,3821982,3727014,2.55,-
2026-07,sii,7711,永擎,電腦及週邊設備業,5143796,2550764,1332030,101.66,286.16,20855390,12207526,70.84,客戶需求強勁
2026-07,sii,7721,微程式,數位雲端,62569,59477,37432,5.20,67.15,390945,285451,36.96,本月增加為智慧設備產品銷售增加
2026-07,sii,7722,LINEPAY,數位雲端,724749,725583,640351,-0.11,13.18,4951954,4318986,14.66,-
2026-07,sii,7730,暉盛-創,半導體業,34916,42981,24241,-18.76,44.04,225941,279897,-19.28,-
2026-07,sii,7732,金興精密,汽車工業,56615,80510,66265,-29.68,-14.56,589753,717223,-17.77,-
2026-07,sii,7736,虎山,汽車工業,96399,121356,139683,-20.57,-30.99,818555,988722,-17.21,-
2026-07,sii,7740,熙特爾-創,綠能環保,924253,1138675,56745,-18.83,1528.78,8198336,508967,1510.78,本月及本年營收較去年同期營收增加，主要係因依專案進度認列收入所致。
2026-07,sii,7749,意騰-KY,半導體業,208120,162060,145880,28.42,42.67,1293148,807013,60.24,市場需求增加
2026-07,sii,7750,新代,電機機械,2869712,2649995,948207,8.29,202.65,15994373,8184697,95.42,開發客戶及穩固市場關係策略，成果持續發酵。
2026-07,sii,7760,享溫馨,觀光餐旅,84782,88937,98720,-4.67,-14.12,742313,790007,-6.04,-
2026-07,sii,7765,中華資安,數位雲端,210487,188492,192453,11.67,9.37,1392250,1171489,18.84,-
2026-07,sii,7768,頌勝科技,半導體業,181782,193445,177012,-6.03,2.69,1311353,1195808,9.66,-
2026-07,sii,7769,鴻勁,半導體業,5245898,5301564,2612117,-1.05,100.83,29764864,15409347,93.16,主要係因市場需求較去年同期成長所致。
2026-07,sii,7780,大研生醫*,食品工業,197244,241821,149342,-18.43,32.08,1277429,938995,36.04,-
2026-07,sii,7786,東方風能,綠能環保,1502904,1526239,1225226,-1.53,22.66,7569717,5585622,35.52,-
2026-07,sii,7788,松川精密,電子零組件業,986396,828269,494731,19.09,99.38,5103219,3728310,36.88,去年同期基期較低、主要客戶訂單增加，致營收成長。
2026-07,sii,7791,皇家可口,食品工業,265715,245172,274604,8.38,-3.24,1425846,1542884,-7.59,-
2026-07,sii,7795,長廣,電子零組件業,183826,175816,114173,4.56,61.01,1074024,979059,9.70,115年7月份認列營收之設備機台數量與金額較114年同期增加所致。
2026-07,sii,7799,禾榮科,生技醫療業,0,0,1120,,-100,3389,3128,8.34,使用硼中子捕獲治療(BNCT)之恩慈治療照射費及藥品收入
2026-07,sii,7803,雲象科技-創,生技醫療業,1359,3181,2264,-57.28,-39.97,33393,51426,-35.07,-
2026-07,sii,7818,溢泰實業,綠能環保,1099845,991808,970068,10.89,13.38,6888472,7577547,-9.09,-
2026-07,sii,7821,神數,汽車工業,1051004,800710,724355,31.26,45.10,5846027,4654044,25.61,-
2026-07,sii,7822,倍利科,半導體業,273081,253364,167126,7.78,63.40,1692369,908600,86.26,本月認列設備營收較前期多
2026-07,sii,7823,奧義賽博-KY創,數位雲端,30332,30206,29416,0.42,3.11,208800,193466,7.93,-
2026-07,sii,7827,漢康-KY創,生技醫療業,18120,0,0,,,27662,0,,臨床藥品銷貨收入
2026-07,sii,7835,永悅健康-創,數位雲端,26539,53693,18826,-50.57,40.97,234015,224900,4.05,-
2026-07,sii,7855,和運租車,其他,2702766,2340586,2525548,15.47,7.02,18101521,17095386,5.89,-
2026-07,sii,8011,台通,通信網路業,127460,147233,185613,-13.43,-31.33,962298,1211476,-20.57,-
2026-07,sii,8016,矽創,半導體業,2035657,1997178,1513704,1.93,34.48,13616263,10494352,29.75,-
2026-07,sii,8021,尖點,其他電子業,730488,680600,360631,7.33,102.56,3896083,2260782,72.33,本月增減百分比或本年增減百分比達50%以上：主要係市場需求增加所致。
2026-07,sii,8028,昇陽半導體,半導體業,514661,482832,376959,6.59,36.53,3244972,2503384,29.62,-
2026-07,sii,8033,雷虎,其他,118213,225784,130593,-47.64,-9.48,945849,880499,7.42,-
2026-07,sii,8039,台虹,電子零組件業,847235,835178,901908,1.44,-6.06,5958828,5891205,1.15,自結數尚未經會計師簽證，特此說明。
2026-07,sii,8045,達運光電,通信網路業,138605,118547,139157,16.92,-0.40,1059563,785077,34.96,產品品項增換
2026-07,sii,8046,南電,電子零組件業,5439751,4684331,3620679,16.13,50.24,30192467,21661630,39.38,因受市場需求成長影響
2026-07,sii,8070,長華*,電子通路業,2232043,2107061,1670299,5.93,33.63,13783652,10921233,26.21,-
2026-07,sii,8072,陞泰,電子通路業,110590,132045,110701,-16.25,-0.10,853399,695275,22.74,-
2026-07,sii,8081,致新,半導體業,838544,743410,762218,12.80,10.01,5187490,5168244,0.37,-
2026-07,sii,8101,華冠,通信網路業,46216,42390,33940,9.03,36.17,233258,219124,6.45,-
2026-07,sii,8103,瀚荃,電子零組件業,395463,375618,294463,5.28,34.30,2403017,1883523,27.58,係本公司自結合併營收
2026-07,sii,8104,錸寶,光電業,315340,232910,517956,35.39,-39.12,1581207,2581480,-38.75,-
2026-07,sii,8105,凌巨,光電業,709302,680486,634016,4.23,11.87,4936478,4912641,0.49,-
2026-07,sii,8110,華東,半導體業,687852,660016,580419,4.22,18.51,4600966,4033697,14.06,-
2026-07,sii,8112,至上,電子通路業,76873576,61628573,17733894,24.74,333.48,337648935,120409173,180.42,營收大幅成長，主要係記憶體等零組件價格持續上漲，伺服器及手機客戶拉貨動能強勁所致。
2026-07,sii,8114,振樺電,電腦及週邊設備業,1967455,1990722,1391728,-1.17,41.37,10689246,13144392,-18.68,-
2026-07,sii,8131,福懋科,半導體業,1087504,1106275,844165,-1.70,28.83,7189372,5176013,38.90,-
2026-07,sii,8150,南茂,半導體業,2823014,2538350,1965948,11.21,43.60,17141738,13234118,29.53,-
2026-07,sii,8162,微矽電子-創,半導體業,126131,114662,121553,10.00,3.77,743004,759180,-2.13,-
2026-07,sii,8163,達方,電腦及週邊設備業,2529227,2344702,2177145,7.87,16.17,16071086,14563255,10.35,-
2026-07,sii,8201,無敵,其他電子業,34200,34909,42320,-2.03,-19.19,270195,273818,-1.32,-
2026-07,sii,8210,勤誠,電腦及週邊設備業,2462300,3237664,1739961,-23.95,41.51,17390632,11336702,53.40,終端客戶所需產品大量出貨
2026-07,sii,8213,志超,電子零組件業,2189059,1768857,1581769,23.76,38.39,12338173,10755074,14.72,-
2026-07,sii,8215,明基材,光電業,1663844,1639054,1493790,1.51,11.38,11155667,10493721,6.31,-
2026-07,sii,8222,寶一,電機機械,91446,68432,62285,33.63,46.82,573453,569232,0.74,-
2026-07,sii,8249,菱光,電子零組件業,345531,343979,237948,0.45,45.21,2331215,2194323,6.24,-
2026-07,sii,8261,富鼎,半導體業,292761,296036,265518,-1.11,10.26,1951080,1799625,8.42,-
2026-07,sii,8271,宇瞻,半導體業,2791191,2913567,1053315,-4.20,164.99,19509525,5814881,235.51,本月營收較去年同期增加係因市場價格大幅上漲所致
2026-07,sii,8341,日友,綠能環保,373255,357041,317538,4.54,17.55,2585408,2197340,17.66,-
2026-07,sii,8367,建新國際,航運業,316908,289737,279654,9.38,13.32,1935330,1852494,4.47,無
2026-07,sii,8374,羅昇,電機機械,516799,500787,369756,3.20,39.77,3524296,2541731,38.66,-
2026-07,sii,8404,百和興業-KY,其他,718355,603079,602874,19.11,19.16,4523280,4315163,4.82,-
2026-07,sii,8411,福貞-KY,其他,981754,910618,765985,7.81,28.17,6170239,5115197,20.63,-
2026-07,sii,8422,可寧衛*,綠能環保,572858,608458,358329,-5.85,59.87,3957562,3087759,28.17,營收增加係南區焚化爐BOT案依IFRIC12會計處理，每月按工程進度認列成本，同步依成本金額認列工程收入，未產生毛利。
2026-07,sii,8429,金麗-KY,貿易百貨,12759,12465,10504,2.36,21.47,78185,83597,-6.47,主係因中國市場消費動能放緩，致使代理商提貨策略轉趨保守，本期累計營業收入較去年同期有所減少。
2026-07,sii,8438,昶昕,綠能環保,474642,443280,320800,7.07,47.96,2966468,2118607,40.02,-
2026-07,sii,8442,威宏-KY,其他,855073,865806,756723,-1.24,13.00,5184089,4718194,9.87,-
2026-07,sii,8443,阿瘦,貿易百貨,74291,66436,79873,11.82,-6.99,594439,645528,-7.91,-
2026-07,sii,8454,富邦媒,數位雲端,8554761,9824825,8129800,-12.93,5.23,62240977,60565826,2.77,-
2026-07,sii,8462,柏文,運動休閒,625939,601695,529215,4.03,18.28,4027655,3358429,19.93,-
2026-07,sii,8463,潤泰材,其他,573267,511112,623798,12.16,-8.10,3990751,4153925,-3.93,-
2026-07,sii,8464,億豐,居家生活,3004077,2718045,2580107,10.52,16.43,18236988,17559973,3.86,-
2026-07,sii,8466,美吉吉-KY,其他,235598,224574,300572,4.91,-21.62,1527844,2019873,-24.36,-
2026-07,sii,8467,波力-KY,運動休閒,293859,145737,231530,101.64,26.92,1420145,1532887,-7.35,-
2026-07,sii,8473,山林水,綠能環保,441261,403766,310361,9.29,42.18,2811837,2433047,15.57,-
2026-07,sii,8476,台境*,綠能環保,3007,172137,75906,-98.25,-96.04,667082,715169,-6.72,去年同期工案進入密集施工期，故認列較高之工程收入。
2026-07,sii,8478,東哥遊艇,運動休閒,382395,687229,281712,-44.36,35.74,2960472,2896820,2.20,主係認列遊艇銷貨收入增減所致
2026-07,sii,8481,政伸,其他,112653,105999,98727,6.28,14.11,698376,680281,2.66,-
2026-07,sii,8482,商億-KY,居家生活,301311,292848,304967,2.89,-1.20,2082859,1953133,6.64,-
2026-07,sii,8487,愛爾達-創,數位雲端,272891,291915,88748,-6.52,207.49,1129135,626199,80.32,月營收年增率207.49%、年營收年增率80.32%，主係本月轉播FIFA世界盃足球賽所致。
2026-07,sii,8488,吉源-KY,其他,316874,369934,228458,-14.34,38.70,2418016,1568079,54.20,主要係今年度訂單增加
2026-07,sii,8499,鼎炫-KY,其他電子業,376778,354454,159720,6.30,135.90,2305996,1191384,93.56,較去年同期增加比率大於50%係因於2025年8、9月分別收購常州威斯雙聯科技有限公司及蘇州德佑新材料科技有限公司所致
2026-07,sii,8926,台汽電,油電燃氣業,6147340,6722181,394298,-8.55,1459.06,40635585,4638633,776.03,本月及累計合併營業收入較去年同期增加，主要係自115年起因將森霸、星 電、星元納入為子公司，故併入合併營收計算。
2026-07,sii,8940,新天地,觀光餐旅,77744,97198,72935,-20.01,6.59,1003638,977285,2.70,-
2026-07,sii,8996,高力,電機機械,922666,724767,585322,27.31,57.63,6650869,3087197,115.43,說明:本年累計營收較去年同期增加115.43%，主要係板式熱交換器及熱能產品年度營收分別較去年同期增加17.30%及161.72%所致
2026-07,sii,9105,泰金寶-DR,存託憑證,13956638,12300596,8310085,13.46,67.95,76917742,71943715,6.91,本月較去年同期增加50.1%，主要係因新廠區量產、儲存產品需求增加以及記憶體等原材料價格上漲所致。
2026-07,sii,912000,晨訊科-DR,存託憑證,72381,171929,88547,-57.90,-18.26,840831,928043,-9.40,-
2026-07,sii,9802,鈺齊-KY,運動休閒,2144170,2024229,1638459,5.93,30.87,11077281,10538420,5.11,-
2026-07,sii,9902,台火,其他,2188,8339,2395,-73.76,-8.64,44961,115433,-61.05,本月累計營收較去年同期減少，主要係投標車輛營收較去年同期減少所致。
2026-07,sii,9904,寶成,運動休閒,19563446,18951543,19689998,3.23,-0.64,145653015,149496312,-2.57,-
2026-07,sii,9905,大華,其他,1114568,1066495,766747,4.51,45.36,6174026,4898854,26.03,-
2026-07,sii,9906,欣巴巴,建材營造,54944,46183,37922,18.97,44.89,1191561,265602,348.63,本月營收與去年同期之差異，主係本月新個案及成屋仍持續入帳。
2026-07,sii,9907,統一實,其他,3747356,3715210,3813378,0.87,-1.73,24921993,28050304,-11.15,-
2026-07,sii,9908,大台北,油電燃氣業,263638,277613,254525,-5.03,3.58,2054053,2044361,0.47,-
2026-07,sii,9910,豐泰,運動休閒,7394317,6839306,7320985,8.12,1.00,47008940,48443562,-2.96,合併營業收入為本公司自結數.
2026-07,sii,9911,櫻花,居家生活,910863,876052,830535,3.97,9.67,6407458,6001464,6.76,-
2026-07,sii,9912,偉聯,電腦及週邊設備業,37718,48974,36157,-22.98,4.32,273674,278402,-1.70,-
2026-07,sii,9914,美利達,運動休閒,2456589,2385852,2483312,2.96,-1.08,14811138,17067081,-13.22,-
2026-07,sii,9917,中保科,其他,1617699,1673980,1541578,-3.36,4.94,11158518,10929772,2.09,-
2026-07,sii,9918,欣天然,油電燃氣業,137888,145053,130687,-4.94,5.51,1307283,1335344,-2.10,-
2026-07,sii,9919,康那香,其他,223463,211729,256118,5.54,-12.75,1540227,1571512,-1.99,-
2026-07,sii,9921,巨大,運動休閒,5758164,5759149,5107073,-0.02,12.75,34945591,37720044,-7.36,-
2026-07,sii,9924,福興,居家生活,758783,636307,757525,19.25,0.17,4101837,4453735,-7.90,-
2026-07,sii,9925,新保,其他,687064,704175,673543,-2.43,2.01,4869288,4662335,4.44,-
2026-07,sii,9926,新海,油電燃氣業,182030,201157,183736,-9.51,-0.93,1502878,1517829,-0.99,-
2026-07,sii,9927,泰銘,其他,997907,912350,614092,9.38,62.50,5746349,4677948,22.84,本月營收成長主要受銷售量較去年同期增加51.23%，以及新台幣參考匯率貶值6.48%，推升整體營收表現。
2026-07,sii,9928,中視,其他,72219,78333,69009,-7.81,4.65,501471,468280,7.09,-
2026-07,sii,9929,秋雨,其他,67778,52124,55216,30.03,22.75,404506,371039,9.02,-
2026-07,sii,9930,中聯資源,綠能環保,1197342,1059171,1069648,13.05,11.94,7866380,8213616,-4.23,-
2026-07,sii,9931,欣高,油電燃氣業,155550,156360,136129,-0.52,14.27,1012439,934321,8.36,-
2026-07,sii,9933,中鼎,其他,6501128,7296591,6548038,-10.90,-0.72,44221121,52996476,-16.56,-
2026-07,sii,9934,成霖,居家生活,1483960,1713457,1377196,-13.39,7.75,10992494,10100989,8.83,-
2026-07,sii,9935,慶豐富,居家生活,474552,494043,433400,-3.95,9.50,3032099,2802325,8.20,-
2026-07,sii,9937,全國,油電燃氣業,2063843,2063374,1839832,0.02,12.18,13803799,13228913,4.35,-
2026-07,sii,9938,百和,其他,1477652,1256298,1273916,17.62,15.99,9320016,9113615,2.26,-
2026-07,sii,9939,宏全,其他,2797806,2957178,2826162,-5.39,-1.00,18281693,17797036,2.72,-
2026-07,sii,9940,信義,其他,869527,1083839,722708,-19.77,20.32,6805408,5228292,30.17,-
2026-07,sii,9941,裕融,其他,3438274,3303701,3362247,4.07,2.26,22967883,23375605,-1.74,-
2026-07,sii,9942,茂順,其他,392871,418944,353916,-6.22,11.01,2682457,2339575,14.66,-
2026-07,sii,9943,好樂迪,觀光餐旅,193656,187051,190422,3.53,1.70,1367157,1441923,-5.19,-
2026-07,sii,9944,新麗,其他,194329,228314,168295,-14.89,15.47,1586910,1438395,10.33,-
2026-07,sii,9945,潤泰新,其他,3321019,4541485,3255679,-26.87,2.01,25829074,19283877,33.94,-
2026-07,sii,9946,三發地產,建材營造,44893,3050,3505,1371.90,1180.83,2690103,66013,3975.11,本月及累月營收較去年同期增加，係因本月預售建案完工交屋入帳所致。
2026-07,sii,9955,佳龍,綠能環保,110805,139228,117399,-20.41,-5.62,958606,812351,18.00,-
2026-07,sii,9958,世紀鋼,鋼鐵工業,1931466,2138665,1010373,-9.69,91.16,12112718,8891708,36.22,本月增加百分比50%以上，主要係風力事業案依進度如期交貨及相關工程收入挹注所致。
